DATE,GOLD_PRICE,GOLD_OPEN,GOLD_HIGH,GOLD_LOW,GOLD_CHANGE_%,SILVER_PRICE,SILVER_OPEN,SILVER_HIGH,SILVER_LOW,SILVER_CHANGE_%,GPRD,GPRD_ACT,GPRD_THREAT,EVENT
9/10/2025,3630.9,3633.61,3634.42,3620.9,-0.07,40.92,40.89,40.94,40.72,0.09,,,,
9/9/2025,3633.61,3637.1,3674.75,3625.33,-0.06,40.89,41.34,41.5,40.77,-1.13,,,,
9/8/2025,3635.84,3586.82,3646.6,3579.67,1.24,41.36,41.01,41.68,40.51,1.2,117.26,97.42,146.26,
9/7/2025,3591.19,3592.07,3596.56,3586.95,0.12,40.86,41,41.01,40.76,-0.34,83.51,111,92.59,
9/5/2025,3586.81,3547,3600.33,3540.05,1.15,41.01,40.69,41.44,40.55,0.76,166.42,110.61,224.05,
9/4/2025,3546.17,3560.57,3564.45,3511.19,-0.37,40.7,41.18,41.24,40.39,-1.26,126.8,79,171.33,
9/3/2025,3559.43,3535.69,3578.8,3526.26,0.73,41.22,40.87,41.49,40.62,0.73,209.95,232.56,193.98,
9/2/2025,3533.73,3478.36,3540.64,3470.2,1.65,40.92,40.75,40.98,40.13,0.53,71.82,89.5,44.79,
9/1/2025,3476.47,3448,3490.06,3436.8,0.83,40.7,39.71,40.79,39.52,2.53,147.77,122.76,184.32,
8/29/2025,3448,3418.2,3454.08,3404.29,0.9,39.7,39.04,40.01,38.71,1.53,183.15,158.77,211.88,
8/28/2025,3417.2,3394.18,3423.36,3384.46,0.58,39.1,38.58,39.15,38.54,1.18,204.2,150.79,251.55,
8/27/2025,3397.42,3392.88,3398.94,3373.76,0.13,38.64,38.58,38.72,38.08,0.06,210.07,193.31,214.99,
8/26/2025,3392.88,3366.78,3394.33,3351.26,0.77,38.62,38.58,38.89,38.33,0.1,115.76,88.77,118.47,
8/25/2025,3366.79,3371.23,3376.47,3359.69,-0.16,38.58,38.93,39.03,38.52,-0.7,153.44,161.97,150.11,
8/22/2025,3372.11,3338.76,3379.01,3321.49,1,38.85,38.15,39.1,37.69,1.72,97.91,48.8,122.12,
8/21/2025,3338.81,3347.38,3353.25,3325.27,-0.25,38.19,37.87,38.26,37.53,0.74,133.44,125.21,130.55,
8/20/2025,3347.11,3315.46,3350.5,3311.46,0.95,37.91,37.35,37.97,36.96,1.37,172.28,124.91,195.35,
8/19/2025,3315.46,3332.38,3345.46,3314.88,-0.45,37.4,38.04,38.18,37.27,-1.68,176.46,223.89,133.39,
8/18/2025,3330.55,3338,3358.5,3323.52,-0.15,38.04,38.04,38.29,37.82,0.05,241.25,296.01,216.04,
8/15/2025,3335.39,3336.5,3349.02,3332.16,-0.03,38.02,38.01,38.14,37.68,0,166.42,126.41,184.51,
8/14/2025,3336.5,3354.73,3374.97,3329.85,-0.54,38.02,38.5,38.76,37.83,-1.31,124.12,123.74,129.02,
8/13/2025,3354.73,3346.2,3370.9,3342.65,0.25,38.52,37.92,38.66,37.84,1.6,116.23,99.32,165.68,
8/12/2025,3346.2,3342.64,3359.27,3331.03,0.04,37.92,37.62,38.04,37.49,0.81,192.88,133.77,306.83,
8/11/2025,3344.83,3398.5,3405.1,3340.82,-1.59,37.61,38.38,38.4,37.54,-1.93,187.5,284.84,148.49,
8/8/2025,3398.78,3397.28,3408.83,3379.61,0.04,38.35,38.29,38.52,37.97,0.04,163.85,127.83,189.56,
8/7/2025,3397.31,3366.11,3402.71,3364.77,0.84,38.34,37.84,38.53,37.82,1.21,136.82,143.58,107.78,
8/6/2025,3369.04,3379.69,3385.47,3358.26,-0.36,37.88,37.82,37.97,37.61,0.04,138.02,130.36,157.06,
8/5/2025,3381.27,3373.38,3390.62,3349.89,0.23,37.86,37.43,37.93,37.31,1.18,153.36,107.02,204.04,
8/4/2025,3373.37,3365.1,3385.56,3345,0.31,37.42,37.05,37.5,36.67,1.01,125.59,125.21,130.55,
8/1/2025,3362.88,3290.83,3363.55,3281.55,2.21,37.05,36.74,37.23,36.35,0.76,178.69,109.62,240.02,
7/31/2025,3290.32,3275.91,3314.98,3273.77,0.46,36.77,37.13,37.3,36.21,-1.04,166.96,146.48,177.71,
7/30/2025,3275.25,3324.01,3334.21,3268.15,-1.55,37.15,38.19,38.27,36.78,-2.79,212.53,263.02,268.14,
7/29/2025,3326.84,3316.54,3334.21,3307.95,0.37,38.22,38.15,38.33,37.9,0.07,138.94,87.48,182.42,
7/28/2025,3314.64,3335,3345.56,3301.66,-0.68,38.19,38.08,38.36,37.9,0.05,156.25,186.93,142.92,
7/25/2025,3337.18,3369.29,3373.73,3325.05,-0.92,38.17,39.03,39.22,37.95,-2.39,113.31,93.02,144.1,
7/24/2025,3368.15,3387.79,3393.47,3351.4,-0.58,39.11,39.29,39.37,38.69,-0.51,209.66,125.41,278.94,
7/23/2025,3387.78,3431.26,3439.09,3381.45,-1.27,39.31,39.26,39.55,39.04,0,155.72,141.13,153.03,
7/22/2025,3431.5,3395.81,3433.56,3383.29,1.05,39.31,38.88,39.35,38.71,0.94,118.56,83.43,162.37,
7/21/2025,3395.8,3348.62,3401.85,3344.48,1.36,38.94,38.15,39.1,38.09,1.95,144.62,96.12,171.8,
7/18/2025,3350.4,3338.76,3361.41,3331.75,0.34,38.2,38.15,38.47,38.04,0.14,140.04,107.39,179.15,
7/17/2025,3338.95,3346.59,3352.5,3309.9,-0.23,38.14,37.94,38.19,37.53,0.46,155.55,160.81,162.88,
7/16/2025,3346.58,3322.63,3377.5,3319.69,0.72,37.97,37.69,38.11,37.49,0.6,177.9,134.54,244.84,
7/15/2025,3322.63,3343.8,3366.58,3320.27,-0.63,37.74,38.18,38.42,37.58,-1.1,166.55,147.59,184.66,
7/14/2025,3343.8,3355.91,3374.94,3341.1,-0.36,38.16,38.42,39.18,38.07,-0.56,107.82,71.66,129.51,
7/11/2025,3355.91,3325.63,3368.89,3321.37,0.99,38.38,37,38.56,36.9,3.56,135.44,180.03,140.78,
7/10/2025,3323.07,3313.7,3330.47,3310.23,0.28,37.06,36.36,37.15,36.28,1.91,145.8,104.65,193.98,
7/9/2025,3313.72,3298.73,3317.05,3282.8,0.39,36.36,36.79,36.82,36.27,-1.21,137.28,59.5,188.6,
7/8/2025,3300.7,3335.99,3345.94,3287.17,-1.05,36.81,36.75,36.92,36.29,0.11,151.72,138.65,168.21,
7/7/2025,3335.61,3335.95,3343.29,3296.41,-0.03,36.76,36.95,37.23,36.15,-0.46,115.55,76.8,138.79,
7/4/2025,3336.64,3326.44,3345.15,3323.59,0.3,36.94,36.84,37.01,36.62,0.24,157.09,149.8,147.66,
7/3/2025,3326.57,3357.36,3365.81,3311.7,-0.92,36.85,36.55,37.12,36.34,0.64,96.93,113.68,75.86,
7/2/2025,3357.36,3338.36,3360.08,3327.6,0.54,36.62,36.04,36.63,35.87,1.47,96.02,131.62,99.8,
7/1/2025,3339.21,3302.87,3358.09,3301.52,1.08,36.09,36.1,36.65,35.8,-0.06,189.81,183.13,234.21,
6/30/2025,3303.69,3272.65,3309.58,3247.86,0.9,36.11,35.97,36.26,35.41,0.28,148.81,90.3,182.92,
6/27/2025,3274.25,3328.06,3328.88,3255.72,-1.62,36.01,36.63,36.74,35.8,-1.75,237.44,150.11,317.83,
6/26/2025,3328.06,3332.47,3350.47,3310.01,-0.13,36.65,36.27,36.86,36.23,0.88,234.85,172.51,298.06,
6/25/2025,3332.46,3324.2,3337.23,3312,0.25,36.33,35.92,36.35,35.67,1.12,330.14,189.66,465.29,
6/24/2025,3324.2,3368.79,3371.01,3295.38,-1.33,35.92,36.1,36.24,35.28,-0.64,347.34,307.79,427.88,
6/23/2025,3368.88,3367.17,3399.25,3347.25,0.02,36.16,36.06,36.39,35.83,0.41,542.29,586.22,608.49,
6/20/2025,3368.23,3370.82,3374.63,3340.38,-0.07,36.01,36.43,36.46,35.51,-1.06,285.37,345.86,353.62,
6/19/2025,3370.75,3369.08,3388.07,3347.59,0.05,36.39,36.74,36.84,36.2,-0.99,206.61,178.51,251.97,
6/18/2025,3369.09,3390.4,3400.05,3362.54,-0.58,36.76,37.28,37.34,36.52,-1.41,320.77,159.89,482.17,
6/17/2025,3388.74,3383.2,3403.39,3366.25,0.16,37.28,36.35,37.28,36.14,2.55,293.2,199.01,435.74,
6/16/2025,3383.2,3431.54,3451.62,3382.4,-1.44,36.36,36.34,36.56,36.09,0.11,256.29,140.53,383.61,
6/13/2025,3432.64,3385.3,3447.02,3379.79,1.4,36.32,36.36,36.65,35.97,-0.23,167.94,80.83,269.67,
6/12/2025,3385.29,3357.24,3399.16,3338.64,0.94,36.4,36.25,36.47,35.46,0.41,168.44,89.56,233.43,
6/11/2025,3353.84,3322.52,3360.82,3315.23,0.93,36.25,36.49,36.68,36.02,-0.92,177.66,68.56,257.34,
6/10/2025,3323.02,3328.58,3349.28,3301.92,-0.16,36.59,36.76,36.84,36.31,-0.47,188.8,114.07,247.38,
6/9/2025,3328.33,3311.51,3338.43,3293.7,0.55,36.76,36.02,36.92,35.91,2.16,145.61,145.16,201.8,
6/6/2025,3310.17,3354.26,3375.74,3306.87,-1.31,35.98,35.65,36.35,35.61,-0.54,138.02,143.1,128.54,
6/5/2025,3354.16,3376.55,3403.55,3339.2,-0.66,36.18,34.99,36.18,34.42,3.4,245.59,182.2,341.94,
6/4/2025,3376.54,3352.56,3384.84,3343.76,0.72,34.99,34.59,34.99,34.18,1.33,197.03,184.15,235.52,
6/3/2025,3352.25,3379.99,3392.53,3333.08,-0.83,34.53,34.75,34.78,33.96,-0.83,206.25,224.31,249.46,
6/2/2025,3380.21,3289.8,3383.24,3289.41,2.76,34.82,33.04,34.83,32.95,5.52,247.21,197.16,256.95,
5/30/2025,3289.4,3319.51,3322.95,3271.55,-0.83,33,33.32,33.37,32.76,-1.13,174.04,138.8,212.26,
5/29/2025,3317.02,3286.36,3330.94,3245.55,0.83,33.37,33.04,33.53,32.7,1.07,164.45,105.39,214.89,
5/28/2025,3289.76,3300.7,3325.68,3276.31,-0.33,33.02,33.33,33.47,32.9,-0.92,228.04,167.51,279.44,
5/27/2025,3300.68,3344,3350.21,3285.7,-1.26,33.33,33.47,33.53,32.76,-0.3,203.75,222.78,218.61,
5/26/2025,3342.94,3354.3,3357.03,3323.91,-0.43,33.43,33.48,33.59,33.24,-0.24,180.83,163.89,232.39,
5/23/2025,3357.42,3297.15,3366.39,3287.24,1.89,33.51,33.05,33.58,32.9,1.22,103.69,65.29,117.99,
5/22/2025,3295,3316.49,3345.62,3279.55,-0.6,33.1,33.4,33.73,32.61,-0.9,205.25,170.52,246.53,
5/21/2025,3314.99,3290.12,3325.14,3285.51,0.76,33.4,33.1,33.6,32.92,0.94,222.44,95.89,349.94,
5/20/2025,3290.12,3229.85,3295.98,3204.4,1.87,33.09,32.35,33.17,32.12,2.22,167.56,154.2,225.08,
5/19/2025,3229.85,3214.6,3249.91,3205.98,0.85,32.37,32.29,32.66,32.23,0.27,231.88,303.82,220.36,
5/16/2025,3202.77,3239.11,3252.27,3154.32,-1.18,32.29,32.64,32.7,31.86,-1.27,187,74.57,275.45,
5/15/2025,3240.87,3178.06,3241.26,3120.52,1.95,32.7,32.24,32.7,31.64,1.44,214.27,138.56,288.93,
5/14/2025,3178.75,3248.37,3257.39,3167.95,-2.15,32.24,32.93,32.99,32.08,-2.07,145.34,96.6,181.28,
5/13/2025,3248.47,3233.4,3265.44,3215.96,0.43,32.92,32.61,33.25,32.51,0.94,150.3,83.91,199.96,
5/12/2025,3234.7,3324.98,3325.42,3207.67,-2.7,32.61,32.38,33.04,31.88,-0.35,200.17,193.12,214.78,
5/9/2025,3324.63,3305.51,3347.64,3274.94,0.58,32.72,32.46,32.92,32.22,0.64,150.33,128.46,160.72,
5/8/2025,3305.52,3366.95,3414.96,3288.8,-1.77,32.52,32.49,32.96,32.21,0.06,248.86,253.6,312.7,
5/7/2025,3365.21,3430.21,3438.59,3360.2,-1.89,32.5,33.23,33.27,32.24,-2.31,250.62,358.48,262.77,
5/6/2025,3430.21,3336.39,3435.17,3322.98,2.87,33.27,32.5,33.29,32.44,2.28,209.34,270.08,204.8,
5/5/2025,3334.5,3240,3337.81,3237.81,2.89,32.53,32.06,32.69,31.94,1.62,213.92,193.88,280.3,
5/2/2025,3240.88,3238.55,3269.49,3222.75,0,32.01,32.38,32.75,31.93,-1.31,181.07,180.52,221.42,
5/1/2025,3241,3288.55,3290.94,3202.09,-1.45,32.43,32.65,32.73,31.66,-0.58,105.35,128.36,97.33,
4/30/2025,3288.59,3316.92,3328.36,3267.09,-0.86,32.62,32.92,33.13,32.18,-1.12,140.21,139.78,136.02,
4/29/2025,3317.18,3341.67,3349.08,3299.23,-0.73,32.99,33.16,33.56,32.79,-0.62,127.87,109.27,162.03,
4/28/2025,3341.67,3328.4,3353.33,3267.81,0.67,33.2,33.09,33.23,32.65,0.27,114.01,75.77,168.54,
4/25/2025,3319.45,3347.2,3371.15,3265.25,-0.89,33.11,33.58,33.72,32.77,-1.42,190.11,206.76,249.1,
4/24/2025,3349.1,3288.43,3367.59,3287.77,1.85,33.58,33.58,33.7,33.17,0.04,179.53,150.11,221.52,
4/23/2025,3288.26,3382.55,3386.89,3260.5,-2.79,33.57,32.36,33.7,32.09,3.14,146.83,105.39,185.59,
4/22/2025,3382.54,3421.57,3500.33,3366.74,-1.22,32.55,32.66,33.17,32.29,-0.49,133.23,193.19,100.71,
4/21/2025,3424.3,3334.41,3430.93,3327.82,2.91,32.71,32.6,33.08,32.42,0.35,158.4,137.31,171.8,
4/17/2025,3327.54,3344.41,3358,3283.87,-0.47,32.59,32.79,32.94,32.08,-0.47,122.46,97.67,142.56,
4/16/2025,3343.22,3226.25,3345.19,3226.25,3.58,32.75,32.34,33.12,32.26,1.38,156.31,191.79,169.97,
4/15/2025,3227.6,3210.21,3234.16,3209.36,0.57,32.3,32.31,32.42,32.08,-0.14,141.71,141.28,147.3,
4/14/2025,3209.28,3237.35,3245.84,3193.41,-0.83,32.35,32.33,32.42,31.73,0.28,168.12,161.39,196.75,
4/11/2025,3236.21,3174.14,3245.69,3174.14,1.96,32.25,31.22,32.32,30.92,3.39,134.75,100.75,168.07,
4/10/2025,3173.92,3083.75,3176.94,3071.03,2.98,31.2,31.01,31.34,30.57,0.53,161.03,137.6,162.59,
4/9/2025,3082.18,2984.08,3099.87,2970.01,3.3,31.03,29.82,31.07,29.33,3.99,189.78,206.4,153.03,
4/8/2025,2983.78,2983.39,3022.84,2974.45,0.04,29.84,30.11,30.55,29.62,-0.93,128.58,134.29,142.56,
4/7/2025,2982.54,3038.02,3055.88,2956.6,-1.8,30.12,29.59,30.84,28.16,1.91,126.19,138.39,104.93,
4/4/2025,3037.36,3113.16,3137.1,3015.64,-2.42,29.56,31.84,32,29.19,-7.26,177.26,187.76,184.25,
4/3/2025,3112.83,3134.16,3168.04,3054.19,-0.66,31.87,33.87,33.99,31.71,-6.35,98.11,115.07,86.38,
4/2/2025,3133.57,3111,3140.36,3104.81,0.74,34.03,33.75,34.18,33.6,0.87,115.75,109.9,119.16,
4/1/2025,3110.55,3123.36,3149.11,3100.85,-0.4,33.74,34.1,34.24,33.46,-0.98,91.22,79.58,94.82,
3/31/2025,3123.05,3086.54,3128.29,3076.62,1.27,34.07,34.15,34.51,33.49,-0.12,188.73,90.83,259.76,
3/28/2025,3084.03,3056.35,3086.93,3053.91,0.91,34.11,34.39,34.6,33.92,-0.86,151.06,139.84,179.45,
3/27/2025,3056.1,3019.56,3059.75,3017.26,1.22,34.41,33.64,34.5,33.59,2.06,156.46,161.35,143.56,
3/26/2025,3019.29,3020.13,3032.23,3012.38,-0.02,33.71,33.73,33.95,33.5,-0.1,155.46,119.22,208.83,
3/25/2025,3019.85,3012.4,3035.94,3007.53,0.25,33.75,32.98,33.83,32.91,2.28,139.72,81.25,174.27,
3/24/2025,3012.27,3023.03,3033.44,3002.34,-0.38,32.99,33.06,33.33,32.88,-0.13,141.51,192.37,96.27,
3/21/2025,3023.63,3042.6,3047.66,2999.46,-0.68,33.04,33.58,33.61,32.66,-1.54,158.55,135.48,160.09,
3/20/2025,3044.41,3046.31,3057.51,3025.56,-0.09,33.55,33.81,33.97,33.09,-0.75,247.04,223.89,252.11,
3/19/2025,3047.18,3032.2,3052.3,3022.73,0.44,33.81,34.03,34.13,33.45,-0.65,275.57,251.83,315.07,
3/18/2025,3033.95,2999.11,3038.45,2999.11,1.08,34.03,33.87,34.25,33.74,0.55,201.48,271.75,206.96,
3/17/2025,3001.47,2985.8,3002.23,2982.13,0.57,33.84,33.88,33.92,33.42,0.18,156.55,137.34,187.45,
3/14/2025,2984.42,2988.38,3005.08,2978.41,-0.11,33.78,33.81,34.11,33.52,-0.06,224.04,212.71,266.14,
3/13/2025,2987.75,2932.66,2989.64,2932.03,1.9,33.8,33.25,33.97,32.93,1.72,254.81,214.51,282.51,
3/12/2025,2932.06,2916.85,2940.83,2906.19,0.55,33.23,32.99,33.34,32.7,0.91,218.23,234.29,214.03,
3/11/2025,2916.04,2888.72,2922.22,2880.34,0.92,32.93,32.12,33.02,31.81,2.55,222.04,227.34,219.56,
3/10/2025,2889.4,2912.17,2918.5,2880.3,-0.73,32.11,32.54,32.68,31.92,-1.28,238.45,205.6,267.95,
3/7/2025,2910.79,2910.48,2930.56,2896.71,0.03,32.53,32.63,32.73,32.1,-0.29,179.53,138.56,221.52,
3/6/2025,2909.99,2918.98,2926.88,2891.34,-0.3,32.62,32.63,32.79,32.26,0,229.88,176.28,245.06,
3/5/2025,2918.84,2917.59,2929.94,2894.19,0.05,32.62,31.98,32.75,31.76,2.01,180.47,116.08,242.05,
3/4/2025,2917.49,2894.05,2928.15,2881.81,0.82,31.98,31.69,32.03,31.46,0.93,253.45,211.54,303.88,
3/3/2025,2893.71,2856.71,2895.45,2855.63,1.23,31.68,31.15,31.86,31.11,1.71,154.23,160.44,156.13,
2/28/2025,2858.6,2877.66,2885.34,2832.63,-0.61,31.15,31.28,31.43,30.81,-0.31,122.69,88.95,139.12,
2/27/2025,2876.19,2916.8,2920.96,2867.86,-1.37,31.25,31.87,31.97,31.17,-1.85,138.02,114.67,162.59,
2/26/2025,2916.19,2915.42,2930.22,2890.99,0.04,31.84,31.74,31.99,31.49,0.35,162.06,232.65,107.81,
2/25/2025,2915.12,2951.82,2954.44,2888.06,-1.22,31.73,32.35,32.52,31.28,-1.92,165.32,207.54,112.01,
2/24/2025,2951.19,2936.41,2956.37,2920.77,0.52,32.35,32.49,32.8,32.08,-0.58,144.02,182.74,108.87,
2/21/2025,2936.03,2939,2950.01,2916.7,-0.09,32.54,32.93,33.1,32.5,-1.16,181.82,203.92,188.99,
2/20/2025,2938.7,2932.81,2954.97,2924.2,0.21,32.92,32.72,33.25,32.62,0.62,265.49,336.85,200.69,
2/19/2025,2932.64,2935.73,2947.23,2918.5,-0.1,32.72,32.87,33.12,32.43,-0.46,166.24,171.87,174.08,
2/18/2025,2935.58,2897.51,2937.46,2891.94,1.31,32.87,32.31,32.93,32.07,0.24,217.61,180.79,251.32,
2/17/2025,2897.66,2883.55,2906.69,2887.2,0.5,32.79,32.16,32.82,31.91,2.03,156.25,155.77,194.89,
2/14/2025,2883.18,2929.19,2940.23,2876.96,-1.57,32.14,32.37,33.44,32.06,-0.69,119.53,102.14,123.05,
2/13/2025,2929.03,2904.1,2929.74,2900.2,0.87,32.36,32.22,32.46,31.98,0.44,167.72,179.15,189.28,
2/12/2025,2903.66,2898.9,2909.16,2864.01,0.18,32.22,31.83,32.41,31.51,1.24,95.37,76.06,116.31,
2/11/2025,2898.34,2907.47,2943.25,2881.76,-0.31,31.82,32.07,32.27,31.23,-0.68,119.8,83.6,149.43,
2/10/2025,2907.34,2864.08,2911.6,2854.69,1.64,32.04,31.82,32.35,31.66,0.71,121.01,105.56,138.35,
2/7/2025,2860.39,2856.6,2886.96,2852.55,0.14,31.82,32.23,32.67,31.78,-1.2,118.94,130.43,98.9,
2/6/2025,2856.5,2865.26,2873.74,2834.4,-0.3,32.2,32.32,32.45,31.73,-0.34,150.85,108.27,180.62,
2/5/2025,2865.09,2842.06,2882.53,2839.32,0.81,32.31,32.1,32.59,31.94,0.68,135.57,117.52,156.84,
2/4/2025,2841.94,2814.8,2845.57,2806.9,1.01,32.09,31.57,32.41,31.34,1.72,141.71,153.05,127.66,
2/3/2025,2813.49,2801.4,2831.7,2771.69,0.45,31.55,31.38,31.72,30.66,0.79,146.63,146.18,144.1,
1/31/2025,2801,2794.04,2817.57,2790.78,0.25,31.3,31.67,31.74,31.14,-1.15,110.42,69.52,135.31,
1/30/2025,2793.88,2757.9,2798.8,2757.24,1.31,31.67,30.82,31.75,30.78,2.76,120.9,72.31,140.74,
1/29/2025,2757.71,2763.48,2766.53,2744.71,-0.2,30.82,30.41,31,30.28,1.4,105.26,86.42,113.27,
1/28/2025,2763.11,2742.57,2765.18,2734.68,0.8,30.39,30.23,30.51,29.88,0.65,164.41,194.26,151.9,
1/27/2025,2741.1,2770.7,2773.02,2729.8,-1.09,30.2,30.5,30.65,29.69,-1.34,197.66,271.8,192.7,
1/24/2025,2771.3,2754.06,2786.04,2752.56,0.64,30.61,30.45,31.06,30.39,0.54,148.88,116.62,194.54,
1/23/2025,2753.69,2755.96,2759.06,2735.85,-0.05,30.44,30.81,31.01,30.07,-1.15,126.48,120.09,130.21,
1/22/2025,2755.02,2745.08,2763.72,2741.83,0.39,30.8,30.86,31.01,30.55,-0.2,157.46,174.42,145.48,
1/21/2025,2744.39,2709.01,2746.88,2702.49,1.34,30.86,30.59,30.87,30.18,1.21,50.29,37.6,62.72,
1/20/2025,2708.06,2702.51,2714.4,2689.32,0.24,30.49,30.38,30.65,29.98,0.5,151.89,173.05,120.28,
1/17/2025,2701.55,2713.85,2717.73,2698.41,-0.45,30.34,30.81,30.86,30.11,-1.44,88.34,66.05,101,
1/16/2025,2713.77,2695.96,2724.86,2690,0.67,30.78,30.66,30.98,30.52,0.39,92.98,115.87,67.65,
1/15/2025,2695.82,2677.29,2697.85,2669.04,0.7,30.66,29.9,30.78,29.73,2.56,147.09,152.51,156.56,
1/14/2025,2677.16,2662.53,2678.44,2659.79,0.56,29.89,29.61,29.99,29.51,0.99,148.52,90.12,204.04,
1/13/2025,2662.12,2689.35,2693.77,2656.73,-1.02,29.6,30.43,30.53,29.5,-2.63,107.55,71.48,155.02,
1/10/2025,2689.63,2670.74,2698.57,2663.65,0.73,30.4,30.13,30.7,29.95,0.92,65.77,59.61,69.61,
1/9/2025,2670.19,2662.2,2675.42,2662.35,0.31,30.12,30.12,30.45,29.99,0.02,123.83,86.42,144.16,
1/8/2025,2662.06,2649.85,2670.6,2645.03,0.47,30.12,30.05,30.38,29.8,0.35,70.48,51.1,85.25,
1/7/2025,2649.49,2636.02,2664.54,2632.57,0.54,30.01,29.95,30.41,29.87,0.21,118.53,62.19,166,
1/6/2025,2635.33,2641,2649.62,2614.6,-0.14,29.95,29.62,30.37,29.4,1.11,98.32,120.63,62.89,
1/3/2025,2639.12,2657.29,2665.47,2636.4,-0.68,29.62,29.57,29.93,29.49,0.16,137.5,137.08,155.92,
1/2/2025,2657.16,2626.6,2660.85,2621.51,1.27,29.57,28.92,29.61,28.87,2.41,198.89,273.49,102.65,
12/31/2024,2623.81,2606.13,2627.85,2602.5,0.71,28.87,28.95,29.05,28.77,-0.24,63.4,79,52.72,
12/30/2024,2605.39,2620.3,2628.61,2595.9,-0.56,28.94,29.38,29.56,28.79,-1.45,108.2,82.97,110.73,
12/27/2024,2620,2634.59,2638.74,2611.3,-0.55,29.37,29.8,29.93,29.32,-1.43,168.56,219.18,121.88,
12/26/2024,2634.43,2619.79,2639.4,2614.13,0.81,29.8,29.67,29.9,29.49,0.63,132.86,158.94,88.38,
12/24/2024,2613.2,2613.07,2621.83,2609.92,0.01,29.61,29.65,29.82,29.46,-0.12,143.37,135.4,150.59,
12/23/2024,2612.93,2622.24,2633.6,2607.97,-0.3,29.65,29.62,29.91,29.41,0.45,146.57,102.29,158.44,
12/20/2024,2620.77,2593.97,2631.92,2589.56,1.04,29.51,29.05,29.74,28.79,1.69,128.64,153.9,106.97,
12/19/2024,2593.85,2587.87,2626.73,2583.49,0.24,29.02,29.37,29.75,28.74,-1.15,152.59,190.16,148.03,
12/18/2024,2587.63,2645.68,2652.08,2586.52,-2.19,29.36,30.54,30.6,29.3,-3.85,176,187.99,219.52,
12/17/2024,2645.54,2652.63,2659.22,2633,-0.26,30.53,30.53,30.64,30.14,0.04,133.3,93.02,166.27,
12/16/2024,2652.5,2649.1,2664.83,2643.34,0.16,30.52,30.55,30.77,30.46,-0.14,194.04,179.63,207.45,
12/13/2024,2648.39,2681.47,2693.02,2645.9,-1.23,30.57,30.96,31.13,30.28,-1.28,191.36,249.98,131.69,
12/12/2024,2681.33,2718.07,2726.31,2675.04,-1.35,30.96,31.9,32.38,30.86,-2.95,233.83,323.76,140.43,
12/11/2024,2717.93,2693.76,2721.35,2674.58,0.9,31.9,31.9,32.21,31.44,0.01,153.94,181.89,142.23,
12/10/2024,2693.64,2658.82,2695.79,2657.95,1.31,31.9,31.81,32.11,31.7,0.28,194.5,254.49,202.17,
12/9/2024,2658.78,2635.52,2676.52,2627.47,0.98,31.81,30.98,32.32,30.86,2.69,170.97,298.28,71.08,
12/6/2024,2632.91,2632.18,2645.69,2613.57,0.03,30.98,31.34,31.49,30.82,-1.15,150.85,156.4,150.52,
12/5/2024,2632.05,2649.92,2655.62,2623.55,-0.67,31.34,31.29,31.44,31.01,0.16,127.66,107.18,167.62,
12/4/2024,2649.79,2643.57,2657.36,2632.5,0.24,31.29,31.03,31.5,30.44,0.85,136.6,95.33,147.66,
12/3/2024,2643.44,2639.05,2655.71,2634.12,0.17,31.03,30.5,31.11,30.45,1.72,164.99,189.79,168.86,
12/2/2024,2638.93,2653.82,2656.21,2621.9,-0.55,30.5,30.65,30.69,30.05,-0.32,197,320.05,121.34,
11/29/2024,2653.55,2641.2,2666.35,2634.11,0.48,30.6,30.19,30.89,30.18,1.12,226.97,293.54,234.64,
11/28/2024,2640.96,2635.74,2650.12,2620.95,0.21,30.26,30.08,30.33,29.63,0.61,176.28,161.09,195.44,
11/27/2024,2635.51,2632.16,2658.4,2627.06,0.14,30.08,30.44,30.73,29.96,-1.13,199.63,236.33,176.37,
11/26/2024,2631.89,2625.38,2642.05,2605.29,0.25,30.42,30.3,30.71,29.98,0.42,169.26,192.84,130.69,
11/25/2024,2625.26,2715.1,2721.43,2615.7,-3.22,30.29,31.32,31.49,30.06,-3.25,123.71,164.43,91.44,
11/22/2024,2712.55,2669.84,2712.91,2667.38,1.61,31.31,30.79,31.43,30.73,1.71,102.1,67.86,122.63,
11/21/2024,2669.69,2650.19,2673.86,2647.95,0.74,30.78,30.86,31.33,30.63,-0.25,193.79,217.34,241.71,
11/20/2024,2650.05,2631.8,2655.5,2618.7,0.7,30.86,31.22,31.35,30.77,-1.13,195.19,160.25,267.33,
11/19/2024,2631.68,2612.29,2639.69,2610.25,0.75,31.21,31.16,31.55,31.04,0.17,197.48,152.42,233.07,
11/18/2024,2612.2,2561.59,2615.17,2561.59,1.99,31.16,30.33,31.3,30.26,3.14,245.91,346.1,180.43,
11/15/2024,2561.24,2566.54,2576.09,2554.58,-0.19,30.21,30.47,30.83,30.17,-0.81,97.59,118.91,108.2,
11/14/2024,2566.19,2573.91,2581.61,2536.91,-0.29,30.46,30.33,30.7,29.67,0.43,58.63,35.07,68.25,
11/13/2024,2573.78,2597.41,2618.97,2573,-0.9,30.33,30.71,31.17,30.28,-1.23,116.55,97.85,122.42,
11/12/2024,2597.27,2620.31,2627.24,2589.79,-0.88,30.71,30.7,30.86,30.18,0.09,106.86,93.21,155.5,
11/11/2024,2620.2,2684.81,2686.51,2610.62,-2.37,30.68,31.33,31.6,30.41,-1.95,154.23,147.07,178.43,
11/8/2024,2683.77,2707.37,2710.51,2680.36,-0.86,31.29,32,32.08,31.18,-2.21,108.89,68.56,152.5,
11/7/2024,2706.99,2659.36,2710.2,2643.5,1.8,32,31.17,32.17,30.87,2.67,98.8,115.87,115.98,
11/6/2024,2659.24,2743.88,2749.8,2652.44,-3.07,31.16,32.66,32.74,30.82,-4.58,120.14,114.07,123.69,
11/5/2024,2743.59,2736.58,2750.06,2724.75,0.26,32.66,32.46,32.96,32.24,0.63,57.44,38.18,63.69,
11/4/2024,2736.39,2734.1,2748.3,2729.78,0.05,32.46,32.44,32.9,32.28,0.1,114.69,107.61,134.64,
11/1/2024,2735.16,2742.5,2762.29,2733.2,-0.32,32.43,32.62,33.14,32.32,-0.69,131.07,130.67,128.81,
10/31/2024,2743.8,2787.75,2790.41,2731.65,-1.52,32.65,33.82,33.94,32.5,-3.4,133.9,174.11,77.46,
10/30/2024,2786.19,2775.01,2790.09,2770.65,0.4,33.8,34.43,34.54,33.4,-1.88,133.96,157.83,151.9,
10/29/2024,2775.13,2743.7,2775.89,2739.82,1.21,34.45,33.68,34.58,33.6,2.23,160.8,102.6,213.94,
10/28/2024,2741.98,2734.84,2746.06,2724.72,-0.21,33.7,33.67,34.02,33.22,-0.01,145.17,171.04,131.69,
10/25/2024,2747.69,2736.1,2747.97,2716.97,0.44,33.7,33.66,34.04,33.08,-0.01,170.03,233.8,136.51,
10/24/2024,2735.7,2717.99,2743.38,2715.72,0.67,33.71,33.74,34.33,33.23,-0.06,136.47,160.79,123.8,
10/23/2024,2717.54,2749.52,2758.53,2708.79,-1.12,33.73,34.87,34.89,33.43,-3.17,215.39,207.32,209.98,
10/22/2024,2748.38,2720,2749.47,2718.93,1.06,34.83,33.79,34.9,33.77,3.17,214.15,173.46,222.59,
10/21/2024,2719.65,2721.71,2740.61,2714.23,-0.02,33.76,33.71,34.31,33.45,0.31,119.06,111.71,139.76,
10/18/2024,2720.25,2692.41,2722.87,2691.48,1.03,33.66,31.69,33.78,31.66,6.18,124.89,130.43,118.69,
10/17/2024,2692.55,2674.05,2696.8,2673,0.72,31.7,31.69,32.03,31.3,0.08,104.24,57.73,134.84,
10/16/2024,2673.24,2663,2685.73,2658.71,0.46,31.67,31.51,32.21,31.4,0.64,117.64,123.45,102.97,
10/15/2024,2660.99,2651.75,2669.07,2638.31,0.37,31.47,31.16,31.71,30.75,0.96,125.71,112.79,125.44,
10/14/2024,2651.05,2657.21,2666.94,2643.16,-0.19,31.17,31.54,31.6,30.9,-1.13,151.47,210.09,87.62,
10/11/2024,2656,2630.8,2661.55,2627.65,1.01,31.53,31.15,31.66,31.05,1.08,157.45,217.34,151.07,
10/10/2024,2629.48,2608.14,2631.63,2604.15,0.83,31.19,30.49,31.22,30.36,2.23,119.59,178.83,69.61,
10/9/2024,2607.77,2620.19,2624.65,2605.18,-0.54,30.51,30.68,30.82,30.21,-0.62,137.03,142.55,128.81,
10/8/2024,2621.94,2643.5,2653.09,2604.79,-0.82,30.7,31.69,31.8,30.11,-3.22,98.59,91.73,120.24,
10/7/2024,2643.58,2651.2,2659.91,2637.7,-0.33,31.72,32.21,32.35,31.4,-1.4,80.63,107.18,67.05,
10/4/2024,2652.25,2654.39,2670.15,2632,-0.14,32.17,32.09,32.97,31.5,0.37,144.28,161.09,143.96,
10/3/2024,2655.9,2658.66,2663.4,2639.73,-0.07,32.05,31.87,32.23,31.4,0.58,237.06,223.89,321.62,
10/2/2024,2657.75,2661.15,2663.85,2641.18,-0.19,31.87,31.44,32.34,30.99,1.45,178.71,216.34,191.06,
10/1/2024,2662.82,2635.41,2673.2,2631.98,1.08,31.41,31.13,31.91,31.11,0.83,135.87,232.2,75.32,
9/30/2024,2634.49,2658.3,2666.11,2624.78,-0.88,31.15,31.67,31.87,30.88,-1.49,160.49,179.2,160.15,
9/27/2024,2657.97,2669.5,2674.4,2643.15,-0.46,31.62,32.01,32.35,31.36,-1.26,134.85,116.9,136.51,
9/26/2024,2670.2,2657.32,2685.96,2654.56,0.5,32.03,31.79,32.74,31.74,0.57,234.46,263.71,279.95,
9/25/2024,2656.82,2655.9,2670.6,2649.84,0,31.85,32.13,32.29,31.56,-0.89,175.3,132.58,231.22,
9/24/2024,2656.7,2628.92,2664.47,2622.58,1.08,32.13,30.71,32.29,30.64,4.76,161.12,154.2,171.49,
9/23/2024,2628.4,2621.81,2635.54,2613.6,0.25,30.67,31.23,31.29,30.35,-1.42,158.1,150.11,212.85,
9/20/2024,2621.96,2587.5,2625.79,2584.81,1.37,31.11,30.78,31.46,30.72,1.06,175.54,191.93,188.34,
9/19/2024,2586.48,2559.07,2594.89,2551.26,1.08,30.79,30.1,31.33,29.9,2.41,93.75,137.08,62.37,
9/18/2024,2558.8,2571.73,2600.21,2546.98,-0.42,30.06,30.75,31.28,29.7,-2.2,122.01,145.96,101.46,
9/17/2024,2569.52,2582.46,2587.01,2560.84,-0.51,30.74,30.79,31.02,30.51,-0.08,100.79,80.38,111.74,
9/16/2024,2582.58,2578.06,2589.78,2575.4,0.24,30.76,30.68,31.12,30.59,0.33,88.97,81.88,79.68,
9/13/2024,2576.5,2556.52,2586.18,2556.52,0.69,30.66,29.91,30.94,29.84,2.5,185.64,219.77,125.42,
9/12/2024,2558.75,2512.02,2560.21,2511.02,1.88,29.91,28.71,29.96,28.52,4.27,103.11,64.25,117.9,
9/11/2024,2511.44,2515.7,2529.4,2501.01,-0.19,28.69,28.39,28.89,28.07,1.07,212.91,249.71,197.87,
9/10/2024,2516.12,2506.84,2518.57,2500.16,0.43,28.38,28.33,28.59,28.02,0.11,97.61,85.14,131.89,
9/9/2024,2505.25,2497.32,2507.42,2485.6,0.33,28.35,27.95,28.4,27.7,1.54,146.76,97.54,185.96,
9/6/2024,2497.03,2516.9,2529.3,2485.15,-0.77,27.92,28.82,29.13,27.68,-3.1,100.38,100.07,102.02,
9/5/2024,2516.32,2495.5,2523.54,2493.76,0.89,28.81,28.31,29.2,28.17,1.87,141.97,165.12,127.89,
9/4/2024,2494.19,2492.94,2500.2,2471.95,0.06,28.29,28.04,28.39,27.76,0.84,180.32,226.37,177.71,
9/3/2024,2492.76,2500.5,2506.44,2473.25,-0.26,28.05,28.55,28.59,27.7,-1.58,171.23,144.44,208.09,
9/2/2024,2499.29,2502.74,2507.5,2490.14,-0.15,28.5,28.85,28.98,28.32,-1.2,145.51,204.8,99.65,
8/30/2024,2503.03,2520.89,2527.07,2494.36,-0.72,28.84,29.35,29.61,28.68,-2.02,166.55,258.29,102.59,
8/29/2024,2521.18,2504.65,2528.77,2503.65,0.76,29.44,29.12,29.72,29.11,1.13,132.5,176.13,94.44,
8/28/2024,2502.25,2522.74,2529.15,2493.66,-0.88,29.11,29.93,30.12,29.07,-2.93,156.19,220.59,119.06,
8/27/2024,2524.57,2518.3,2526.27,2503.41,0.31,29.99,29.94,30.12,29.7,0.3,174.35,141.62,171.82,
8/26/2024,2516.89,2511.43,2527.76,2508.71,0.19,29.9,29.86,30.21,29.64,0.28,176.03,191.44,172.99,
8/23/2024,2512.07,2482.2,2518.45,2481.2,1.16,29.82,29.02,29.92,28.94,2.87,143.76,203.04,99.62,
8/22/2024,2483.29,2512.5,2514.82,2470.86,-1.14,28.99,29.58,29.72,28.78,-2.16,184.37,159.3,183.97,
8/21/2024,2511.95,2512.82,2520.09,2494.15,-0.07,29.63,29.41,29.78,29.21,0.68,140.69,114.75,148.89,
8/20/2024,2513.74,2501.55,2532.05,2497.33,0.39,29.43,29.43,29.99,29.2,-0.17,151.47,183.83,98.57,
8/19/2024,2503.92,2508.4,2510.45,2485.83,-0.13,29.48,29.05,29.5,28.72,1.61,136.53,186.25,83.65,
8/16/2024,2507.28,2456.57,2509.89,2450.76,2.08,29.01,28.42,29.06,28.03,2.18,118.94,166.01,118.69,
8/15/2024,2456.1,2448.15,2470.25,2432.19,0.35,28.39,27.54,28.55,27.43,2.9,139.61,101.22,168.86,
8/14/2024,2447.64,2467.4,2478.49,2438.12,-0.71,27.59,27.89,28.05,27.17,-0.89,175.77,188.71,191.13,
8/13/2024,2465.03,2472.64,2477.02,2458.5,-0.29,27.84,27.95,28.08,27.45,-0.61,151.6,181.37,126.06,
8/12/2024,2472.25,2431.21,2473.48,2423.84,1.7,28.01,27.47,28.07,27.22,2.07,118.31,170.36,98.38,
8/9/2024,2430.93,2427.29,2437.15,2416.93,0.17,27.44,27.57,27.77,27.25,-0.45,151.34,201.16,111.86,
8/8/2024,2426.75,2382.43,2427.8,2380.7,1.9,27.57,26.6,27.62,26.43,3.63,174.67,199.01,134.87,
8/7/2024,2381.53,2389.67,2407.05,2379.05,-0.33,26.6,26.97,27.28,26.57,-1.63,172.72,221.39,153.88,
8/6/2024,2389.37,2410.01,2418.35,2381.79,-0.76,27.04,27.24,27.57,26.6,-0.86,131.5,124.85,166.62,
8/5/2024,2407.65,2443.27,2458.8,2364.4,-1.46,27.28,28.6,28.69,26.5,-4.45,187,119.84,211.03,
8/2/2024,2443.29,2445.16,2477.72,2410.83,-0.09,28.55,28.52,29.24,27.94,-0.02,191.22,246.7,187.06,
8/1/2024,2445.42,2448.1,2462.4,2430.25,-0.11,28.55,29.02,29.17,28.21,-1.69,133.2,161.65,144.47,
7/31/2024,2448.1,2410.09,2451,2410.17,1.65,29.04,28.39,29.07,28.23,2.29,112.86,101.27,168.93,
7/30/2024,2408.43,2383.66,2413,2376.51,1.04,28.39,27.89,28.44,27.62,1.9,107.07,93.4,111.29,
7/29/2024,2383.54,2387.2,2403.23,2369.77,-0.09,27.86,27.92,28.22,27.31,-0.11,124.38,65.26,174.2,
7/26/2024,2385.57,2364.3,2390.82,2355.89,0.89,27.89,27.85,28.09,27.58,-0.28,95.77,89.86,103.06,
7/25/2024,2364.5,2398.49,2401.32,2353.19,-1.38,27.97,28.9,28.97,27.41,-3.52,91.54,114.07,85.63,
7/24/2024,2397.59,2408.94,2432.05,2396.5,-0.48,28.99,29.24,29.47,28.88,-0.79,78.87,84.68,70.63,
7/23/2024,2409.21,2396.8,2412.15,2388.26,0.48,29.22,29.23,29.35,28.66,0.07,36.47,36.36,30.32,
7/22/2024,2397.65,2400.41,2412.32,2384,-0.13,29.2,29.22,29.45,28.74,-0.21,130.04,136.46,136.59,
7/19/2024,2400.79,2445.34,2446.29,2393.92,-1.81,29.26,29.76,29.9,28.87,-4.69,143.77,126.13,162.59,
7/18/2024,2444.97,2460.13,2475.02,2440.41,-0.55,30.7,30.3,30.64,29.73,1.34,133.52,126.77,126.89,
7/17/2024,2458.38,2476.22,2483.78,2451.6,-0.41,30.29,31.4,31.45,30.04,-3.46,105.26,86.42,113.27,
7/16/2024,2468.57,2424.8,2469.91,2423.54,1.92,31.38,30.68,31.42,30.48,1.19,68.24,49.47,92.85,
7/15/2024,2422.07,2409.5,2439.74,2401.35,0.45,31.01,30.82,31.11,30.52,0.78,67.88,121.81,22.58,
7/12/2024,2411.27,2416.47,2418.37,2391.52,-0.15,30.77,31.47,31.47,30.38,-2.12,86.32,64.54,98.7,
7/11/2024,2414.78,2371.58,2424.62,2370.83,1.84,31.44,30.79,31.76,30.79,2.04,127.85,139.05,125.64,
7/10/2024,2371.07,2363.8,2386.75,2362.73,0.32,30.81,30.79,31.18,30.64,0.06,124.67,177.55,88.85,
7/9/2024,2363.58,2358.6,2371.52,2349.59,0.2,30.79,30.74,31.16,30.51,0,90.05,89.77,96.27,
7/8/2024,2358.8,2391.77,2391.85,2351.16,-1.37,30.79,31.18,31.38,30.43,-1.35,89.18,88.91,127.13,
7/5/2024,2391.46,2358.01,2393.04,2354.03,1.5,31.21,30.4,31.5,30.17,2.67,73.11,56.07,74.83,
7/4/2024,2356.12,2353.7,2362.64,2350.76,0,30.4,30.48,30.59,30.2,-0.23,90.28,83.08,80.84,
7/3/2024,2356.06,2328,2365.06,2326.93,1.15,30.47,29.53,30.68,29.47,3.25,107.82,131.38,99.62,
7/2/2024,2329.28,2332.05,2336.9,2319.24,-0.1,29.51,29.43,29.84,29.2,0.24,79.6,97.67,91.65,
7/1/2024,2331.7,2326.46,2338.72,2318.55,0.26,29.44,29.13,29.49,28.96,1.07,71.45,90.65,54.01,
6/28/2024,2325.71,2327.75,2339.79,2319.15,-0.07,29.13,28.98,29.63,28.76,0.23,121.46,143.1,128.54,
6/27/2024,2327.45,2299.8,2331,2296.5,1.29,29.06,28.8,29.26,28.67,1.05,120.68,72.18,170.59,
6/26/2024,2297.91,2320,2323.95,2293.7,-0.91,28.76,28.95,29.08,28.56,-0.55,128.58,109.88,183.29,
6/25/2024,2319.01,2333.25,2337.26,2315.56,-0.6,28.92,29.57,29.67,28.83,-2.43,109.99,103.2,150.64,
6/24/2024,2332.93,2321.6,2335.02,2317.37,0.54,29.64,29.54,29.74,29.34,0.39,212.61,232.47,205.3,
6/21/2024,2320.34,2360.3,2368.85,2316.76,-1.66,29.52,30.73,30.86,29.46,-3.87,128.3,46.51,184.28,
6/20/2024,2359.63,2329.15,2365.52,2327.3,1.38,30.71,29.77,30.8,29.74,3.2,177.01,151.25,231.29,
6/19/2024,2327.48,2329.79,2335.1,2323.84,-0.04,29.76,29.54,29.8,29.34,0.8,114.89,89.08,137.99,
6/18/2024,2328.33,2319.38,2333.25,2306.63,0.41,29.52,29.45,29.69,28.92,0.08,142.94,148.7,165.37,
6/17/2024,2318.87,2332.2,2333.48,2310.02,-0.59,29.5,29.57,29.6,29.02,-0.15,120.95,133.97,111.74,
6/14/2024,2332.52,2302.52,2336.87,2301.35,1.27,29.54,28.95,29.59,28.83,1.86,90.14,67.4,121.8,
6/13/2024,2303.19,2325.7,2326.7,2295.68,-0.83,29,29.74,29.76,28.65,-2.36,133.47,157.26,110.99,
6/12/2024,2322.55,2315.53,2341.7,2310.8,0.27,29.7,29.25,30.27,29.18,1.5,117.68,140.78,88.07,
6/11/2024,2316.27,2311,2320.17,2297.69,0.25,29.26,29.79,29.89,29.03,-1.71,121.79,133.55,131.65,
6/10/2024,2310.6,2296,2313.87,2287.31,0.78,29.77,29.16,29.83,29.12,2.04,107.29,120.33,144.97,
6/7/2024,2292.71,2376.5,2387.85,2286.77,-3.49,29.18,31.33,31.55,29.11,-6.79,122.69,166.79,92.74,
6/6/2024,2375.61,2355.16,2378.57,2353.6,0.88,31.3,29.98,31.37,29.96,4.3,115.91,133.8,111.6,
6/5/2024,2354.78,2328,2358.07,2325.88,1.16,30.01,29.51,30.06,29.39,1.8,119.32,135.95,113.39,
6/4/2024,2327.68,2349,2351.76,2315.53,-0.96,29.48,30.75,30.89,29.37,-4.16,110.21,109.88,122.2,
6/3/2024,2350.35,2329.61,2354.82,2314.76,1,30.76,30.43,30.81,29.77,1.27,111.11,83.08,127.04,
5/31/2024,2326.97,2345.07,2353.24,2323.96,-0.68,30.38,31.16,31.78,30.18,-2.58,156.5,195.02,108.45,
5/30/2024,2343,2339.67,2351.83,2322.72,0.18,31.18,31.98,32.11,31,-2.43,93.58,111.94,83,
5/29/2024,2338.77,2361,2362.86,2334.75,-0.94,31.96,32.12,32.31,31.6,-0.48,135.44,112.52,168.93,
5/28/2024,2360.95,2352.29,2364.12,2340.17,0.43,32.11,31.64,32.25,31.25,1.36,143.46,104.01,162.67,
5/27/2024,2350.74,2334.5,2358.56,2332.36,0.73,31.68,30.38,31.87,30.36,4.42,145.43,64.44,188.11,
5/24/2024,2333.76,2328.4,2347.54,2325.4,0.23,30.34,30.14,30.63,30.04,0.78,116.64,81.4,126.09,
5/23/2024,2328.37,2378.6,2383.86,2327,-2.1,30.11,30.77,30.99,30.06,-2.14,101.83,83.6,139.47,
5/22/2024,2378.25,2423.75,2426.64,2374.98,-1.79,30.76,31.98,32.21,30.75,-3.74,140.05,121.41,172.16,
5/21/2024,2421.64,2426.84,2434,2406.32,-0.14,31.96,31.81,32.51,31.07,0.42,165.28,151.04,171.8,
5/20/2024,2425.12,2415.02,2450.13,2407.34,0.42,31.83,31.55,32.51,30.95,1.06,135.08,115.42,149.76,
5/17/2024,2414.89,2376.81,2422.87,2373.96,1.62,31.49,29.57,31.6,29.45,6.37,181.66,170.44,204.37,
5/16/2024,2376.44,2386.42,2397.44,2371.01,-0.4,29.61,29.66,29.85,29.32,-0.32,124.9,129.93,144.5,
5/15/2024,2386.04,2358.2,2390.36,2351.82,1.19,29.7,28.6,29.75,28.43,3.88,129.21,81.97,166.05,
5/14/2024,2357.97,2338.2,2359.83,2334.55,0.94,28.59,28.18,28.75,28.09,1.42,154.67,167.05,150.05,
5/13/2024,2336.05,2362.7,2364.94,2332.34,-1.02,28.19,28.21,28.39,27.96,0.15,177.11,235.42,152.72,
5/10/2024,2360.14,2346.26,2378.45,2345.25,0.61,28.15,28.36,28.78,28.03,-0.66,185.28,223.89,186.75,
5/9/2024,2345.88,2309.04,2347.59,2306.67,1.61,28.34,27.29,28.36,27.28,3.64,145.4,126.04,136.67,
5/8/2024,2308.65,2314.7,2321.56,2303.85,-0.22,27.34,27.29,27.49,27,0.4,163.58,198.03,126.31,
5/7/2024,2313.79,2322.5,2330.06,2310.06,-0.42,27.23,27.43,27.53,27.15,-0.82,176.27,133.31,252.71,
5/6/2024,2323.57,2302.5,2331.99,2291.79,0.96,27.46,26.59,27.5,26.42,3.45,93.62,172.3,23.95,
5/3/2024,2301.56,2303.2,2321.64,2277.47,-0.08,26.54,26.68,26.89,26.12,-0.58,110.42,127.46,115.98,
5/2/2024,2303.29,2319.89,2326.57,2285.58,-0.63,26.7,26.68,26.83,26.01,0.21,137.77,214.98,59.77,
5/1/2024,2317.9,2285.91,2328.4,2281.66,1.41,26.64,26.29,26.97,26.25,1.37,130.76,111.73,124.26,
4/30/2024,2285.57,2335.1,2336.54,2284.94,-2.09,26.28,27.15,27.28,26.23,-3.1,167.8,123.92,196.38,
4/29/2024,2334.44,2337.5,2346.85,2320.08,-0.14,27.12,27.19,27.45,26.95,-0.17,191.11,197.58,188.34,
4/26/2024,2337.72,2332.16,2352.62,2326.3,0.25,27.17,27.37,27.74,27.08,-0.98,150.83,138.8,154.37,
4/25/2024,2331.78,2316.2,2344.86,2305.28,0.69,27.43,27.16,27.58,26.97,0.96,172.4,171.87,143.36,
4/24/2024,2315.82,2322.19,2337.16,2311.9,-0.26,27.18,27.3,27.5,27.03,-0.38,139.23,150.37,154.37,
4/23/2024,2321.81,2326.62,2334.48,2291.4,-0.19,27.28,27.23,27.39,26.66,0.33,148.32,110.9,164.45,
4/22/2024,2326.29,2388.2,2388.72,2325.29,-2.68,27.19,28.73,28.74,27.1,-5.11,162.91,81.21,248.36,
4/19/2024,2390.45,2378.6,2417.79,2372.96,0.51,28.65,28.24,28.95,28.06,1.53,208.12,184.43,269.2,
4/18/2024,2378.25,2360.74,2392.84,2360.7,0.74,28.22,28.2,28.66,28.13,0.02,149.44,124.15,196.75,
4/17/2024,2360.81,2383.2,2395.63,2354.84,-0.92,28.22,28.11,28.81,28.06,0.46,227.5,221.26,267.61,
4/16/2024,2382.83,2382.86,2398.34,2362.95,0.01,28.09,28.86,29.03,27.95,-2.77,340.54,283.94,453.08,
4/15/2024,2382.51,2343.86,2387.59,2324.59,1.67,28.89,28.11,28.91,27.58,3.62,230.79,230.08,237.07,
4/12/2024,2343.43,2373.59,2431.53,2333.9,-1.26,27.88,28.42,29.81,27.85,-2.09,161.33,160.83,160.98,
4/11/2024,2373.24,2333.17,2377.8,2325.84,1.73,28.47,27.94,28.51,27.75,1.79,123.34,117.11,136.75,
4/10/2024,2332.79,2352.91,2360.15,2319.54,-0.84,27.97,28.13,28.53,27.53,-0.67,208.52,261.34,168.44,
4/9/2024,2352.58,2339.24,2365.34,2336.94,0.59,28.16,27.85,28.33,27.61,1.16,171.76,159,173.43,
4/8/2024,2338.89,2322,2354.09,2302.86,0.4,27.84,27.48,28.09,26.85,1.3,126.33,153.92,81.7,
4/5/2024,2329.5,2289.88,2330.34,2267.85,1.75,27.48,26.95,27.51,26.27,2,142.05,158.6,170.09,
4/4/2024,2289.43,2299.62,2305.31,2280.15,-0.42,26.94,27.18,27.33,26.68,-1.01,160.98,172.83,123.57,
4/3/2024,2299.17,2279.57,2301.22,2265.5,0.84,27.22,26.15,27.24,26.1,4.23,181.87,194.26,162.03,
4/2/2024,2280.1,2250.88,2281.17,2246.79,1.32,26.11,25.13,26.18,25.07,4.09,197.96,249.98,197.53,
4/1/2024,2250.36,2239.59,2265.86,2228.54,0.81,25.09,25,25.39,24.74,0.45,123.22,144.52,132.6,
3/28/2024,2232.38,2194.19,2235.9,2187.33,1.75,24.97,24.64,25.01,24.38,1.25,99.63,111.73,82.84,
3/27/2024,2194.02,2179.03,2197.71,2173.59,0.71,24.67,24.44,24.69,24.32,0.96,126.74,149.32,105.39,
3/26/2024,2178.58,2171.82,2200.15,2167.75,0.33,24.43,24.69,24.9,24.36,-1.01,165.63,203.22,158.91,
3/25/2024,2171.45,2165.79,2181.3,2163.5,0.34,24.68,24.69,24.9,24.55,0.06,187.99,245.58,140.15,
3/22/2024,2164.15,2181.5,2186.25,2157.15,-0.76,24.66,24.72,24.95,24.4,-0.41,125,135.95,122.84,
3/21/2024,2180.81,2186,2222.9,2166.5,-0.24,24.77,25.61,25.79,24.63,-3.32,130.51,148.7,103.36,
3/20/2024,2185.96,2158.29,2188.9,2149.6,1.33,25.62,24.91,25.65,24.74,2.81,116.03,138.8,115.78,
3/19/2024,2157.23,2160.7,2162.93,2146.9,-0.13,24.92,25.05,25.17,24.73,-0.48,183.3,221.9,152.42,
3/18/2024,2159.99,2156,2163.64,2146.05,0.21,25.04,25.19,25.33,24.94,-0.51,147.65,128,149.47,
3/15/2024,2155.54,2162.4,2173.25,2155.19,-0.25,25.16,24.82,25.45,24.79,1.38,138.02,183.47,105.21,
3/14/2024,2161.01,2174.29,2177.1,2152.86,-0.62,24.82,25,25.17,24.74,-0.88,187.15,248.77,155.62,
3/13/2024,2174.4,2158.25,2179.91,2155.54,0.76,25.04,24.2,25.07,24.07,3.6,149.75,179.15,129.51,
3/12/2024,2157.99,2183,2184.86,2150.59,-1.12,24.17,24.39,24.69,24,-1.02,199.55,172.41,232.31,
3/11/2024,2182.47,2177.71,2189.04,2174.8,0.23,24.42,24.36,24.54,24.23,0.47,155.81,202.6,157.72,
3/8/2024,2177.51,2159.4,2195.2,2154.08,0.85,24.31,24.32,24.64,24.16,-0.04,183.72,177.61,194.44,
3/7/2024,2159.16,2148.54,2164.54,2144.29,0.51,24.32,24.16,24.52,24,0.64,122.23,146.23,91.48,
3/6/2024,2148.29,2127.95,2152.29,2123.65,0.98,24.16,23.68,24.32,23.56,2.04,108.02,95.72,99.8,
3/5/2024,2127.55,2115.15,2142.15,2110.52,0.59,23.68,23.9,24.23,23.62,-0.82,83.46,102.4,85.41,
3/4/2024,2114.99,2082.09,2119.95,2079.45,1.52,23.87,23.17,23.95,23.01,3.14,170.75,177.03,159.02,
3/1/2024,2083.39,2043.44,2088.4,2038.55,1.96,23.15,22.67,23.28,22.5,2.12,155.18,130.9,188.6,
2/29/2024,2043.24,2034.92,2050.79,2027.75,0.42,22.67,22.46,22.8,22.3,0.92,153.25,141.03,166.64,
2/28/2024,2034.62,2030.05,2038.3,2024.56,0.25,22.46,22.45,22.54,22.26,0.13,177.46,188.71,157.4,
2/27/2024,2029.64,2030.99,2039.99,2028.78,-0.05,22.43,22.52,22.73,22.42,-0.37,166.86,98.58,215.84,
2/26/2024,2030.66,2034.49,2037.59,2025.1,-0.25,22.51,22.96,22.96,22.44,-1.87,200.97,276.35,149.83,
2/23/2024,2035.72,2024.49,2041.43,2015.55,0.57,22.94,22.75,23.01,22.55,0.84,167.07,149.32,191.62,
2/22/2024,2024.11,2025.24,2034.84,2019.7,-0.04,22.75,22.87,23.18,22.73,-0.52,219.58,125.09,302.58,
2/21/2024,2024.99,2023.8,2032.22,2020.19,0.07,22.87,22.99,23.19,22.75,-0.4,193.75,236.77,197.49,
2/20/2024,2023.53,2017.99,2030.96,2015.02,0.29,22.96,22.99,23.2,22.91,0.02,170.21,221.9,141.54,
2/19/2024,2017.63,2013.16,2023.34,2011.57,0.22,22.96,23.41,23.46,22.93,-1.89,167.82,218.22,109.21,
2/16/2024,2013.1,2004.4,2015.25,1995.26,0.45,23.4,22.98,23.52,22.78,2.19,160.93,133.7,167.28,
2/15/2024,2004.09,1992.69,2008.49,1990.25,0.59,22.9,22.37,23.05,22.34,2.37,214.81,247.96,216.22,
2/14/2024,1992.39,1992.55,1996.14,1984.3,0.01,22.37,22.1,22.47,21.93,1.34,135.81,153.05,137.48,
2/13/2024,1992.13,2019.9,2030.05,1990.19,-1.37,22.07,22.69,22.95,21.98,-2.72,187.86,262.19,135.38,
2/12/2024,2019.79,2024.53,2028.09,2011.91,-0.22,22.69,22.6,23.09,22.51,0.38,156.39,184.25,189.15,
2/9/2024,2024.16,2033.65,2037.44,2020.3,-0.44,22.6,22.58,22.74,22.35,0.13,194.53,277.04,175.62,
2/8/2024,2033.18,2034.55,2038.94,2019.75,-0.05,22.58,22.21,22.65,22.13,1.77,116.23,162.22,77.32,
2/7/2024,2034.22,2035.9,2044.65,2030.65,-0.06,22.18,22.43,22.48,22.19,-0.96,100.38,144.55,74.2,
2/6/2024,2035.46,2024.99,2039.02,2022.55,0.53,22.4,22.36,22.5,22.25,0.19,118.75,162,62.37,
2/5/2024,2024.67,2039.91,2042.32,2014.4,-0.68,22.36,22.71,22.74,22.24,-1.38,125.88,145.3,121.2,
2/2/2024,2038.59,2055.09,2058.2,2027.45,-0.79,22.67,23.18,23.26,22.4,-2.07,171.52,245.81,169.37,
2/1/2024,2054.89,2037.59,2065.42,2029.55,0.87,23.15,22.92,23.27,22.5,1.03,147.5,159.3,143.09,
1/31/2024,2037.19,2036.58,2056.08,2031,0.05,22.92,23.17,23.34,22.77,-1.07,205.61,250.52,170.97,
1/30/2024,2036.12,2031.97,2048.48,2029.19,0.21,23.16,23.2,23.32,22.93,-0.05,206.28,254.03,171.53,
1/29/2024,2031.75,2019.4,2037.75,2017.38,0.66,23.18,22.81,23.23,22.76,1.68,140.53,200.14,144.68,
1/26/2024,2018.34,2019.94,2026.8,2015.97,-0.07,22.79,22.91,23,22.7,-0.51,141.32,191.61,112.81,
1/25/2024,2019.75,2012.84,2025.27,2010.15,0.36,22.91,22.66,23.03,22.64,0.95,202.29,252.09,210.27,
1/24/2024,2012.59,2028.94,2036.74,2011.28,-0.79,22.7,22.44,22.97,22.33,1.17,159.14,235.04,107.83,
1/23/2024,2028.69,2021.24,2037.92,2019.59,0.38,22.43,22.08,22.47,22.05,1.59,169.07,249.71,124.97,
1/22/2024,2020.99,2029.9,2032.28,2016.74,-0.4,22.08,22.64,22.67,21.92,-2.2,186.62,239.21,121.93,
1/19/2024,2029.09,2023.05,2039.49,2020.37,0.32,22.58,22.75,22.86,22.45,-0.72,207.41,212.68,246.38,
1/18/2024,2022.67,2006.09,2023.45,2005.43,0.85,22.74,22.55,22.78,22.42,0.96,167.49,160.79,206.33,
1/17/2024,2005.72,2027.9,2033.05,2001.91,-1.08,22.53,22.91,23.06,22.5,-1.67,176.2,234.21,175.82,
1/16/2024,2027.59,2054.91,2055.65,2024.29,-1.31,22.91,23.22,23.24,22.85,-1.25,193.39,286.08,145.25,
1/15/2024,2054.49,2048.09,2059.25,2045.8,0.28,23.2,23.18,23.35,23.1,0.14,106.4,141.43,94.37,
1/12/2024,2048.72,2028.3,2062.35,2027.99,1.02,23.17,22.75,23.54,22.73,1.82,210.59,238.32,189.31,
1/11/2024,2028.09,2023.74,2039.69,2013.32,0.23,22.75,22.88,23.21,22.47,-0.45,165.31,190.16,148.03,
1/10/2024,2023.4,2029.94,2040.44,2020.45,-0.31,22.86,22.97,23.12,22.77,-0.4,118.1,129.5,108.02,
1/9/2024,2029.59,2028.4,2042.09,2026.11,0.09,22.95,23.11,23.39,22.88,-0.59,241.27,299.03,206.05,
1/8/2024,2027.84,2044.08,2046.71,2016.84,-0.86,23.08,23.12,23.22,22.84,-0.33,106.63,141.73,106.4,
1/5/2024,2045.5,2043.69,2064.03,2024.49,0.11,23.16,23.01,23.52,22.77,0.75,167.49,197.89,165.06,
1/4/2024,2043.26,2041.34,2051.4,2036.24,0.12,22.99,22.99,23.08,22.69,0.12,180.69,240.17,155.81,
1/3/2024,2040.78,2059.15,2066.12,2030.68,-0.88,22.96,23.67,23.74,22.83,-2.88,142.9,246.06,108.02,
1/2/2024,2058.88,2062.9,2079.02,2056.04,-0.24,23.64,23.81,24.11,23.64,-0.73,131.12,192.64,91.82,
1/1/2024,2063.8,2064.24,2074.9,2063.3,0.06,23.82,23.84,23.86,23.8,0.25,167.6,275.2,114.77,
12/29/2023,2062.59,2065.15,2075.15,2057.75,-0.11,23.76,23.97,24.05,23.52,-0.72,221.28,213.92,301.1,
12/28/2023,2064.86,2077.34,2088.54,2065.89,-0.59,23.93,24.27,24.49,23.99,-1.3,122.69,143.89,96.02,
12/27/2023,2077.16,2066.7,2084.59,2061,0.51,24.25,24.21,24.47,23.94,0.22,180.18,234.9,138.3,
12/26/2023,2066.6,2055.73,2068.65,2053.59,0.57,24.2,24.23,24.45,24.06,-0.17,139.57,222.63,92.85,
12/25/2023,2054.93,2054.32,2058.36,2053.96,0.1,24.24,24.2,24.25,24.2,0.29,136.4,194.26,97.22,
12/22/2023,2052.98,2045.84,2070.65,2045.65,0.37,24.17,24.4,24.61,24.08,-0.88,89.37,71.27,138.72,
12/21/2023,2045.49,2029.44,2046.07,2029.44,0.8,24.38,24.13,24.5,24.12,1.04,114.02,143.58,99.8,
12/20/2023,2029.19,2040.34,2043.94,2029.37,-0.54,24.13,24.05,24.45,23.95,0.44,143.77,229.33,95.64,
12/19/2023,2040.12,2027.3,2047.07,2021.74,0.65,24.03,23.8,24.18,23.76,1.04,187.76,240.66,156.13,
12/18/2023,2027,2020.09,2033.71,2015.99,0.44,23.78,23.85,24.07,23.66,-0.21,144.02,237.22,83.31,
12/15/2023,2018.19,2035.8,2045.55,2015.68,-0.85,23.83,24.17,24.3,23.75,-1.29,169.26,204.89,211.11,
12/14/2023,2035.53,2026.59,2047.98,2024.33,0.45,24.14,23.77,24.22,23.76,1.65,148.68,213.44,118.69,
12/13/2023,2026.39,1979.74,2027.55,1973.09,2.37,23.75,22.77,23.82,22.5,4.38,192.79,244.62,194.32,
12/12/2023,1979.44,1981.59,1996.8,1977.19,-0.09,22.75,22.82,23.15,22.68,-0.19,167.42,166.91,178.99,
12/11/2023,1981.3,2003.6,2008.72,1975.95,-1.1,22.79,23.05,23.11,22.72,-0.76,153.77,140.53,149.18,
12/8/2023,2003.39,2028.69,2034.19,1994.74,-1.23,22.97,23.81,23.9,22.94,-3.43,153.52,188.37,137.48,
12/7/2023,2028.34,2025.3,2039.93,2020.26,0.17,23.78,23.9,24.04,23.58,-0.38,194.16,175.97,215.27,
12/6/2023,2024.9,2019.74,2036.3,2017.27,0.27,23.87,24.15,24.38,23.87,-1.04,131.24,177.94,113.5,
12/5/2023,2019.42,2030.15,2041.33,2010.02,-0.51,24.12,24.52,24.64,23.96,-1.49,89.69,59.61,109.38,
12/4/2023,2029.74,2071.25,2135.9,2020.34,-1.99,24.49,25.45,25.88,24.41,-3.66,194.86,259.01,151.23,
12/1/2023,2070.9,2034.49,2075.34,2033.75,1.73,25.42,25.27,25.53,25.08,0.68,94.81,106.34,88.7,
11/30/2023,2035.75,2044.8,2047.59,2031.84,-0.43,25.25,25.03,25.3,24.92,0.95,178.9,230.13,163.16,
11/29/2023,2044.59,2041.24,2052.09,2035.05,0.18,25.01,25.04,25.26,24.85,0.03,88.78,143.82,55.37,
11/28/2023,2040.89,2013.94,2043,2011.6,1.35,25,24.65,25.04,24.54,1.57,184.38,215.51,169.18,
11/27/2023,2013.64,2002.78,2018.14,2000.67,0.58,24.62,24.3,24.89,24.26,1.31,166.35,173.05,180.43,
11/24/2023,2001.97,1994.06,2003.68,1991.4,0.51,24.3,23.7,24.35,23.55,2.7,152.79,231.53,111.81,
11/23/2023,1991.79,1990.15,1999.19,1989.01,0.1,23.66,23.65,23.84,23.58,0.17,175.45,223.89,128.39,
11/22/2023,1989.72,1998.69,2006.9,1986.89,-0.43,23.62,23.75,23.99,23.53,-0.46,191.44,127.24,231.55,
11/21/2023,1998.37,1977.49,2007.52,1977.34,1.07,23.73,23.43,24.05,23.41,1.41,96.48,141.07,85.58,
11/20/2023,1977.19,1980.39,1985.26,1965.2,-0.14,23.4,23.76,23.86,23.24,-1.39,204.9,217.89,227.18,
11/17/2023,1980.01,1981.21,1993.94,1978.59,-0.04,23.73,23.72,24.2,23.66,0.03,149.48,178.83,119.33,
11/16/2023,1980.85,1959.44,1988.03,1956.49,1.11,23.72,23.43,24.13,23.27,1.27,170.86,219.79,155.83,
11/15/2023,1959.09,1963.05,1975.59,1955.41,-0.18,23.43,23.09,23.65,23.02,1.48,130.6,94.69,148.09,
11/14/2023,1962.67,1946.19,1970.84,1943.4,0.86,23.08,22.33,23.23,22.28,3.49,148.23,141.35,160.77,
11/13/2023,1945.89,1937.05,1949.27,1931.73,0.47,22.31,22.24,22.41,21.87,0.39,131.05,159.68,84.75,
11/10/2023,1936.79,1958.4,1960.93,1933.18,-1.09,22.22,22.63,22.8,22.18,-1.78,180.98,229.64,164.18,
11/9/2023,1958.19,1950.09,1965.69,1944.3,0.43,22.62,22.54,23.05,22.35,0.4,201.48,259.94,177.39,
11/8/2023,1949.79,1968.84,1971.12,1947.48,-0.95,22.53,22.61,22.87,22.29,-0.29,132.5,204.15,120.2,
11/7/2023,1968.4,1978.19,1978.75,1956.2,-0.47,22.6,23.03,23.2,22.42,-1.88,140.21,174.73,106.88,
11/6/2023,1977.68,1992.3,1993.3,1977.52,-0.73,23.03,23.23,23.29,22.98,-0.74,182.9,229.61,146.46,
11/3/2023,1992.27,1985.69,2004.06,1983.26,0.34,23.2,22.78,23.32,22.58,1.98,174.92,261.57,109.09,
11/2/2023,1985.51,1983.53,1991.49,1978.9,0.17,22.75,22.94,23.16,22.65,-1.04,219.58,287.71,198.24,
11/1/2023,1982.15,1983.01,1992.09,1969.9,-0.03,22.99,22.96,23.05,22.53,0.39,251.73,262.36,247.38,
10/31/2023,1982.7,1996,2007.8,1978.9,-0.66,22.9,23.29,23.37,22.73,-1.75,172.08,208.31,173.75,
10/30/2023,1995.88,2004.8,2007.37,1990.5,-0.49,23.31,23.12,23.64,23.02,0.72,205.43,192,213.53,
10/27/2023,2005.78,1985.17,2009.48,1976.35,1.06,23.14,22.76,23.18,22.65,1.36,251.86,283.84,236.75,
10/26/2023,1984.82,1979.97,1994.05,1971.6,0.26,22.83,22.84,23.15,22.44,-0.26,168.44,223.89,155.62,
10/25/2023,1979.62,1971.36,1987.19,1963.34,0.48,22.89,22.91,23.03,22.55,-0.17,208.09,224.27,224.48,
10/24/2023,1970.11,1972.97,1980.99,1953.5,-0.13,22.93,22.96,23.22,22.66,-0.22,250.01,286.62,249.46,
10/23/2023,1972.59,1972.9,1983.4,1964.36,-0.43,22.98,22.99,23.35,22.91,-1.58,312.77,467.72,307.37,
10/20/2023,1981.04,1974.31,1997.27,1971.93,0.37,23.35,23.02,23.71,22.87,1.35,298.63,363.87,331.09,
10/19/2023,1973.7,1947.99,1977.86,1945.18,1.34,23.04,22.83,23.1,22.63,0.74,338.85,431,330.35,
10/18/2023,1947.69,1923.7,1962.74,1923.05,1.28,22.87,22.82,23.33,22.68,0.2,333.01,349.46,359.49,
10/17/2023,1923.07,1920.14,1931.56,1911.85,0.19,22.83,22.64,23.01,22.36,1,274.52,267.6,324.66,
10/16/2023,1919.44,1929.3,1931.8,1907.65,-0.63,22.6,22.75,22.75,22.47,-0.44,290.34,381.55,296.3,
10/13/2023,1931.7,1869.02,1933.76,1868.94,3.37,22.7,21.84,22.83,21.8,3.94,287.31,292.05,318.55,
10/12/2023,1868.65,1874.1,1885.3,1866.92,-0.26,21.84,22.05,22.26,21.75,-1,218.01,229.42,221.57,
10/11/2023,1873.61,1859.99,1877.22,1858.6,0.73,22.06,21.84,22.13,21.79,1.15,265.93,265.11,278.82,
10/10/2023,1860.09,1861.27,1865.65,1852.65,-0.04,21.81,21.85,21.97,21.62,-0.37,259.08,282.88,297.51,
10/9/2023,1860.88,1832.74,1864.15,1832.63,1.56,21.89,21.62,22.02,21.57,1.39,227.07,279.64,211.03,
10/6/2023,1832.26,1820.4,1834.97,1810.1,0.67,21.59,20.92,21.66,20.8,3.3,161.31,91.89,220.36,
10/5/2023,1820.01,1820.49,1829.3,1812.7,-0.06,20.9,21.03,21.31,20.7,-0.29,54.3,36.09,70.24,
10/4/2023,1821.08,1824.3,1831.05,1816.15,-0.1,20.96,21.14,21.41,20.68,-0.9,61.24,66.6,64.81,
10/3/2023,1822.81,1827.96,1833.36,1814.7,-0.25,21.15,21.09,21.4,20.68,0.38,107.05,83,148.36,
10/2/2023,1827.4,1848.13,1849.06,1826.6,-1.13,21.07,22.18,22.2,21.01,-4.92,63.46,37.96,84.43,
9/29/2023,1848.31,1865.43,1880.24,1846.34,-0.87,22.16,22.62,23.57,22.11,-1.95,86.41,91.89,76.65,
9/28/2023,1864.56,1875.73,1880.15,1857.76,-0.54,22.6,22.57,22.75,22.39,0.36,64.38,58.35,68.13,
9/27/2023,1874.7,1900.69,1903.95,1872.47,-1.36,22.52,22.84,22.89,22.4,-1.5,101.47,47.6,138.97,
9/26/2023,1900.49,1916.03,1916.89,1899.17,-0.79,22.86,23.13,23.16,22.83,-1.08,81.25,24.92,114.34,
9/25/2023,1915.66,1925.24,1927.26,1915,-0.48,23.11,23.55,23.66,23.03,-1.78,109.96,41.11,171.44,
9/22/2023,1924.99,1920.08,1929.65,1919.58,0.28,23.53,23.43,23.79,23.39,0.64,131.63,109.35,164.18,
9/21/2023,1919.57,1930.99,1931.74,1913.4,-0.52,23.38,23.28,23.49,22.81,0.6,162.91,108.27,225.78,
9/20/2023,1929.68,1931.69,1947.8,1927.9,-0.07,23.24,23.28,23.61,23.04,0.04,190.11,206.76,258.68,
9/19/2023,1930.94,1933.68,1937.94,1929.71,-0.11,23.23,23.28,23.43,23.09,0,207.42,97.31,314.51,
9/18/2023,1933.14,1924.19,1934.61,1922.15,0.5,23.23,23.07,23.29,22.95,0.96,114.69,94.16,168.3,
9/15/2023,1923.57,1910.9,1930.84,1909.74,0.69,23.01,22.66,23.3,22.62,1.67,106.68,85.09,133.07,
9/14/2023,1910.32,1906.68,1912.99,1900.95,0.21,22.63,22.83,22.99,22.29,-0.9,119.94,102.49,123.48,
9/13/2023,1906.3,1913.55,1916.3,1905.5,-0.36,22.84,23.1,23.11,22.74,-1.17,134.78,31.01,198.29,
9/12/2023,1913.26,1922.9,1925.05,1907.15,-0.44,23.11,23.05,23.2,22.83,0.15,164.97,65.78,230.46,
9/11/2023,1921.66,1919.16,1930.9,1916.9,0.2,23.07,22.92,23.24,22.89,0.7,93.5,39.95,122.18,
9/8/2023,1917.81,1919.57,1930.19,1917.36,-0.07,22.91,22.98,23.19,22.85,-0.17,80.14,95.88,88.85,
9/7/2023,1919.19,1916.86,1923.67,1916.1,0.15,22.95,23.17,23.21,22.83,-1.02,80.34,61.61,92.5,
9/6/2023,1916.28,1926.16,1929.8,1914.8,-0.5,23.19,23.57,23.61,23,-1.47,76.63,47.01,88.22,
9/5/2023,1925.81,1938.59,1939.13,1925.22,-0.64,23.53,24,24.02,23.47,-1.83,121.79,24.28,182.28,
9/4/2023,1938.19,1940.49,1946.42,1936.15,-0.03,23.97,24.19,24.31,23.95,-0.8,100.62,61.73,115.84,
9/1/2023,1938.8,1940.19,1953.44,1934.59,-0.05,24.16,24.4,24.83,24.15,-1.11,73.49,45.08,84.61,
8/31/2023,1939.74,1942.61,1948.19,1938.86,-0.13,24.44,24.63,24.69,24.36,-0.87,117.42,110.9,102.78,
8/30/2023,1942.24,1937.48,1949.04,1934.94,0.26,24.65,24.73,25.02,24.52,-0.32,163.3,116.28,213.38,
8/29/2023,1937.12,1920.23,1938.41,1914,0.91,24.73,24.22,24.81,24.16,1.96,115.63,40.69,169.68,
8/28/2023,1919.66,1916.09,1926.19,1912.83,0.27,24.26,24.24,24.37,24.03,0.15,75.44,68.37,79.84,
8/25/2023,1914.53,1917.8,1923.09,1903.4,-0.15,24.22,24.16,24.39,23.91,0.35,40.26,11.47,66.95,
8/24/2023,1917.43,1914.15,1923.94,1911.35,0.16,24.14,24.34,24.36,24.05,-0.77,61.57,49.11,71.68,
8/23/2023,1914.31,1897.8,1920.94,1897.23,0.89,24.32,23.42,24.37,23.4,3.99,126.71,96.24,130.45,
8/22/2023,1897.47,1895.09,1905.05,1888.6,0.19,23.39,23.32,23.47,23.2,0.18,81.1,62.19,83,
8/21/2023,1893.94,1889.4,1899.05,1884.5,0.3,23.35,22.73,23.37,22.66,2.84,97.22,83.08,103.94,
8/18/2023,1888.19,1889.49,1897.44,1886.2,-0.04,22.7,22.71,22.9,22.62,0.06,77.42,33.08,110.36,
8/17/2023,1888.89,1892.2,1903.9,1884.5,-0.15,22.69,22.43,23.01,22.34,1.36,116.03,69.4,154.37,
8/16/2023,1891.76,1901.59,1907.9,1891.3,-0.52,22.39,22.55,22.8,22.39,-0.55,100.02,105.58,127.21,
8/15/2023,1901.56,1907.4,1912.19,1896.15,-0.33,22.51,22.59,22.73,22.22,-0.44,114.64,72.18,140.48,
8/14/2023,1907.9,1913.67,1916.55,1902.2,-0.28,22.61,22.7,22.78,22.35,-0.26,114.97,143.27,119.5,
8/11/2023,1913.32,1912.65,1921.15,1910.94,0.07,22.67,22.72,22.86,22.57,-0.05,142.36,76.42,200.33,
8/10/2023,1912.06,1914.94,1930.11,1911.73,-0.13,22.68,22.69,23.01,22.62,0.04,131.01,124.38,145.25,
8/9/2023,1914.59,1925.16,1932.48,1914.05,-0.53,22.67,22.76,22.95,22.62,-0.4,105.72,93.68,97.68,
8/8/2023,1924.82,1936.76,1938.15,1922.5,-0.6,22.76,23.08,23.2,22.65,-1.68,108.3,88.91,127.13,
8/7/2023,1936.39,1942.59,1946.81,1931.53,-0.27,23.15,23.65,23.7,23.06,-1.91,117.57,96.52,115.01,
8/4/2023,1941.62,1934.12,1947.19,1929.75,0.41,23.6,23.58,23.81,23.3,0.19,119.37,95.2,119.11,
8/3/2023,1933.74,1934.66,1939.03,1929.55,0.01,23.56,23.73,23.85,23.39,-0.78,88.73,106.15,88.54,
8/2/2023,1933.56,1945.74,1955.4,1933,-0.54,23.74,24.35,24.51,23.63,-2.42,132.76,138.65,147.19,
8/1/2023,1944.08,1965.1,1966.24,1941.2,-1.02,24.33,24.75,24.78,24.12,-1.78,116.91,103.6,140.43,
7/31/2023,1964.19,1959.49,1972.44,1951,0.25,24.77,24.34,24.86,24.18,1.81,154.4,111.94,175.07,
7/28/2023,1959.2,1944.27,1963.71,1944.27,0.73,24.33,24.13,24.42,24.1,0.81,130.33,97.45,162.56,
7/27/2023,1944.99,1972.08,1982.24,1942.61,-1.38,24.14,24.92,25.16,24.03,-3.14,132.5,60.04,190.31,
7/26/2023,1972.1,1964.99,1978.31,1961.99,0.38,24.92,24.65,25.05,24.51,0.9,84.08,55.88,93.22,
7/25/2023,1964.58,1955.2,1966.03,1953.21,0.52,24.7,24.37,24.73,24.28,1.33,61.72,54.7,68.43,
7/24/2023,1954.51,1962.09,1967.97,1953.42,-0.29,24.37,24.62,24.73,24.26,-0.83,143.43,163.42,159.02,
7/21/2023,1960.23,1969.99,1973.89,1956.82,-0.48,24.57,24.79,24.93,24.58,-0.67,112.39,106.15,127.89,
7/20/2023,1969.62,1976.8,1987.59,1965.4,-0.39,24.74,25.15,25.29,24.7,-1.69,127.64,145.43,141.52,
7/19/2023,1977.25,1978.97,1981.05,1969.75,-0.07,25.17,25.06,25.25,24.93,0.34,188.83,139.84,260.2,
7/18/2023,1978.71,1954.59,1984.39,1954.44,1.23,25.08,24.83,25.18,24.76,0.91,151.43,138.39,167.89,
7/17/2023,1954.74,1954.9,1959.91,1945.82,-0.01,24.86,24.93,24.96,24.59,-0.31,110.85,91.01,119.29,
7/14/2023,1954.93,1961.58,1963.81,1951,-0.27,24.93,24.85,25.04,24.67,0.29,151.37,104.47,193.64,
7/13/2023,1960.19,1957.44,1963.69,1952.71,0.16,24.86,24.16,24.9,24.09,2.99,80.51,57.33,95.64,
7/12/2023,1957.09,1932.59,1959.82,1932.18,1.3,24.14,23.19,24.17,23.09,4.48,203.19,110.49,255.99,
7/11/2023,1931.99,1925.4,1938.69,1924.4,0.36,23.1,23.18,23.41,23,-0.05,141.35,134.79,122.65,
7/10/2023,1924.99,1925.19,1928.31,1912.68,0.04,23.12,23.09,23.17,22.73,0.26,138.3,105.05,164.28,
7/7/2023,1924.28,1911.07,1934.92,1909.56,0.71,23.06,22.73,23.16,22.6,1.39,120.56,171.7,85.93,
7/6/2023,1910.8,1916.05,1927.69,1902.68,-0.34,22.74,23.16,23.27,22.52,-1.58,172.66,140.26,202.07,
7/5/2023,1917.32,1925.9,1935.17,1914.48,-0.4,23.11,22.96,23.32,22.75,0.68,89.85,95.55,109.58,
7/4/2023,1925.09,1921.78,1930.84,1919.9,0.19,22.95,22.91,23.08,22.86,0.29,109.93,116.9,109.69,
7/3/2023,1921.43,1919.4,1931.09,1910.1,0.1,22.88,22.78,23.08,22.69,0.58,45.38,38.78,53.9,
6/30/2023,1919.57,1908.53,1922.9,1900.56,0.6,22.75,22.57,22.86,22.33,0.9,102.67,86.2,125.82,
6/29/2023,1908.15,1908.8,1913.15,1893.01,0.04,22.55,22.72,22.89,22.27,-0.75,120.9,72.31,160.85,
6/28/2023,1907.42,1913.59,1917.24,1902.84,-0.31,22.72,22.85,22.98,22.55,-0.72,82.54,109.71,82.36,
6/27/2023,1913.35,1923.21,1930.85,1911.19,-0.49,22.89,22.77,23.11,22.73,0.51,118.31,94.35,167.24,
6/26/2023,1922.85,1924.3,1933.48,1921.59,0.08,22.77,22.45,22.9,22.4,1.58,169.51,140.83,211.43,
6/23/2023,1921.36,1913.8,1937.1,1910.24,0.41,22.42,22.24,22.69,22.1,0.79,46.41,46.27,38.59,
6/22/2023,1913.52,1932.09,1935,1912.34,-0.97,22.24,22.62,22.74,22.17,-1.77,154.5,98.58,185,
6/21/2023,1932.26,1935.42,1939.55,1919.34,-0.19,22.64,23.21,23.21,22.49,-2.35,127.87,72.85,162.03,
6/20/2023,1935.91,1950.9,1956.87,1929.77,-0.73,23.19,23.94,24.04,23.04,-3.15,142.78,102.49,180.47,
6/19/2023,1950.12,1957.99,1958.93,1947.8,-0.37,23.94,24.17,24.2,23.87,-0.85,107.78,100.29,107.55,
6/16/2023,1957.36,1957.68,1968,1953.42,-0.01,24.15,23.87,24.22,23.82,1.22,111.43,90.89,117.93,
6/15/2023,1957.65,1943.44,1960.34,1925.3,0.75,23.86,23.94,24.02,23.21,-0.3,158.32,133.55,182.28,
6/14/2023,1942.99,1943.49,1960.41,1939.73,-0.02,23.93,23.63,24.1,23.63,1.05,72.13,77.44,73.82,
6/13/2023,1943.33,1957.69,1970.74,1939.99,-0.69,23.68,24.06,24.41,23.59,-1.54,77.17,59.18,108.6,
6/12/2023,1956.92,1960.25,1967.55,1948.8,-0.19,24.05,24.27,24.32,23.86,-0.89,65.73,65.52,54.65,
6/9/2023,1960.6,1968.1,1973.09,1956.73,-0.36,24.27,24.29,24.54,24.19,0.1,96.33,53.35,124.6,
6/8/2023,1967.76,1940.59,1970.5,1939.81,1.45,24.24,23.46,24.37,23.41,3.35,78.74,78.49,84.18,
6/7/2023,1939.63,1963.59,1970.26,1939.8,-1.18,23.46,23.62,24.06,23.39,-0.53,142.29,158.88,123.05,
6/6/2023,1962.85,1962.11,1966.85,1954,0.06,23.58,23.56,23.8,23.33,-0.02,133.47,133.06,131.17,
6/5/2023,1961.76,1947.59,1964.13,1938.14,0.73,23.59,23.59,23.69,23.24,-0.01,107.09,42.7,142.47,
6/2/2023,1947.63,1978.14,1983.52,1947.67,-1.53,23.59,23.88,24.03,23.57,-1.33,129.57,123.56,159.27,
6/1/2023,1977.88,1962.8,1983.27,1953.43,0.79,23.91,23.55,23.94,23.26,1.82,182.4,140.78,225.06,
5/31/2023,1962.3,1959.3,1975.34,1953.67,0.16,23.48,23.21,23.64,23.09,1.13,219.58,137.6,281.71,
5/30/2023,1959.14,1944.19,1963.63,1932.08,0.84,23.22,23.17,23.36,22.91,0.09,111.29,65.26,141.54,
5/29/2023,1942.84,1944.09,1949.75,1940.3,-0.18,23.19,23.25,23.3,23.15,-0.49,44.97,44.83,49.86,
5/26/2023,1946.33,1940.69,1957.4,1936.84,0.31,23.31,22.74,23.35,22.67,2.36,61.34,55.6,64.92,
5/25/2023,1940.34,1958.13,1964.95,1938.86,-0.85,22.77,23.08,23.16,22.69,-1.36,106.29,117.73,137.48,
5/24/2023,1957.01,1975.19,1985.3,1956.51,-0.9,23.09,23.45,23.55,23.02,-1.45,115.22,80.41,153.29,
5/23/2023,1974.73,1971.99,1977.8,1954.29,0.27,23.43,23.67,23.68,23.1,-0.99,183.69,146.5,213.84,
5/22/2023,1969.43,1977.8,1982.66,1968.4,-0.36,23.66,23.86,23.94,23.59,-0.7,78.25,39,108.45,
5/19/2023,1976.56,1957.4,1984.09,1954.05,0.94,23.83,23.47,24.03,23.38,1.41,160.85,140.31,158.83,
5/18/2023,1958.05,1981.52,1986.12,1951.97,-1.19,23.49,23.69,23.79,23.32,-0.98,125.22,102.14,151.45,
5/17/2023,1981.72,1988.94,1993.13,1974.8,-0.35,23.73,23.74,23.89,23.53,-0.04,89.38,11.14,139.35,
5/16/2023,1988.6,2015.9,2018.94,1985.47,-1.58,23.73,24.14,24.22,23.63,-1.56,137.53,143.06,119.33,
5/15/2023,2020.6,2011.72,2022.2,2007.28,0.47,24.11,23.92,24.22,23.87,0.84,135.87,116.1,150.64,
5/12/2023,2011.15,2015.19,2022.56,2001.05,-0.22,23.91,24.15,24.22,23.72,-1.1,146.22,100.53,184.47,
5/11/2023,2015.55,2030.56,2041.44,2011.19,-0.69,24.18,25.48,25.49,24.12,-4.9,137.28,71.4,178.67,
5/10/2023,2029.51,2034.19,2048.22,2021.57,-0.23,25.42,25.6,25.93,25.22,-0.77,118.52,70.89,147.83,
5/9/2023,2034.17,2022.24,2037.7,2019.5,0.63,25.62,25.52,25.69,25.32,0.19,116.35,150.11,102.44,
5/8/2023,2021.39,2015.95,2029.63,2014.1,0.24,25.57,25.68,25.75,25.49,-0.31,51.76,58.97,49.19,
5/5/2023,2016.54,2051.73,2053.13,1999.3,-1.69,25.65,26.02,26.15,25.16,-1.59,69.74,23.17,106.31,
5/4/2023,2051.11,2036.86,2073.29,2030.34,0.59,26.07,25.54,26.09,25.43,1.84,118.08,136.31,103.36,
5/3/2023,2039.02,2014.8,2040.69,2007.96,1.13,25.6,25.39,25.62,25.08,0.82,149.53,160.53,133.9,
5/2/2023,2016.28,1982.81,2019.54,1978.38,1.73,25.39,24.96,25.49,24.57,1.67,77.04,89.6,53.38,
5/1/2023,1982.05,1991.34,2006.05,1977.05,-0.38,24.97,25.16,25.92,24.88,-0.26,104.61,111.24,127.58,
4/28/2023,1989.65,1986.75,1995.13,1976.08,0.09,25.04,24.87,25.09,24.72,0.33,117.88,117.52,107.83,
4/27/2023,1987.87,1987.58,2003.45,1973.8,-0.08,24.96,24.88,25.15,24.5,0.26,117.88,164.53,88.22,
4/26/2023,1989.48,2000.63,2009.51,1983.43,-0.42,24.89,24.96,25.24,24.71,-0.62,105.35,116.69,97.33,
4/25/2023,1997.87,1991.45,2003.9,1976.14,0.45,25.05,25.12,25.37,24.49,-0.5,180.23,173.48,165.37,
4/24/2023,1988.88,1981.34,1990.97,1974.19,0.3,25.17,25.07,25.25,24.78,0.55,159.47,86.71,204.93,
4/21/2023,1982.89,2004.29,2005.75,1971.65,-1.07,25.03,25.24,25.39,24.89,-1.02,140.05,97.13,162.03,
4/20/2023,2004.34,1993.58,2012.74,1990.49,0.56,25.29,25.24,25.51,25.04,0.13,95.67,107.3,79.55,
4/19/2023,1993.26,2007.49,2008.33,1969.28,-0.58,25.26,25.21,25.39,24.63,0.2,158.03,169.66,151.62,
4/18/2023,2004.93,1995.19,2011.98,1991.33,0.51,25.21,25.07,25.33,24.92,0.41,106.86,146.48,88.85,
4/17/2023,1994.77,2001.85,2015.13,1981.34,-0.41,25.11,25.31,25.62,24.8,-0.93,91.62,98.37,93.77,
4/14/2023,2003.04,2040.4,2047.6,1992.41,-1.8,25.34,25.8,26.11,25.14,-1.77,119.8,47.77,169.35,
4/13/2023,2039.73,2014,2048.84,2012.45,1.24,25.8,25.49,25.98,25.38,1.26,126.19,75.48,167.89,
4/12/2023,2014.67,2003.67,2028.4,2001.18,0.58,25.48,25.12,25.68,25.02,1.61,119.43,112.79,114.99,
4/11/2023,2003.14,1990.36,2007.58,1988.72,0.66,25.08,24.91,25.15,24.83,0.72,92.75,52.84,110.18,
4/10/2023,1989.95,2008.3,2011.17,1981.59,-0.9,24.9,24.9,25.09,24.71,-0.44,142.78,56.94,201.84,
4/6/2023,2008.02,2020.13,2021.63,2000.88,-0.61,25.01,24.99,25.03,24.56,0.12,173.69,123.68,226.96,
4/5/2023,2020.35,2020.44,2032.2,2009.99,0.02,24.98,24.99,25.15,24.64,-0.16,117.88,105.77,147.04,
4/4/2023,2019.97,1984.59,2025.19,1977.01,1.81,25.02,23.99,25.04,23.81,4.25,119.43,75.2,146.35,
4/3/2023,1984.11,1970.84,1990.64,1949.82,0.82,24,24.13,24.2,23.56,-0.32,84.6,64.88,97.41,
3/31/2023,1967.9,1978.62,1987.84,1966.89,-0.62,24.07,23.82,24.18,23.69,0.83,90.45,45.08,122.21,
3/30/2023,1980.25,1962.58,1984.4,1955.44,0.83,23.88,23.3,23.94,23.23,2.25,129.3,110.49,133.12,
3/29/2023,1964.04,1972.82,1974.64,1958.62,-0.49,23.35,23.29,23.43,23.03,0.4,79.96,79.71,75.99,
3/28/2023,1973.69,1957.23,1975.45,1948.66,0.88,23.26,23.09,23.39,22.82,0.7,76.76,47.09,98.2,
3/27/2023,1956.56,1977.66,1979.89,1943.68,-1.04,23.1,23.28,23.3,22.84,-0.55,120.95,53.59,167.62,
3/24/2023,1977.22,1993.99,2003.19,1975.18,-0.82,23.22,23.12,23.53,22.96,0.44,72.62,55.69,83.61,
3/23/2023,1993.5,1967.91,2003.43,1964.39,1.21,23.12,22.98,23.23,22.75,0.42,100.57,75.2,125.44,
3/22/2023,1969.58,1940.44,1978.93,1934.33,1.52,23.03,22.38,23.08,22.25,2.91,114.43,48.03,170.28,
3/21/2023,1940.15,1979.17,1985.3,1935.41,-1.95,22.38,22.51,22.66,22.15,-0.64,129.9,141.28,157.12,
3/20/2023,1978.71,1987.59,2010.19,1965.77,-0.46,22.52,22.59,22.73,22.22,-0.31,94.07,80.38,111.74,
3/17/2023,1987.93,1920,1989.8,1918.33,3.59,22.59,21.72,22.62,21.65,4.05,85.23,90.63,103.94,
3/16/2023,1919.12,1920.54,1934.12,1907.55,0.05,21.71,21.79,22.1,21.46,-0.34,112.81,163.58,119.39,
3/15/2023,1918.1,1903.91,1937.46,1885.78,0.84,21.79,21.69,22.4,21.53,0.44,101.75,101.44,122.21,
3/14/2023,1902.12,1913.19,1914.52,1895.17,-0.58,21.69,21.8,21.98,21.5,-0.54,117.31,122.52,148.64,
3/13/2023,1913.23,1869.01,1914.79,1869.01,2.43,21.81,20.7,21.94,20.58,6.33,144.3,87.56,177.37,
3/10/2023,1867.83,1830.96,1870.28,1827.71,2.02,20.51,20.07,20.81,19.89,2.19,113.44,67.86,141.5,
3/9/2023,1830.89,1813.65,1835.56,1811.84,0.95,20.07,20.02,20.3,19.97,0.35,147.48,79.17,198.1,
3/8/2023,1813.59,1813.61,1824.38,1809.4,0,20,20.08,20.25,19.9,-0.27,125.93,54.58,173.01,
3/7/2023,1813.52,1846.92,1852.26,1812.72,-1.8,20.05,21.04,21.16,20.02,-4.7,161.43,90.12,204.04,
3/6/2023,1846.85,1855.35,1858.84,1845.08,-0.44,21.04,21.31,21.32,20.97,-0.94,106.86,53.26,133.28,
3/3/2023,1854.97,1836.1,1856.47,1834.51,1.03,21.24,20.9,21.28,20.83,1.69,154.63,213.44,128.58,
3/2/2023,1836,1837.2,1838.94,1829.44,-0.04,20.89,21,21.06,20.66,-0.51,121.4,149.85,115.37,
3/1/2023,1836.81,1827.24,1845.05,1823.05,0.53,21,20.91,21.19,20.82,0.4,92.77,97.93,108.91,
2/28/2023,1827.15,1817.38,1831.27,1804.65,0.54,20.91,20.63,21.02,20.41,1.4,146.95,146.5,162.93,
2/27/2023,1817.31,1812.01,1820.22,1806.68,0.36,20.62,20.8,20.85,20.55,-0.69,125.63,92.28,142.95,
2/24/2023,1810.81,1822.74,1827.98,1808.91,-0.65,20.77,21.32,21.41,20.73,-2.46,110.97,88.51,147.65,
2/23/2023,1822.64,1825.12,1834.43,1817.55,-0.13,21.29,21.51,21.69,21.25,-0.98,127.87,145.69,121.52,
2/22/2023,1825.04,1834.71,1846.26,1823.05,-0.51,21.5,21.83,22,21.43,-1.49,150.31,149.85,173.06,
2/21/2023,1834.32,1841.71,1844.44,1829.7,-0.37,21.83,21.78,21.99,21.63,0.41,174.98,132.34,220.76,
2/20/2023,1841.14,1842.73,1847.86,1837.09,-0.02,21.74,21.67,21.93,21.54,0.06,146.03,76.62,204.51,
2/17/2023,1841.59,1837.52,1843.77,1818.34,0.23,21.73,21.6,21.82,21.16,0.58,106.1,58.76,156.84,
2/16/2023,1837.44,1836.56,1845.45,1827.18,0.07,21.6,21.64,21.82,21.42,-0.12,134.75,123.14,149.4,
2/15/2023,1836.19,1854.35,1860.18,1830.2,-0.98,21.63,21.86,21.89,21.42,-0.98,119.27,86.48,144.26,
2/14/2023,1854.29,1853.67,1871.03,1843.2,0.05,21.84,21.97,22.06,21.6,-0.59,82.67,35.32,127.66,
2/13/2023,1853.39,1865.69,1866.83,1850.42,-0.6,21.97,22,22.1,21.78,-0.1,110.42,142.46,86.42,
2/10/2023,1864.67,1861.68,1872.31,1852.69,0.18,21.99,21.98,22.32,21.82,0.08,147.88,153.32,167.24,
2/9/2023,1861.39,1875.64,1890.69,1858.89,-0.76,21.98,22.31,22.61,21.9,-1.49,169.59,169.06,188.02,
2/8/2023,1875.59,1874.05,1886.28,1867.4,0.09,22.31,22.19,22.55,22.13,0.55,134.98,67.28,187.06,
2/7/2023,1873.81,1867.39,1884.45,1864.94,0.35,22.19,22.27,22.48,22.04,-0.35,138.02,125.09,166.94,
2/6/2023,1867.36,1865.17,1881.54,1860.39,0.1,22.27,22.34,22.63,22.13,-0.38,112.53,126.21,128.66,
2/3/2023,1865.53,1912.57,1918.72,1861.41,-2.45,22.35,23.47,23.62,22.28,-4.75,116.33,99.4,128.97,
2/2/2023,1912.37,1950.54,1959.77,1911.33,-1.95,23.46,23.98,24.65,23.41,-2.15,130.6,118.36,167.84,
2/1/2023,1950.42,1927.92,1954.63,1920.56,1.17,23.98,23.73,24.05,23.35,1.18,108.7,114.07,123.69,
1/31/2023,1927.88,1922.82,1931.15,1900.74,0.28,23.7,23.59,23.8,22.96,0.46,148.32,153.34,146.18,
1/30/2023,1922.52,1928.4,1934.61,1920.58,-0.25,23.59,23.6,23.83,23.53,0.11,155.17,94.16,213.18,
1/27/2023,1927.34,1929.4,1935.15,1916.65,-0.09,23.56,23.92,24.05,23.29,-1.38,120.77,172,86.08,
1/26/2023,1928.99,1946.09,1949.27,1918.74,-0.87,23.89,23.9,24.32,23.59,-0.03,71.49,83.15,59.45,
1/25/2023,1945.93,1937.54,1948.12,1919.88,0.44,23.9,23.67,23.96,23.32,0.98,110.61,116.08,106.5,
1/24/2023,1937.45,1931.35,1942.93,1916.82,0.32,23.67,23.45,23.79,23.2,0.92,89.98,67.28,121.59,
1/23/2023,1931.3,1926.2,1935.69,1911.44,0.25,23.45,23.96,24.19,22.75,-2.07,87.71,80.71,78.54,
1/20/2023,1926.57,1931.48,1937.72,1920.58,-0.25,23.95,23.83,24.09,23.7,0.5,152.37,123.77,168.93,
1/19/2023,1931.39,1903.83,1935.4,1900.48,1.45,23.83,23.45,23.96,23.15,1.72,115.06,120.74,110.78,
1/18/2023,1903.76,1908.46,1926.3,1896.56,-0.24,23.43,23.92,24.36,23.41,-2.06,76.78,65.61,100.33,
1/17/2023,1908.39,1917.81,1919.83,1903.51,-0.5,23.92,24.4,24.48,23.82,-1.97,127.41,88.91,169.51,
1/16/2023,1918,1920.39,1929.24,1910.74,-0.12,24.4,24.3,24.56,23.93,0.62,107.1,152.53,114.51,
1/13/2023,1920.21,1897.03,1922.24,1891.8,1.23,24.25,23.78,24.32,23.48,2,103.7,80.41,124.55,
1/12/2023,1896.86,1876.43,1901.88,1873.64,1.09,23.77,23.42,24.2,23.32,1.52,114.45,126.77,105.74,
1/11/2023,1876.38,1877.3,1887.09,1866.75,-0.05,23.42,23.61,24.08,23.2,-0.8,129.44,82.12,156.56,
1/10/2023,1877.27,1871.66,1881.04,1867.37,0.3,23.61,23.63,23.81,23.42,-0.08,114.62,102.84,114.37,
1/9/2023,1871.59,1865.45,1881.8,1864.59,0.32,23.63,23.86,24.13,23.58,-0.78,86.13,52.84,99.16,
1/6/2023,1865.71,1833.27,1870.37,1830.53,1.77,23.81,23.25,23.94,23.19,2.57,88.73,106.15,88.54,
1/5/2023,1833.19,1854.19,1859.36,1824.68,-1.13,23.22,23.76,23.92,23.11,-2.19,100.74,118.15,88.7,
1/4/2023,1854.09,1839.51,1865.49,1835.92,0.79,23.74,24.01,24.49,23.59,-1.03,94.29,100.26,94.08,
1/3/2023,1839.49,1826.14,1850.69,1824.42,0.87,23.98,24.06,24.58,23.88,-0.03,198.45,167.4,215.79,
1/2/2023,1823.69,1823.85,1823.94,1823.85,-0.04,23.99,23.97,24.02,23.97,0.1,117.05,93.35,155.73,
12/30/2022,1824.4,1815.14,1826.73,1809.84,0.52,23.97,23.89,24.18,23.52,0.39,150.23,194.7,112.43,
12/29/2022,1814.89,1804.16,1820.52,1802.02,0.6,23.87,23.53,24.07,23.51,1.56,116.49,101.61,121.08,
12/28/2022,1804.09,1814,1815.18,1796.56,-0.54,23.5,24.05,24.12,23.45,-2.25,151.89,86.53,192.45,
12/27/2022,1813.93,1796.67,1833.39,1796.2,0.91,24.04,23.84,24.3,23.77,0.8,146.82,128.07,152.6,
12/26/2022,1797.61,1798.57,1798.78,1798.04,-0.02,23.85,23.91,23.96,23.84,0.65,64.7,51.6,64.56,
12/23/2022,1797.91,1792.65,1803.6,1789.62,0.3,23.7,23.55,23.91,23.5,0.56,114.93,161.75,78.7,
12/22/2022,1792.57,1814.2,1821.1,1784.11,-1.19,23.57,23.97,24.11,23.36,-1.67,159,184.93,165.27,
12/21/2022,1814.13,1818.06,1824.39,1811.24,-0.18,23.97,24.17,24.34,23.81,-0.82,169.54,169.02,195.2,
12/20/2022,1817.41,1787.49,1821.6,1784.21,1.68,24.17,22.97,24.28,22.87,5.31,132.74,132.34,130.45,
12/19/2022,1787.44,1793.13,1799.1,1783.48,-0.27,22.95,23.23,23.44,22.82,-1.14,171.46,164.09,159.68,
12/16/2022,1792.34,1776.72,1794.69,1773.89,0.88,23.21,23.07,23.26,22.54,0.7,98.8,127.46,96.65,
12/15/2022,1776.66,1807.4,1809.09,1772,-1.69,23.05,23.92,24,22.95,-3.55,73.61,45.16,84.75,
12/14/2022,1807.27,1810.49,1814.19,1796.07,-0.17,23.9,23.73,24.06,23.36,0.71,133.39,166.23,138.65,
12/13/2022,1810.29,1781.21,1824.87,1779.81,1.64,23.73,23.3,24.16,23.28,1.84,152.63,146.52,150.42,
12/12/2022,1781.15,1797.35,1798,1777.22,-0.86,23.3,23.46,23.55,23.1,-0.72,158.37,157.88,153.64,
12/9/2022,1796.63,1789.3,1806.45,1787.96,0.41,23.47,23.07,23.7,22.94,1.73,117.31,55.69,176.51,
12/8/2022,1789.23,1786.29,1795.18,1780.96,0.17,23.07,22.73,23.24,22.53,1.51,140.96,97.29,171.31,
12/7/2022,1786.22,1771.14,1790.92,1768.32,0.86,22.72,22.19,22.86,22.07,2.53,127.41,74.09,150.09,
12/6/2022,1770.91,1768.67,1781.46,1765.72,0.14,22.16,22.26,22.64,22.01,-0.39,139.1,133.53,162.79,
12/5/2022,1768.39,1797.92,1810.33,1765.32,-1.64,22.25,23.12,23.55,22.15,-3.79,98.97,139.29,106.5,
12/2/2022,1797.82,1803.15,1804.93,1778.26,-0.28,23.13,22.77,23.27,22.27,1.59,109.1,138.42,123.71,
12/1/2022,1802.89,1768.54,1804.32,1767.36,1.95,22.77,22.2,22.81,22.03,2.57,65.95,40.46,84.36,
11/30/2022,1768.45,1749.82,1770.39,1744.41,1.07,22.19,21.26,22.21,21.18,4.41,81.59,21.69,126.64,
11/29/2022,1749.73,1740.82,1759.33,1738.98,0.52,21.26,20.93,21.47,20.87,1.63,100.55,66.83,111.48,
11/28/2022,1740.75,1755,1764.08,1739.14,-0.88,20.92,21.4,21.65,20.85,-3.11,88,25.07,146.35,
11/25/2022,1756.14,1756.48,1761.58,1745.46,0.07,21.59,21.51,21.62,21.14,0.37,80.51,80.27,76.51,
11/24/2022,1754.96,1749.53,1759.08,1749.03,0.32,21.51,21.54,21.71,21.44,-0.02,46.47,39.71,44.16,
11/23/2022,1749.28,1740.3,1753.54,1728.25,0.52,21.51,21.08,21.62,20.9,2.06,105.6,99.74,138.65,
11/22/2022,1740.24,1738.48,1749.98,1736.61,0.14,21.08,20.84,21.37,20.82,1.15,105.25,143.58,119.76,
11/21/2022,1737.81,1750.82,1753.52,1732.03,-0.68,20.84,20.95,21.03,20.57,-0.35,107.63,83.45,159.1,
11/18/2022,1749.74,1760.74,1767.98,1747.04,-0.63,20.92,20.95,21.33,20.83,-0.17,77.71,67.79,88.85,
11/17/2022,1760.87,1773.82,1775.2,1754.13,-0.73,20.95,21.48,21.52,20.74,-2.45,153.21,158.01,193.3,
11/16/2022,1773.77,1778.34,1785.49,1769.82,-0.25,21.48,21.57,22.07,21.39,-0.29,170.58,164.57,183.02,
11/15/2022,1778.25,1771.88,1786.68,1766.56,0.36,21.54,21.99,22.29,21.37,-1.95,196.51,100.75,280.12,
11/14/2022,1771.8,1771.42,1775.36,1752.9,0.06,21.96,21.7,22.12,21.29,1.31,188.93,163.24,198.99,
11/11/2022,1770.69,1754.92,1773.17,1746.85,0.91,21.68,21.68,22.08,21.27,0.07,111.09,110.75,125.97,
11/10/2022,1754.75,1706.4,1757.59,1703.32,2.84,21.67,21.04,21.85,20.95,3.13,98.15,127.2,81.61,
11/9/2022,1706.32,1712.6,1722.94,1701.79,-0.36,21.01,21.37,21.63,20.99,-1.56,137.41,156.56,163.23,
11/8/2022,1712.52,1674.75,1717.31,1664.32,2.26,21.34,20.81,21.67,20.48,2.72,225.74,146.54,305.57,
11/7/2022,1674.68,1681.3,1682.08,1666.44,-0.33,20.78,20.49,21.03,20.38,-0.29,139.72,104.47,183.96,
11/4/2022,1680.27,1629.4,1682.17,1628.23,3.14,20.84,19.47,20.94,19.41,7.07,115.89,115.53,136.52,
11/3/2022,1629.15,1635.8,1641.32,1616.18,-0.35,19.46,19.23,19.58,18.82,0.93,186.55,120.63,251.55,
11/2/2022,1634.89,1647.77,1669.6,1634.4,-0.77,19.28,19.63,20.12,19.2,-1.88,150.82,75.18,214.99,
11/1/2022,1647.5,1633.4,1657.13,1630.93,0.88,19.65,19.17,20.04,19.12,2.66,136.88,163.75,127.48,
10/31/2022,1633.12,1643.69,1645.8,1631.77,-0.53,19.14,19.24,19.27,18.9,-0.45,113.79,138.65,105.13,
10/28/2022,1641.76,1663.3,1667.44,1637.39,-1.27,19.23,19.61,19.69,19,-1.82,203.69,128.25,267.43,
10/27/2022,1662.94,1664.5,1671.09,1654.81,-0.09,19.58,19.59,19.71,19.28,-0.19,180.49,201.11,220.71,
10/26/2022,1664.49,1653.21,1675.12,1649.15,0.72,19.62,19.35,19.83,19.21,1.45,133.39,110.82,138.65,
10/25/2022,1652.52,1649.7,1662.89,1637.82,0.24,19.34,19.24,19.48,18.78,0.42,139.72,69.65,193.64,
10/24/2022,1648.6,1658.19,1670.55,1643.64,-0.49,19.26,19.43,19.68,19.01,-0.72,93.58,37.31,124.5,
10/21/2022,1656.66,1628.1,1659.08,1617.21,1.78,19.4,18.74,19.43,18.28,3.97,174.35,115.87,237.23,
10/20/2022,1627.66,1629.93,1645.83,1621.93,-0.05,18.66,18.52,19.05,18.22,1.19,159.92,148.04,180.47,
10/19/2022,1628.49,1651.99,1654.9,1627.25,-1.41,18.44,18.75,18.83,18.36,-1.71,160.19,148.29,190.29,
10/18/2022,1651.83,1650.49,1661.27,1645.61,0.11,18.76,18.7,18.99,18.54,0.43,128.98,58.45,195.01,
10/17/2022,1649.94,1644.09,1668.69,1643.69,0.5,18.68,18.23,18.97,18.23,2.32,171.67,139.45,200.9,
10/14/2022,1641.76,1665.9,1672.02,1639.9,-1.44,18.26,18.88,19.09,18.08,-3.24,147.23,94.35,183.63,
10/13/2022,1665.8,1673.3,1682.84,1642.25,-0.4,18.87,19.05,19.35,18.46,-1.01,133.84,100.07,166.94,
10/12/2022,1672.51,1666.49,1678.9,1660.95,0.43,19.06,19.18,19.32,18.86,-0.68,181.95,149.38,258.1,
10/11/2022,1665.31,1668.4,1684.44,1660.45,-0.16,19.19,19.62,19.74,19.06,-2.34,228.25,256.72,233.6,
10/10/2022,1667.96,1696.8,1700.33,1665.3,-1.57,19.65,20.18,20.19,19.5,-2.29,193.34,256.99,203.64,
10/7/2022,1694.52,1711.1,1715.4,1690.35,-0.95,20.11,20.67,20.84,19.99,-2.62,144.24,39.67,239.88,
10/6/2022,1710.85,1716.06,1726.09,1706.53,-0.29,20.65,20.69,20.88,20.36,-0.24,202.7,148.9,257.26,
10/5/2022,1715.81,1726.42,1728.1,1700.15,-0.6,20.7,21.06,21.08,19.94,-1.94,171.15,121.09,229.54,
10/4/2022,1726.24,1699.4,1729.73,1694.73,1.59,21.11,20.69,21.26,20.6,1.71,164.21,90.32,254.26,
10/3/2022,1699.22,1661.3,1701.8,1659.1,2.38,20.76,19.02,20.78,19,9.24,123.9,91.01,195.2,
9/30/2022,1659.67,1661.13,1675.57,1658.93,-0.04,19,18.82,19.31,18.77,0.98,162.74,104.67,227,
9/29/2022,1660.29,1659.88,1665.12,1641.05,0.05,18.82,18.91,18.92,18.48,-0.4,156.94,122.93,186.43,
9/28/2022,1659.44,1629.26,1663.17,1614.35,1.88,18.89,18.4,18.99,17.96,2.5,202.59,185.59,282.28,
9/27/2022,1628.8,1621.99,1642.94,1621.77,0.45,18.43,18.33,18.8,18.31,0.52,155.89,99.9,240.73,
9/26/2022,1621.57,1645.4,1650.02,1620.8,-1.31,18.34,18.89,19.04,18.32,-2.67,163.02,104.01,216.89,
9/23/2022,1643.09,1671.55,1676.59,1639.59,-1.64,18.84,19.64,19.72,18.77,-4.13,187.8,93.61,277.62,
9/22/2022,1670.53,1675.06,1685.49,1655.53,-0.19,19.65,19.59,19.88,19.24,0.31,225.86,150.11,348.78,
9/21/2022,1673.74,1663.67,1688.15,1654.15,0.64,19.59,19.28,19.93,19.24,1.45,189.75,162.15,261.48,
9/20/2022,1663.11,1675.47,1679.34,1659.6,-0.76,19.31,19.57,19.62,19.05,-1.53,109.77,90.12,139.6,
9/19/2022,1675.78,1675.44,1680.16,1659.67,0.05,19.61,19.55,19.66,19.22,0.26,122.18,67.67,158.05,
9/16/2022,1674.94,1664.27,1680.69,1653.85,0.67,19.56,19.17,19.67,18.78,2.09,127.41,105.85,176.57,
9/15/2022,1663.74,1696.06,1698.62,1660.04,-1.89,19.16,19.62,19.67,19.11,-2.69,95.61,156.99,56.12,
9/14/2022,1695.8,1701.86,1707.49,1693.26,-0.34,19.69,19.34,19.72,19.23,1.92,202.93,178.51,238.23,
9/13/2022,1701.55,1724.75,1732.34,1696.7,-1.31,19.32,19.82,19.98,19.32,-2.33,132.26,143.84,179.97,
9/12/2022,1724.07,1717.05,1735.37,1711.97,0.47,19.78,18.86,20.03,18.84,5.33,111.96,131.31,109.52,
9/9/2022,1716.05,1708.84,1729.94,1708.22,0.51,18.78,18.64,18.98,18.52,1.12,94.33,55.32,129.19,
9/8/2022,1707.28,1718.4,1728.8,1703.5,-0.61,18.57,18.46,18.76,18.31,0.32,99.43,93.91,130.55,
9/7/2022,1717.69,1701.61,1719.82,1690.9,0.97,18.51,18.02,18.54,17.84,2.53,124.29,86.2,170.75,
9/6/2022,1701.15,1710.56,1727.24,1699.3,-0.53,18.05,18.15,18.6,17.94,-0.6,119.16,95.03,148.62,
9/5/2022,1710.21,1712.99,1716.34,1707.47,-0.07,18.16,18.06,18.28,17.94,0.77,83.96,45.65,101.55,
9/2/2022,1711.44,1696.35,1718.31,1694.64,0.91,18.02,17.81,18.31,17.78,0.96,84.13,94.35,78.7,
9/1/2022,1696.09,1711.09,1711.81,1688.35,-0.85,17.85,17.98,18.01,17.55,-0.67,187.71,198.14,202,
8/31/2022,1710.7,1723.83,1726.86,1709.1,-0.75,17.97,18.42,18.57,17.92,-2.81,97.75,119.1,72.25,
8/30/2022,1723.55,1738.36,1740.93,1720.85,-0.82,18.49,18.79,18.87,18.34,-1.39,115.27,60.48,171.53,
8/29/2022,1737.82,1736.19,1745.63,1720.08,0.06,18.75,18.88,18.93,18.51,-0.69,120.46,146.77,144.68,
8/26/2022,1736.86,1758.55,1759.31,1733.83,-1.23,18.88,19.26,19.44,18.82,-2.07,108.25,86.34,135.02,
8/25/2022,1758.44,1751.55,1765.93,1749.71,0.43,19.28,19.13,19.43,19.09,0.63,149.12,169.9,141.71,
8/24/2022,1750.89,1748.55,1755.88,1742.29,0.18,19.16,19.13,19.25,18.94,0,102.45,56.74,141.98,
8/23/2022,1747.67,1736.4,1754.28,1730.52,0.69,19.16,18.99,19.3,18.79,0.79,145.34,144.89,171.21,
8/22/2022,1735.7,1747.05,1749.31,1727.51,-0.69,19.01,19.04,19.2,18.71,-0.08,101.73,76.06,137.46,
8/19/2022,1747.83,1759.3,1759.88,1745.19,-0.59,19.03,19.57,19.58,19.02,-2.53,117.68,129.04,146.78,
8/18/2022,1758.2,1761.63,1772.59,1755.37,-0.16,19.52,19.88,19.97,19.48,-1.61,100.74,59.08,137.97,
8/17/2022,1761.05,1775.98,1782.63,1759.58,-0.82,19.84,20.14,20.32,19.69,-1.38,156.09,138.32,173.06,
8/16/2022,1775.54,1779.74,1783.37,1771.33,-0.19,20.12,20.28,20.31,19.91,-0.68,96.54,96.24,100.35,
8/15/2022,1778.91,1802.05,1802.53,1772.75,-1.27,20.25,20.8,20.9,20.09,-2.67,110.42,90.65,108.02,
8/12/2022,1801.76,1790.06,1802.86,1784.52,0.69,20.81,20.32,20.89,20.23,2.56,182.54,160.57,205.36,
8/11/2022,1789.45,1792.39,1799.4,1783.24,-0.15,20.29,20.59,20.67,20.24,-1.34,130.27,136.05,154.75,
8/10/2022,1792.13,1794.21,1807.9,1787.32,-0.11,20.57,20.53,20.86,20.34,0.31,80.65,68.92,86.23,
8/9/2022,1794.08,1789.21,1800.45,1782.85,0.31,20.5,20.67,20.8,20.41,-0.7,212.57,153.05,255.32,
8/8/2022,1788.52,1773.57,1790.26,1770.94,0.81,20.65,19.9,20.75,19.8,3.89,149.1,103.4,204.84,
8/5/2022,1774.15,1791.16,1795.29,1764.88,-0.94,19.88,20.18,20.35,19.55,-1.37,163.93,112.71,206.82,
8/4/2022,1790.97,1765.34,1795.29,1763,1.48,20.15,20.06,20.4,19.96,0.56,212.05,148.55,285.93,
8/3/2022,1764.9,1760.53,1772.9,1754.33,0.29,20.04,19.98,20.19,19.78,0.42,210.23,124.62,264.58,
8/2/2022,1759.75,1772.23,1788.24,1759.86,-0.68,19.95,20.36,20.52,19.94,-1.89,204.48,116.49,262.33,
8/1/2022,1771.73,1765.05,1775.22,1758.05,0.37,20.34,20.32,20.53,20.05,0.09,130.93,117.48,163.31,
7/29/2022,1765.22,1755.81,1768.17,1752.19,0.58,20.32,20,20.38,19.85,1.73,68.25,52.34,87.31,
7/28/2022,1755.11,1734.61,1757.43,1733.59,1.22,19.97,19.11,20.08,19.06,4.41,106.68,95.72,124.2,
7/27/2022,1733.89,1717.41,1740.6,1711.46,0.98,19.13,18.63,19.17,18.44,2.85,145.54,127.68,154.91,
7/26/2022,1717,1719.69,1728.36,1713.2,-0.1,18.6,18.44,18.74,18.38,1.02,160.86,154.43,178.35,
7/25/2022,1718.78,1728.15,1736.43,1714.57,-0.44,18.41,18.6,18.81,18.3,-0.95,109.56,38.55,160.77,
7/22/2022,1726.46,1718.61,1739.28,1712.93,0.46,18.59,18.86,18.96,18.5,-1.32,125.48,40.03,200.33,
7/21/2022,1718.49,1696.73,1720.69,1680.78,1.3,18.84,18.68,18.93,18.23,0.99,117.51,100.41,158.2,
7/20/2022,1696.43,1711.3,1714.94,1692.53,-0.86,18.65,18.77,19.13,18.65,-0.42,149.56,55.22,239.52,
7/19/2022,1711.07,1709.27,1718.64,1704.96,0.12,18.73,18.7,18.93,18.58,0.33,151.08,89.25,223.34,
7/18/2022,1709.01,1707.94,1724.05,1705.89,0.13,18.67,18.71,19.03,18.64,-0.09,128.71,162.08,135.19,
7/15/2022,1706.78,1709.81,1716.92,1698.82,-0.16,18.69,18.41,18.79,18.18,1.66,192.03,148.9,239.52,
7/14/2022,1709.45,1735.7,1736.94,1697.48,-1.49,18.38,19.21,19.25,18.13,-4.2,165.35,98.91,210.83,
7/13/2022,1735.23,1726.17,1745.54,1707.38,0.55,19.19,18.93,19.42,18.85,1.57,182.87,145.85,217.23,
7/12/2022,1725.81,1733.99,1743.49,1722.93,-0.45,18.89,19.11,19.27,18.74,-1,113.64,147.28,113.39,
7/11/2022,1733.67,1742.86,1744.92,1731.01,-0.47,19.08,19.31,19.4,19.06,-1.12,112.85,52.94,154.56,
7/8/2022,1741.82,1740.05,1752.5,1733.24,0.13,19.3,19.22,19.47,19.02,0.56,110.42,83.87,122.42,
7/7/2022,1739.61,1738.93,1749.14,1735.95,0.08,19.19,19.21,19.5,19.1,0.06,88.63,66.27,110.55,
7/6/2022,1738.3,1764.87,1773.06,1731.75,-1.48,19.18,19.22,19.4,18.92,-0.06,138.99,150.11,134.84,
7/5/2022,1764.35,1808.74,1812.42,1763.48,-2.47,19.19,19.96,20.26,19.09,-3.82,109.65,138.08,86.38,
7/4/2022,1809.12,1812.27,1814.36,1803.45,-0.06,19.95,19.89,20.04,19.76,0.42,80.44,87.48,97.29,
7/1/2022,1810.18,1807.31,1812.09,1784.1,0.18,19.87,20.27,20.31,19.38,-1.86,119.08,107.92,153.03,
6/30/2022,1806.89,1817.8,1825.9,1802.2,-0.56,20.25,20.73,20.85,20.2,-2.23,173.21,151.09,225.04,
6/29/2022,1817.11,1819.95,1833.24,1812.1,-0.14,20.71,20.8,21.07,20.62,-0.62,181.89,186.82,238.33,
6/28/2022,1819.69,1822.85,1830.09,1818.2,-0.17,20.84,21.17,21.39,20.79,-1.44,200.76,189.02,241.14,
6/27/2022,1822.73,1838.15,1841.34,1820.4,-0.19,21.14,21.25,21.56,21.1,0.15,132,100.26,177.71,
6/24/2022,1826.18,1822.88,1832.15,1816.7,0.21,21.11,20.96,21.24,20.61,0.84,149.36,106.36,204.04,
6/23/2022,1822.43,1837.87,1846.19,1821.88,-0.81,20.93,21.41,21.53,20.91,-2.14,143.56,190.83,141.48,
6/22/2022,1837.39,1832.96,1848.44,1823.23,0.26,21.39,21.69,21.7,21.24,-1.26,121.32,126.21,131.58,
6/21/2022,1832.56,1838.37,1844.15,1828.29,-0.31,21.67,21.59,21.98,21.49,0.4,116.77,98.03,153.31,
6/20/2022,1838.29,1840.4,1846.42,1834.49,-0.06,21.58,21.65,21.81,21.46,-0.32,115.72,115.37,144.34,
6/17/2022,1839.35,1857.34,1858.29,1833.72,-0.93,21.65,21.95,21.97,21.57,-1.25,114.05,82.69,137.94,
6/16/2022,1856.71,1833.99,1857.91,1815.95,1.27,21.92,21.68,22.02,21.34,1.25,132.28,109.9,128.33,
6/15/2022,1833.38,1808.35,1841.74,1807.24,1.4,21.65,21.06,21.86,21,2.74,110.05,120.68,91.51,
6/14/2022,1808.1,1819.1,1832.19,1804.65,-0.59,21.08,21.08,21.4,20.88,0.11,136.37,113.29,188.99,
6/13/2022,1818.77,1875.8,1877.38,1818.9,-2.79,21.05,21.93,22.02,20.96,-3.74,147.23,146.77,163.23,
6/10/2022,1870.96,1848.09,1876.47,1825.02,1.26,21.87,21.69,22.02,21.28,0.97,94.35,52.25,122.03,
6/9/2022,1847.61,1853.53,1855.52,1839.6,-0.3,21.66,22.06,22.17,21.54,-1.69,115.55,76.8,155.57,
6/8/2022,1853.26,1852.51,1859.9,1844.35,0.07,22.03,22.23,22.26,21.81,-0.77,152.37,146.27,178.32,
6/7/2022,1851.97,1841.6,1855.86,1836.73,0.6,22.21,22.08,22.32,21.87,0.68,139.03,108.47,201.06,
6/6/2022,1841,1850.29,1858.15,1840.5,-0.53,22.06,21.92,22.54,21.89,0.66,190.13,145.8,231.06,
6/3/2022,1850.77,1868.53,1874.3,1847.02,-0.93,21.91,22.3,22.53,21.84,-1.66,142.78,102.49,189.97,
6/2/2022,1868.13,1846.44,1870.69,1843.76,1.22,22.28,21.84,22.36,21.75,2.2,142.59,120.29,164.18,
6/1/2022,1845.55,1837.37,1850.4,1828.28,0.46,21.8,21.56,22.01,21.42,1.23,168.34,162.41,207.72,
5/31/2022,1837.09,1856.4,1857.69,1834.9,-1.03,21.54,21.98,22.02,21.48,-1.87,190.31,177.87,217.59,
5/30/2022,1856.21,1852.19,1864.34,1847.92,0.19,21.95,22.12,22.32,21.91,-0.7,115.82,138.56,128.42,
5/27/2022,1852.73,1850.48,1862.3,1847.76,0.15,22.1,22.02,22.46,21.93,0.5,155.52,124.03,181.05,
5/26/2022,1850.02,1853.48,1854.71,1841.14,-0.15,21.99,21.99,22.09,21.72,0.1,134.57,72.24,172.16,
5/25/2022,1852.83,1865.09,1868.4,1842.94,-0.7,21.97,22.12,22.15,21.73,-0.55,155.1,209.85,147.4,
5/24/2022,1865.9,1853.59,1869.99,1849.06,0.68,22.09,21.81,22.22,21.66,1.47,222.36,295.57,265.49,
5/23/2022,1853.22,1846.53,1865.65,1844.08,0.41,21.77,21.77,22.2,21.68,0.09,150.31,115.27,173.06,
5/20/2022,1845.68,1842.12,1849.59,1832.35,0.22,21.75,21.93,22.1,21.61,-0.66,140.96,90.34,200.94,
5/19/2022,1841.72,1816.6,1849.46,1810.55,1.44,21.89,21.42,22,21.28,2.33,162.38,129.5,189.03,
5/18/2022,1815.61,1815.2,1825.02,1807.3,0.05,21.4,21.63,21.79,21.36,-1.02,165.9,128.04,195.8,
5/17/2022,1814.67,1824.18,1836.55,1812.68,-0.5,21.62,21.62,21.94,21.51,0.07,174.62,158.26,220.01,
5/16/2022,1823.79,1811.05,1827.23,1786.95,0.7,21.6,21.11,21.72,20.84,2.51,168.75,174.46,197.49,
5/13/2022,1811.15,1822.48,1829.06,1799.24,-0.58,21.07,20.69,21.13,20.46,1.97,162.08,141.39,210.59,
5/12/2022,1821.72,1852.58,1859.3,1820.93,-1.64,20.66,21.57,21.72,20.62,-4.15,158.26,174.1,163.36,
5/11/2022,1852.12,1838.41,1857.99,1831.83,0.76,21.56,21.27,21.97,21.24,1.48,176.38,175.83,210.83,
5/10/2022,1838.14,1853.74,1865.76,1835.46,-0.85,21.24,21.79,22.14,21.18,-2.52,143.25,190.41,158.82,
5/9/2022,1853.92,1883.8,1885.95,1851.36,-1.54,21.79,22.33,22.38,21.7,-2.46,150.87,170.02,174.54,
5/6/2022,1882.96,1877.3,1892.93,1865.84,0.33,22.34,22.53,22.65,22.1,-0.72,174.07,178.79,192.99,
5/5/2022,1876.84,1881.47,1910.03,1872.48,-0.22,22.5,23,23.3,22.32,-1.99,144.7,144.25,171.89,
5/4/2022,1880.92,1868.04,1889.74,1861.17,0.7,22.96,22.57,23.13,22.21,1.79,163.45,217.26,172.16,
5/3/2022,1867.79,1863.05,1878.19,1850.33,0.27,22.55,22.65,22.86,22.42,-0.33,157.47,156.99,187.06,
5/2/2022,1862.77,1896.09,1900.1,1854.74,-1.77,22.63,22.77,22.86,22.12,-0.49,96.67,128.5,107.18,
4/29/2022,1896.4,1894.43,1919.97,1892.25,0.11,22.74,23.15,23.59,22.68,-1.7,148.94,143.36,170.82,
4/28/2022,1894.34,1886.14,1897.32,1872.19,0.44,23.13,23.29,23.42,22.89,-0.65,176.38,131.88,219.99,
4/27/2022,1886.12,1905.45,1907.25,1881.39,-1.02,23.28,23.51,23.71,23.24,-0.85,186.7,127.63,239.52,
4/26/2022,1905.56,1897.95,1911.5,1895.38,0.41,23.48,23.63,23.98,23.4,-0.51,160.54,160.05,169.1,
4/25/2022,1897.69,1931.09,1934.71,1891.05,-1.66,23.61,24.15,24.19,23.4,-2.22,246.9,232.47,285.15,
4/22/2022,1929.73,1951.49,1955.93,1926.52,-1.12,24.14,24.66,24.68,24.04,-2.01,246.8,218.7,319.23,
4/21/2022,1951.49,1957.84,1958,1936.79,-0.3,24.64,25.2,25.22,24.42,-2.15,128.26,111.19,139.12,
4/20/2022,1957.41,1950.34,1958.57,1939.16,0.39,25.18,25.18,25.32,24.89,0.08,189.61,166.79,250.41,
4/19/2022,1949.84,1979.19,1982.31,1943.8,-1.45,25.16,25.86,26.01,25.06,-2.64,213.52,243.27,223.2,
4/18/2022,1978.5,1972.84,1998.6,1971.05,0.2,25.84,25.64,26.24,25.61,0.62,218.63,184.93,264.43,
4/15/2022,1974.54,1974.28,1975.69,1973.05,0.05,25.68,25.68,25.73,25.64,0.2,168.44,186.57,186.75,
4/14/2022,1973.52,1977.78,1980.81,1960.9,-0.21,25.63,25.73,25.89,25.3,-0.35,265.66,302.67,279.51,
4/13/2022,1977.72,1967.21,1981.82,1962.59,0.57,25.72,25.37,25.86,25.34,1.48,258.88,305.48,254.8,
4/12/2022,1966.59,1953.99,1978.63,1949.48,0.67,25.35,25.15,25.63,24.86,1.08,226.25,219.77,260.5,
4/11/2022,1953.43,1947.15,1969.41,1940.05,0.39,25.07,24.8,25.39,24.68,1.31,195.23,226.02,240.89,
4/8/2022,1945.85,1931.92,1948.46,1927.38,0.71,24.75,24.62,24.83,24.37,0.73,219.48,152.65,263.14,
4/7/2022,1932.17,1925.32,1938.07,1920.27,0.35,24.57,24.46,24.69,24.24,0.57,243.42,232.12,290.41,
4/6/2022,1925.48,1923.69,1933.65,1915.24,0.09,24.43,24.34,24.58,24.12,0.49,175.75,116.8,247.99,
4/5/2022,1923.76,1933.38,1944.73,1917.74,-0.45,24.31,24.56,24.96,24.23,-0.78,212.42,137.36,276.88,
4/4/2022,1932.44,1924.94,1937.05,1915.55,0.42,24.5,24.63,24.88,24.28,-0.44,163.02,143.02,184.36,
4/1/2022,1924.3,1937.51,1939.99,1917.56,-0.67,24.61,24.81,24.9,24.42,-0.65,188.16,167.83,205.87,
3/31/2022,1937.23,1932.8,1949.92,1918.98,0.22,24.77,24.87,25.1,24.57,-0.29,254.81,220.89,331.65,
3/30/2022,1933.06,1920.07,1938.53,1915.74,0.72,24.84,24.77,25.08,24.69,0.39,233.51,270.69,243.84,
3/29/2022,1919.19,1922.95,1929.41,1890.03,-0.21,24.75,24.85,25.06,23.97,-0.37,233.36,181.57,283.97,
3/28/2022,1923.2,1958.75,1959.36,1916.83,-1.75,24.84,25.53,25.6,24.79,-2.63,281.92,319.38,277.05,
3/25/2022,1957.4,1957.49,1964.49,1943.55,0,25.51,25.54,25.76,25.26,-0.01,350.74,328.08,424.88,
3/24/2022,1957.48,1944.88,1966.19,1937.18,0.73,25.51,25.11,25.86,24.96,1.79,317.01,265.66,420.24,
3/23/2022,1943.38,1922.35,1948.55,1915.32,1.14,25.06,24.78,25.22,24.68,1.23,267.47,297.42,342.17,
3/22/2022,1921.44,1935.86,1938.59,1910.89,-0.75,24.76,25.22,25.44,24.58,-1.74,244.84,201.01,295.41,
3/21/2022,1935.95,1922.24,1940.69,1918.01,0.77,25.2,24.96,25.33,24.89,0.99,227.74,227.04,223.8,
3/18/2022,1921.09,1942.9,1945.51,1917.93,-1.11,24.95,25.38,25.46,24.83,-1.52,285.32,202.48,394.07,
3/17/2022,1942.64,1927.56,1950.1,1923.4,0.76,25.34,25.09,25.56,25.01,1.08,290.33,227.75,348.27,
3/16/2022,1927.93,1918.1,1929.87,1895.22,0.53,25.06,24.89,25.15,24.46,0.81,473.22,343.91,632.54,
3/15/2022,1917.84,1951.02,1954.95,1906.73,-1.71,24.86,25.04,25.13,24.53,-0.61,311.88,207.28,400.8,
3/14/2022,1951.11,1985.49,1990.33,1949.87,-1.72,25.02,25.9,25.96,24.93,-3.05,350.11,204.05,492.68,
3/11/2022,1985.29,1996.15,1999.22,1958.8,-0.53,25.8,25.91,26.04,25.41,-0.31,410.33,289.76,497.59,
3/10/2022,1995.86,1991.94,2009.57,1970.66,0.22,25.88,25.76,26.08,25.31,0.58,352.4,384.11,343.82,
3/9/2022,1991.49,2052.75,2059.25,1976.3,-2.97,25.73,26.42,26.82,25.4,-2.48,295.31,179.2,391.47,
3/8/2022,2052.41,1998.3,2070.29,1981,2.72,26.39,25.68,26.96,25.36,2.84,352.11,360.26,408.36,
3/7/2022,1998.11,1977.09,2002.9,1960.76,1.51,25.66,25.85,26.17,25.3,-0.03,362.31,247.68,473.43,
3/4/2022,1968.45,1935.65,1970.8,1929.78,1.72,25.67,25.19,25.77,25.04,2.01,350.07,226.85,465.75,
3/3/2022,1935.21,1926.49,1941.47,1921.73,0.47,25.16,25.29,25.49,24.96,-0.35,436.82,353.83,552.41,
3/2/2022,1926.11,1943.69,1948.18,1913.82,-0.88,25.25,25.39,25.44,24.86,-0.48,523.52,203.22,778.2,
3/1/2022,1943.22,1908.19,1950.45,1900.93,1.85,25.37,24.46,25.57,24.27,3.89,540.83,287.55,809.49,
2/28/2022,1907.9,1920.86,1929.36,1890.59,1.08,24.42,24.73,24.74,24.09,0.94,452.62,218.17,678.29,
2/25/2022,1887.56,1903.55,1921.54,1883.1,-0.82,24.19,24.2,24.52,23.87,-0.04,515.89,162.41,797.75,Russia / Ukraine Tensions
2/24/2022,1903.14,1907.99,1974.48,1879.05,-0.23,24.2,24.55,25.64,23.85,-1.3,370.7,189.52,545.37,
2/23/2022,1907.55,1898.44,1911,1889.23,0.5,24.52,24.11,24.61,24.03,1.8,431.02,183.47,692.65,
2/22/2022,1898.13,1905.89,1914.44,1891.16,-0.39,24.09,23.97,24.37,23.9,0.62,279.43,121.56,439.37,
2/21/2022,1905.63,1900.4,1908.38,1887.19,0.41,23.94,24.02,24.09,23.7,-0.09,152.37,135.02,244.01,
2/18/2022,1897.87,1897.94,1902.84,1886.16,0.03,23.96,23.84,24.1,23.68,0.63,226.35,147.54,318.52,
2/17/2022,1897.27,1868.84,1901.57,1867.18,1.55,23.81,23.58,23.95,23.42,1.14,228.45,91.1,334.34,
2/16/2022,1868.37,1853.4,1873.16,1849.94,0.83,23.54,23.37,23.71,23.28,0.87,223.47,61.16,371.64,
2/15/2022,1853.06,1870.94,1879.89,1844.27,-0.92,23.34,23.86,24.03,23.08,-2.06,229.06,87.83,380.94,
2/14/2022,1870.29,1861.55,1874.41,1850.45,0.56,23.83,23.61,23.96,23.52,1.12,191.89,70.48,285.53,
2/11/2022,1859.96,1827.25,1865.63,1820.79,1.83,23.57,23.2,23.74,22.86,1.67,179.28,73.12,250.72,
2/10/2022,1826.57,1832.94,1842.35,1821.46,-0.32,23.18,23.31,23.74,23.14,-0.52,108.54,17.31,173.28,
2/9/2022,1832.43,1826.05,1836.35,1824.5,0.38,23.3,23.2,23.39,23.09,0.54,117.18,35.94,172.39,
2/8/2022,1825.48,1820.59,1829.09,1815.06,0.28,23.18,23.02,23.29,22.77,0.8,158.39,81.21,225.78,
2/7/2022,1820.31,1806.99,1824.06,1806.94,0.71,22.99,22.48,23.12,22.48,2.28,195.15,29.93,299.58,
2/4/2022,1807.49,1804.8,1815.44,1790.94,0.17,22.48,22.41,22.68,22.06,0.38,92.57,64.2,107.1,
2/3/2022,1804.4,1807.19,1809.22,1788.39,-0.12,22.39,22.65,22.71,22,-1.02,176.29,40.87,272.72,
2/2/2022,1806.5,1800.94,1811.53,1794.11,0.32,22.62,22.66,22.9,22.47,-0.04,250.32,58.23,395.48,
2/1/2022,1800.65,1796.72,1809.16,1795.13,0.23,22.63,22.46,23.07,22.4,0.89,190.59,54.29,286.77,
1/31/2022,1796.47,1791.19,1800.23,1785.03,0.3,22.43,22.46,22.68,22.25,0.08,142.99,19.01,237.8,
1/28/2022,1791.03,1796.94,1799.82,1779.88,-0.3,22.42,22.78,22.86,22.14,-1.42,182.23,80.74,282.86,
1/27/2022,1796.51,1818.44,1822.51,1790.98,-1.19,22.74,23.5,23.61,22.57,-3.16,265.01,79.26,411.34,
1/26/2022,1818.12,1847.99,1850.44,1814.9,-1.59,23.48,23.82,24,23.44,-1.4,260.34,71.6,425.49,
1/25/2022,1847.56,1843.34,1853.98,1834.64,0.24,23.82,23.99,24.05,23.6,-0.58,291.58,123.9,397.48,
1/24/2022,1843.06,1834.49,1844.53,1829.09,0.54,23.95,24.28,24.32,23.56,-1.14,185.8,42.34,282.51,
1/21/2022,1833.24,1838.65,1843.53,1828.04,-0.28,24.23,24.45,24.6,24.17,-0.82,185.75,88.18,242.72,
1/20/2022,1838.36,1840.3,1848.36,1835.67,-0.09,24.43,24.15,24.76,24.07,1.27,136.37,26.31,212.17,
1/19/2022,1839.96,1813.69,1843.72,1809.97,1.46,24.12,23.47,24.25,23.39,2.87,153.56,52.49,233.49,
1/18/2022,1813.54,1819.77,1823.01,1805.53,-0.3,23.45,23.03,23.66,22.8,1.96,138.82,114.53,151.26,
1/17/2022,1818.99,1817.9,1823.72,1812.67,0.1,23,22.96,23.14,22.83,0.22,109.27,137.6,86.08,
1/14/2022,1817.22,1822.55,1829.66,1814.13,-0.27,22.95,23.09,23.35,22.82,-0.53,133.57,17.75,207.33,
1/13/2022,1822.09,1825.94,1828.38,1811.83,-0.18,23.07,23.13,23.31,22.99,-0.18,170.65,100.07,250.41,
1/12/2022,1825.32,1822.49,1828.33,1814.2,0.18,23.11,22.79,23.26,22.64,1.53,78.21,36.69,114.77,
1/11/2022,1822.01,1801.69,1823.35,1800.09,1.14,22.76,22.48,22.85,22.45,1.39,188.91,78.84,270.34,
1/10/2022,1801.41,1795.41,1802.57,1790.43,0.32,22.45,22.36,22.57,22.19,0.68,130.01,51.84,172.97,
1/7/2022,1795.63,1789.55,1799.2,1782.63,0.39,22.3,22.18,22.45,21.95,0.67,118.96,72.98,182.62,
1/6/2022,1788.68,1809.94,1811.89,1786.03,-1.15,22.15,22.8,22.86,22,-2.73,70.01,69.8,65.5,
1/5/2022,1809.53,1814.9,1829.82,1807.97,-0.28,22.77,23.06,23.28,22.73,-1.11,96.48,82.44,137.53,
1/4/2022,1814.56,1801.34,1816.83,1798.44,0.76,23.03,22.9,23.14,22.63,0.74,88.96,10.43,139.25,
1/3/2022,1800.85,1830.14,1832.06,1797.93,-1.51,22.86,23.33,23.42,22.68,-1.75,52.34,14.91,74.61,
12/31/2021,1828.39,1815.44,1830.58,1814.15,0.74,23.27,23.06,23.36,23.03,1.03,76.59,0,127.38,
12/30/2021,1815.01,1803.99,1817.44,1795.78,0.63,23.03,22.82,23.16,22.6,0.98,147.23,56.45,197.76,
12/29/2021,1803.66,1805.59,1808.16,1788.94,-0.09,22.81,23.01,23.19,22.59,-0.81,37.89,21.58,63.01,
12/28/2021,1805.37,1811.84,1820.7,1804.38,-0.31,22.99,23.08,23.47,22.96,-0.21,58.89,14.68,85.7,
12/27/2021,1810.9,1808.19,1813.74,1802.89,0.15,23.04,22.86,23.14,22.65,0.44,78.87,17.47,131.17,
12/24/2021,1808.11,1808.19,1812.7,1801.61,0.01,22.94,22.91,23,22.88,0.22,135.72,60.13,208.99,
12/23/2021,1807.91,1803.69,1811.02,1798.88,0.25,22.89,22.8,22.97,22.66,0.52,135.31,59.95,225.03,
12/22/2021,1803.4,1788.94,1805.13,1785.41,0.84,22.77,22.52,22.87,22.44,1.26,141.34,17.61,227.71,
12/21/2021,1788.36,1789.74,1800.85,1784.58,-0.05,22.49,22.26,22.8,22.18,1.16,101.41,19.26,160.61,
12/20/2021,1789.32,1799.4,1804.32,1787.98,-0.47,22.23,22.41,22.49,22.19,-0.52,53.09,21.17,88.29,
12/17/2021,1797.68,1799.55,1814.63,1795.67,-0.07,22.35,22.49,22.7,22.36,-0.5,95.44,71.36,125.66,
12/16/2021,1799.03,1777.4,1799.53,1775.43,1.24,22.46,22.08,22.55,21.91,1.86,136.25,59.43,212.43,
12/15/2021,1777.06,1770.49,1781.04,1753.84,0.39,22.05,21.95,22.14,21.43,0.57,72.01,26.92,112.28,
12/14/2021,1770.18,1787.19,1789.74,1766.31,-0.94,21.93,22.33,22.38,21.69,-1.72,129.9,101.75,177.46,
12/13/2021,1786.94,1782.94,1791.78,1781.51,0.25,22.31,22.18,22.44,22.14,0.67,110.42,10.48,174.89,
12/10/2021,1782.51,1774.94,1789.47,1769.43,0.45,22.16,21.96,22.24,21.82,1.07,164.98,112.53,245.49,
12/9/2021,1774.46,1782.49,1788.05,1772.8,-0.43,21.93,22.41,22.51,21.86,-2.07,104.56,66.33,150.17,
12/8/2021,1782.06,1784.4,1793.6,1779.45,-0.11,22.39,22.5,22.59,22.31,-0.34,145.56,52.77,212.73,
12/7/2021,1784.04,1778.08,1788.02,1771.93,0.33,22.47,22.38,22.62,22.24,0.53,202.43,155.95,237.19,
12/6/2021,1778.11,1784.79,1787.87,1775.91,-0.32,22.35,22.59,22.61,22.13,-0.7,120.54,67.3,184.44,
12/3/2021,1783.74,1768.84,1786.44,1765.63,0.85,22.51,22.39,22.6,22.04,0.6,106.17,42.34,162.45,
12/2/2021,1768.64,1783.05,1783.58,1761.68,-0.79,22.37,22.31,22.53,22.21,0.31,93.12,26.53,140.12,
12/1/2021,1782.66,1774.15,1794.8,1771.96,0.5,22.31,22.82,23.05,22.18,-2.16,86.94,17.34,130.13,
11/30/2021,1773.78,1785.34,1809.38,1769.43,-0.63,22.8,22.92,23.34,22.69,-0.4,92.79,18.5,146.6,
11/29/2021,1785.01,1790.05,1799.8,1781.23,-0.38,22.89,23.15,23.49,22.75,-1.04,60.78,20.2,101.08,
11/26/2021,1791.81,1788.7,1815.78,1780.79,0.19,23.13,23.6,23.74,22.92,-1.89,58.98,9.8,98.08,
11/25/2021,1788.45,1789.49,1795.65,1785.85,0,23.58,23.55,23.78,23.51,0.19,118.1,47.09,166.94,
11/24/2021,1788.5,1790.34,1797.01,1778.44,-0.07,23.53,23.68,23.72,23.39,-0.52,87.69,126.27,48.61,
11/23/2021,1789.73,1805.65,1812.5,1781.63,-0.85,23.65,24.2,24.36,23.27,-2.13,80.91,28.47,118.73,
11/22/2021,1805.04,1846.74,1849.49,1801.95,-2.14,24.17,24.64,24.92,24.1,-1.72,128.99,41.15,180.2,
11/19/2021,1844.6,1858.9,1865.76,1842.98,-0.75,24.59,24.79,25.02,24.55,-0.77,108.76,81.32,150.73,
11/18/2021,1858.46,1866.97,1871.29,1854.94,-0.46,24.78,25.07,25.19,24.68,-1.08,158.17,54.06,217.96,
11/17/2021,1866.96,1850.34,1868.32,1849.38,0.92,25.05,24.83,25.26,24.8,1.01,126.07,78.01,180.74,
11/16/2021,1849.91,1862.94,1877.4,1849.16,-0.67,24.8,25.07,25.43,24.77,-0.95,122.86,56.53,165.03,
11/15/2021,1862.46,1868.15,1870.57,1855.73,-0.09,25.04,25.32,25.39,24.91,-0.97,141.16,28.15,211.28,
11/12/2021,1864.04,1861.99,1868.69,1844.78,0.14,25.29,25.25,25.41,24.85,0.22,101.22,27.52,153.03,
11/11/2021,1861.52,1849.69,1866.35,1842.66,0.65,25.23,24.65,25.29,24.59,2.46,83.04,45.99,115.09,
11/10/2021,1849.57,1831.9,1868.7,1821.6,0.99,24.62,24.31,25.14,24.06,1.42,135.3,37.21,193.98,
11/9/2021,1831.48,1824.74,1833.08,1817.7,0.4,24.28,24.47,24.52,24.03,-0.65,84.58,28.11,117.21,
11/8/2021,1824.26,1818.44,1826.93,1812.08,0.41,24.44,24.18,24.57,24.06,1.11,46.37,71.9,34.27,
11/5/2021,1816.73,1792.14,1818.61,1785.17,1.4,24.17,23.8,24.19,23.63,1.68,76.94,64.59,101.02,
11/4/2021,1791.7,1769.98,1799.26,1769.13,1.25,23.77,23.52,24.06,23.43,1.18,122.69,61.16,160.32,
11/3/2021,1769.52,1787.71,1788.42,1758.45,-0.99,23.49,23.54,23.65,23.02,-0.11,73.81,60.59,101.08,
11/2/2021,1787.28,1793.61,1796.91,1785.78,-0.32,23.52,24.04,24.09,23.38,-2.07,62.87,28.93,96.51,
11/1/2021,1793.05,1783.24,1796.2,1778.89,0.57,24.02,23.92,24.12,23.74,0.7,124.33,17.71,199.39,
10/29/2021,1782.81,1799.03,1801.49,1771.7,-0.88,23.85,24.08,24.09,23.65,-1.04,55.78,25.67,71.36,
10/28/2021,1798.62,1796.78,1810.49,1792.34,0.11,24.1,24.06,24.26,23.96,0.24,96.13,87.85,99.92,
10/27/2021,1796.69,1793.04,1799.38,1782.83,0.23,24.04,24.16,24.3,23.83,-0.38,102.93,55.97,140.06,
10/26/2021,1792.63,1807.9,1808.5,1781.98,-0.82,24.13,24.57,24.59,23.87,-1.7,144.65,105.75,160.38,
10/25/2021,1807.47,1794,1810.18,1791.95,0.84,24.55,24.35,24.64,24.29,0.99,79.63,116.43,123.6,
10/22/2021,1792.48,1782.89,1814.22,1782.46,0.55,24.31,24.16,24.86,24.12,0.73,86.04,68.62,107.32,
10/21/2021,1782.76,1782.1,1789.61,1776.07,0.05,24.14,24.29,24.49,24,-0.55,94.01,80.33,104.22,
10/20/2021,1781.83,1769.28,1788.68,1766.5,0.73,24.27,23.67,24.45,23.57,2.61,76.41,62.73,104.65,
10/19/2021,1768.87,1764.99,1785.53,1762.48,0.24,23.65,23.19,24.16,23.18,2.09,133.84,28.59,198.74,
10/18/2021,1764.6,1767.74,1772.3,1759.68,-0.15,23.17,23.33,23.49,23.01,-0.51,126.71,27.07,188.15,
10/15/2021,1767.26,1795.81,1796.89,1764.48,-1.58,23.28,23.52,23.61,23.07,-1.09,107.15,151.32,74.25,
10/14/2021,1795.56,1792.75,1800.91,1786.22,0.16,23.54,23.09,23.63,22.9,2.06,55.36,64.39,53.71,
10/13/2021,1792.65,1760.05,1796.31,1757.89,1.86,23.07,22.56,23.27,22.47,2.36,94.01,116.03,74.45,
10/12/2021,1759.93,1754.12,1769.78,1750.47,0.35,22.53,22.58,22.79,22.34,-0.1,81.57,108.42,52.75,
10/11/2021,1753.86,1757.34,1761.36,1749.68,-0.16,22.56,22.68,22.87,22.49,-0.46,50.81,20.26,76.04,
10/8/2021,1756.67,1755.89,1781.6,1753.03,0.08,22.66,22.61,23.23,22.43,0.36,94.4,25.67,142.72,
10/7/2021,1755.29,1762.74,1767.45,1751.38,-0.41,22.58,22.62,22.84,22.38,-0.06,121.31,74.42,139.66,
10/6/2021,1762.48,1760.45,1765.78,1745.45,0.14,22.59,22.63,22.74,22.21,-0.29,56.07,0,93.25,
10/5/2021,1759.96,1769.75,1771.03,1748.56,-0.54,22.66,22.68,22.71,22.37,0,171.9,120.42,185.44,
10/4/2021,1769.51,1762.15,1771.06,1747.23,0.52,22.66,22.57,22.77,22.28,0.62,65.81,17.5,102.15,
10/1/2021,1760.36,1756.91,1764.4,1749.36,0.21,22.52,22.17,22.61,21.98,1.44,68.04,67.83,91.93,
9/30/2021,1756.66,1726.4,1764.53,1721.67,1.77,22.2,21.54,22.27,21.46,3.2,102.68,62.31,148.49,
9/29/2021,1726.11,1733.97,1746.11,1721.07,-0.44,21.51,22.46,22.61,21.41,-4.1,59.4,81.99,83.58,
9/28/2021,1733.68,1750.45,1754.8,1727.18,-0.92,22.43,22.61,22.71,22.1,-0.96,96.16,67.1,111.94,
9/27/2021,1749.85,1751.24,1761.29,1744.19,0,22.65,22.42,22.88,22.4,1.05,57.03,47.38,55.33,
9/24/2021,1749.86,1742.82,1758.08,1739.6,0.42,22.42,22.51,22.83,22.1,-0.32,92.75,70.45,110.18,
9/23/2021,1742.57,1768.4,1776.6,1737.84,-1.43,22.49,22.69,22.91,22.47,-0.8,68.83,60.04,85.85,
9/22/2021,1767.91,1774.51,1787.51,1764.84,-0.36,22.67,22.5,23.17,22.46,0.88,54.23,45.05,60.13,
9/21/2021,1774.25,1764.19,1782.07,1757.61,0.59,22.47,22.27,22.75,22.23,1.02,84.71,26.67,118.63,
9/20/2021,1763.88,1754.3,1767.31,1742.24,0.55,22.25,22.36,22.55,22.03,-0.66,59.96,49.81,58.16,
9/17/2021,1754.16,1753.67,1768.22,1747.07,0.04,22.39,22.93,23.17,22.33,-2.34,151.91,48.85,220.03,
9/16/2021,1753.39,1794.34,1796.71,1745.04,-2.19,22.93,23.84,24.01,22.6,-3.73,119.12,45.68,160.01,
9/15/2021,1792.59,1804.53,1807.3,1790.28,-0.65,23.82,23.85,23.97,23.66,-0.06,65.97,56.37,70.53,
9/14/2021,1804.27,1793.77,1808.99,1781.89,0.6,23.83,23.73,24.01,23.45,0.5,69.79,37.11,100.59,
9/13/2021,1793.49,1788.55,1798.66,1783.73,0.34,23.72,23.76,23.89,23.38,-0.01,104.92,109.58,91.4,
9/10/2021,1787.34,1794.61,1804.15,1786.53,-0.41,23.72,24.03,24.34,23.72,-1.46,65.94,85.07,45.16,
9/9/2021,1794.69,1789.19,1801.19,1783.83,0.32,24.07,23.95,24.31,23.84,0.46,73.61,36.69,99.47,
9/8/2021,1788.93,1794.41,1802.6,1781.98,-0.29,23.96,24.32,24.45,23.91,-1.39,85.3,75.59,86.69,
9/7/2021,1794.13,1823.27,1827.39,1792.33,-1.59,24.3,24.7,24.85,24.16,-1.51,117.78,88.06,130.58,
9/6/2021,1823.1,1828.66,1830.6,1820.58,-0.17,24.67,24.76,24.85,24.63,-0.08,81.71,137.86,104.54,
9/3/2021,1826.19,1809.98,1834.55,1808.53,0.93,24.69,23.91,24.93,23.88,3.39,98.69,136.89,92.77,
9/2/2021,1809.4,1813.92,1817.53,1804.48,-0.23,23.88,24.15,24.25,23.79,-1.2,106.26,55.27,138.3,
9/1/2021,1813.66,1813.57,1820.21,1808.18,0.01,24.17,23.91,24.31,23.75,1.19,80.04,88.65,73.95,
8/31/2021,1813.43,1810.26,1819.43,1801.47,0.18,23.89,24.02,24.22,23.8,-0.73,203.01,108.6,288.21,
8/30/2021,1810.17,1817.55,1823.38,1807.28,-0.36,24.06,24.02,24.26,23.91,0.27,107.77,124.4,94.33,
8/27/2021,1816.67,1792.6,1819.38,1787.66,1.37,24,23.57,24.15,23.34,1.93,103.81,141.13,86.32,
8/26/2021,1792.16,1791.09,1798.61,1779.48,0.08,23.54,23.85,23.91,23.43,-1.34,114.39,133.05,134.75,
8/25/2021,1790.68,1802.86,1803.57,1782.45,-0.66,23.86,23.86,23.94,23.58,0.1,47.53,47.38,63.23,
8/24/2021,1802.61,1805.61,1810.03,1799.73,-0.14,23.84,23.63,23.97,23.53,0.74,133.26,151.83,150.39,
8/23/2021,1805.2,1780.55,1806.92,1776.03,1.37,23.66,23.03,23.71,22.97,2.82,189.93,44.55,297.28,
8/20/2021,1780.87,1780.44,1788.85,1777.96,0.04,23.01,23.25,23.39,22.87,-0.95,68.6,48.85,81.49,
8/19/2021,1780.18,1788.05,1792.56,1774.2,-0.41,23.23,23.51,23.54,23.09,-1.07,49.64,9,75.05,
8/18/2021,1787.59,1786.21,1794.31,1777.31,0.09,23.48,23.66,23.86,23.29,-0.65,83.16,73.69,99.88,
8/17/2021,1785.96,1787.51,1795.77,1780.28,-0.07,23.64,23.84,23.98,23.57,-0.79,157.74,137.6,163.96,
8/16/2021,1787.24,1778.44,1789.51,1770.38,0.45,23.82,23.76,23.94,23.43,0.35,127.2,95.11,185.1,
8/13/2021,1779.15,1752.72,1780.53,1751.27,1.52,23.74,23.17,23.88,23.16,2.53,95.29,126.67,60.37,
8/12/2021,1752.44,1751.66,1758.62,1741.29,0.05,23.16,23.55,23.56,23.01,-1.57,76.15,94.9,55.41,
8/11/2021,1751.56,1729.01,1754.63,1723.54,1.32,23.52,23.34,23.64,23.21,0.88,71.91,47.79,103.64,
8/10/2021,1728.71,1729.74,1738.49,1717.17,-0.04,23.32,23.45,23.7,23.23,-0.47,103.37,46.84,140.66,
8/9/2021,1729.46,1763.34,1764.65,1684.77,-1.89,23.43,24.32,24.38,22.53,-3.7,42.61,53.09,26.57,
8/6/2021,1762.69,1804.28,1804.93,1758.33,-2.29,24.33,25.16,25.26,24.19,-3.18,63.62,16.91,98.75,
8/5/2021,1804.01,1811.69,1815.45,1797.74,-0.41,25.13,25.38,25.56,25.08,-0.89,99.66,75.7,110.5,
8/4/2021,1811.41,1810.6,1832.1,1806.54,0.08,25.36,25.52,26.04,25.32,-0.75,89.99,76.9,92.65,
8/3/2021,1809.94,1813.64,1815.18,1806.73,-0.19,25.55,25.42,25.63,25.24,0.47,50.82,46.06,46.1,
8/2/2021,1813.39,1814.34,1819.94,1805.12,-0.01,25.43,25.54,25.64,25.3,-0.12,111.95,40.58,160.79,
7/30/2021,1813.58,1828.21,1831.63,1809.48,-0.79,25.46,25.53,25.7,25.34,-0.27,80.9,125.46,67.27,
7/29/2021,1827.95,1807.15,1833.05,1806.29,1.17,25.53,24.95,25.83,24.95,2.41,30.92,8.81,44.07,
7/28/2021,1806.88,1799,1809.9,1792.6,0.45,24.93,24.7,25.02,24.61,1.03,53.3,65.39,47.73,
7/27/2021,1798.73,1797.53,1805.6,1792.83,0.08,24.67,25.19,25.32,24.49,-1.95,79.2,65.03,108.48,
7/26/2021,1797.27,1802.65,1811.97,1795.68,-0.23,25.16,25.19,25.46,25.12,0.02,59.15,49.14,65.58,
7/23/2021,1801.34,1806.95,1810.56,1790.45,-0.3,25.16,25.43,25.51,25,-1.16,91.79,39.79,119.47,
7/22/2021,1806.69,1803.58,1808.34,1792.11,0.19,25.46,25.25,25.49,25.01,0.9,95.29,63.33,105.65,
7/21/2021,1803.31,1810.32,1814.02,1794.18,-0.37,25.23,24.93,25.34,24.76,1.28,49.92,45.24,45.28,
7/20/2021,1810.03,1812.61,1825.27,1805.06,-0.13,24.91,25.17,25.34,24.81,-1.18,37.43,27.99,38.91,
7/19/2021,1812.34,1811.65,1817.56,1794.66,0.08,25.21,25.68,25.8,24.99,-1.77,50.57,10.08,84.11,
7/16/2021,1810.89,1829.45,1832.2,1808.65,-1,25.66,26.34,26.47,25.6,-2.52,70.38,28.07,101.44,
7/15/2021,1829.19,1827.35,1833.99,1820.07,0.12,26.32,26.25,26.42,26.16,0.34,104.51,108.72,98.24,
7/14/2021,1827.06,1807.72,1830.32,1804.21,1.09,26.24,25.99,26.5,25.94,1.05,56.22,17.24,86.3,
7/13/2021,1807.44,1806.17,1817.51,1798.54,0.09,25.96,26.2,26.38,25.94,-0.82,77.25,81.54,60.46,
7/12/2021,1805.88,1807.94,1811.04,1791.21,-0.12,26.18,26.1,26.3,25.87,0.36,69.74,89.39,41.42,
7/9/2021,1807.98,1802.89,1812.71,1796.09,0.3,26.08,25.93,26.23,25.76,0.67,32.36,32.26,33.63,
7/8/2021,1802.56,1803.67,1818.7,1794.28,-0.05,25.91,26.15,26.24,25.81,-0.83,37.86,28.31,39.35,
7/7/2021,1803.41,1796.96,1810.13,1793.64,0.37,26.12,26.16,26.48,25.98,-0.05,34.78,43.34,21.69,
7/6/2021,1796.69,1791.88,1815.34,1789.91,0.28,26.13,26.45,26.78,26.01,-1.21,63.33,29.14,97.22,
7/5/2021,1791.61,1787.69,1795.69,1784.09,0.27,26.46,26.5,26.64,26.37,-0.02,65.99,78.94,65.84,
7/2/2021,1786.79,1776.83,1795.4,1773.73,0.57,26.46,26.04,26.59,25.98,1.73,78.98,43.74,102.15,
7/1/2021,1776.6,1770.06,1783.07,1765.47,0.38,26.01,26.12,26.42,25.94,-0.36,64.11,68.18,49.76,
6/30/2021,1769.8,1761.35,1774.72,1752.78,0.49,26.1,25.77,26.16,25.7,1.4,43.82,61.16,43.72,
6/29/2021,1761.09,1778.44,1779.24,1750.11,-0.96,25.75,26.13,26.16,25.53,-1.34,95.69,154.44,60.62,
6/28/2021,1778.18,1781.24,1785.9,1770.69,-0.12,26.09,26.12,26.25,25.8,0.07,97.29,110.85,107.87,
6/25/2021,1780.34,1775.46,1790.6,1773.27,0.29,26.07,25.95,26.32,25.91,0.55,54.79,42.01,56.07,
6/24/2021,1775.18,1779.01,1788.56,1772.67,-0.2,25.93,25.89,26.2,25.81,0.27,76.66,40.22,100.65,
6/23/2021,1778.73,1778.8,1795.18,1773.13,0.01,25.86,25.77,26.31,25.75,0.44,41.51,49.66,55.23,
6/22/2021,1778.51,1783.23,1790.42,1771.99,-0.25,25.75,25.96,26.06,25.69,-0.73,170.6,37.8,252.2,
6/21/2021,1782.95,1764.44,1786.75,1764.44,1.11,25.94,25.81,26.1,25.55,0.58,94.5,79.34,99.26,
6/18/2021,1763.34,1772.73,1797.24,1761.04,-0.56,25.79,25.89,26.53,25.75,-0.5,84.5,33.7,112.43,
6/17/2021,1773.31,1812.18,1825.58,1766.88,-2.13,25.92,26.99,27.26,25.77,-3.87,138.02,18.35,214.24,
6/16/2021,1811.95,1858.96,1862.43,1804.19,-2.51,26.96,27.66,27.88,26.71,-2.44,144.79,139.97,124.04,
6/15/2021,1858.69,1866.26,1869.67,1851.28,-0.39,27.64,27.85,27.93,27.39,-0.71,73.51,27.48,114.61,
6/14/2021,1865.99,1874.59,1878.21,1844.57,-0.57,27.83,27.94,28.04,27.47,-0.2,29.36,19.51,40.69,
6/11/2021,1876.64,1898.42,1903.3,1874.07,-1.13,27.89,27.99,28.32,27.89,-0.27,131.48,84.57,155.18,
6/10/2021,1898.14,1888.57,1900.09,1869.84,0.52,27.97,27.77,28.04,27.47,0.77,85.51,35.9,119.76,
6/9/2021,1888.3,1893.49,1899.4,1886.58,-0.24,27.75,27.63,28.02,27.52,0.42,93.25,53.12,110.77,
6/8/2021,1892.82,1898.99,1903.95,1883.38,-0.33,27.64,27.88,28.02,27.5,-0.86,59.73,54.96,68.77,
6/7/2021,1899,1888.49,1900.41,1880.88,0.48,27.88,27.85,27.98,27.48,0.34,54.3,0,90.31,
6/4/2021,1889.97,1871.32,1896.6,1856.09,1.04,27.78,27.44,27.89,27.23,1.2,79.61,52.91,95.62,
6/3/2021,1870.57,1908.09,1909.89,1865.11,-1.96,27.45,28.16,28.26,27.03,-2.66,60.07,17.11,85.63,
6/2/2021,1907.94,1900.05,1909.34,1894.05,0.41,28.2,27.89,28.23,27.69,1.08,68.73,27.41,99.06,
6/1/2021,1900.19,1907.53,1916.84,1892.28,-0.32,27.9,28.06,28.56,27.82,-0.54,65.87,18.76,93.9,
5/31/2021,1906.36,1903.69,1911.13,1901.56,0.2,28.05,27.93,28.18,27.88,0.61,57.55,51,63.81,
5/28/2021,1902.64,1897.05,1905.9,1881.84,0.35,27.88,27.88,28.01,27.39,0.07,140.03,43.62,196.49,
5/27/2021,1896.08,1896.49,1903.87,1888.22,-0.02,27.86,27.68,27.92,27.5,0.61,133.34,49.85,187.1,
5/26/2021,1896.44,1899.49,1913.15,1890.34,-0.15,27.69,28,28.26,27.6,-1.04,176.61,85.89,243.57,
5/25/2021,1899.26,1880.69,1900.63,1872.73,0.97,27.98,27.77,28.06,27.46,0.65,170.94,46.06,276.6,
5/24/2021,1881.07,1882.34,1887.44,1875.19,0.04,27.8,27.57,27.93,27.46,1.02,138.41,101.19,176.47,
5/21/2021,1880.3,1876.84,1889.85,1870.01,0.19,27.52,27.76,28.1,27.2,-0.79,165.85,125.12,171.46,
5/20/2021,1876.69,1869.74,1884.12,1863.53,0.38,27.74,27.74,28.02,27.4,-0.04,125.85,89.62,134.55,
5/19/2021,1869.57,1869.59,1890.15,1851.94,0.07,27.75,28.2,28.27,27.37,-1.61,158.96,92.02,204.67,
5/18/2021,1868.22,1866.59,1875.4,1862.94,0.11,28.21,28.19,28.77,28,0.12,98.59,108.11,114.77,
5/17/2021,1866.13,1843.84,1868.8,1841.24,1.3,28.17,27.48,28.33,27.35,2.75,92.16,40.83,127.72,
5/14/2021,1842.19,1826.49,1845.55,1819.79,0.86,27.42,27.1,27.52,26.82,1.31,115.36,73.93,143.89,
5/13/2021,1826.57,1815.9,1828.81,1808.78,0.61,27.06,27.02,27.27,26.72,0.11,140.43,131.77,144.25,
5/12/2021,1815.44,1837.4,1843.69,1813,-1.17,27.03,27.64,27.71,26.95,-2.17,63.3,33.65,84.21,
5/11/2021,1836.94,1834.58,1842.32,1817.68,0.08,27.63,27.33,27.67,27.1,1.17,101.18,78.94,124.37,
5/10/2021,1835.44,1833.24,1845.53,1830.09,0.27,27.31,27.55,27.9,27.23,-0.44,49,9.77,73.34,
5/7/2021,1830.48,1815.48,1843.45,1812.9,0.84,27.43,27.3,27.68,27.14,0.49,55.93,8.58,85.85,
5/6/2021,1815.18,1787.09,1818.21,1781.67,1.61,27.3,26.52,27.48,26.17,3,76.31,53.7,111.97,
5/5/2021,1786.44,1778.91,1788.35,1769.95,0.45,26.5,26.52,26.65,26.1,-0.11,60.39,8.6,93.25,
5/4/2021,1778.48,1792.29,1799.38,1770.84,-0.77,26.53,26.92,27.13,26.1,-1.27,93.88,71.31,104.08,
5/3/2021,1792.36,1768.49,1798.22,1765.91,1.34,26.87,25.93,27.01,25.8,3.75,97.43,86.34,90.02,
4/30/2021,1768.59,1772.9,1773.98,1763.73,-0.15,25.9,26.11,26.21,25.8,-0.7,36.4,27.22,37.84,
4/29/2021,1771.24,1780.9,1790.43,1756.19,-0.57,26.08,26.24,26.5,25.71,-0.33,47.38,68.71,28.66,
4/28/2021,1781.32,1776.8,1782.85,1762.56,0.26,26.17,26.3,26.34,25.83,-0.27,50.06,33.27,62.44,
4/27/2021,1776.69,1780.42,1785.9,1773.52,-0.2,26.24,26.22,26.48,26.05,0.11,131.65,143.95,98.88,
4/26/2021,1780.19,1776.34,1783.69,1768.7,0.17,26.21,25.99,26.24,25.85,0.85,54.47,39.49,57.64,
4/23/2021,1777.18,1784.33,1796.06,1770.05,-0.38,25.99,26.17,26.41,25.84,-0.69,146.73,115.25,177.47,
4/22/2021,1783.94,1794.15,1798.29,1776.83,-0.53,26.17,26.58,26.63,25.98,-1.52,113.77,61.07,145.55,
4/21/2021,1793.46,1778.64,1797.98,1775.95,0.91,26.58,25.83,26.7,25.76,2.73,166.3,62.73,261.62,
4/20/2021,1777.25,1770.3,1780.77,1763.18,0.45,25.87,25.82,26.1,25.69,0.23,125.27,129.5,138.88,
4/19/2021,1769.31,1779.5,1790.54,1765.98,-0.39,25.81,25.99,26.26,25.63,-0.56,110.42,150.11,100.16,
4/16/2021,1776.31,1763.84,1784.07,1759.79,0.74,25.96,25.85,26.32,25.75,0.37,95.03,18.05,142.99,
4/15/2021,1763.21,1737.1,1769.91,1734.1,1.57,25.86,25.43,26.02,25.32,1.77,103.26,41.18,151.12,
4/14/2021,1736,1744.3,1749.58,1732.13,-0.45,25.41,25.36,25.56,25.2,0.32,186.3,144.96,294.72,
4/13/2021,1743.83,1732.59,1749.23,1723.27,0.65,25.33,24.8,25.49,24.68,1.95,95.29,72.38,143.39,
4/12/2021,1732.51,1743.8,1745.36,1727.18,-0.61,24.85,25.25,25.3,24.7,-1.56,100.38,120.09,133.55,
4/9/2021,1743.1,1756.54,1757.47,1731.09,-0.73,25.24,25.46,25.52,24.98,-0.75,48.01,26.11,65.32,
4/8/2021,1755.94,1737.84,1759.13,1732.99,1.07,25.43,25.16,25.63,24.96,1.23,32.52,37.05,54.09,
4/7/2021,1737.28,1742.96,1744.57,1730.13,-0.36,25.12,25.15,25.29,24.85,-0.2,113.79,67.22,168.21,
4/6/2021,1743.57,1728.49,1745.68,1726.82,0.88,25.17,24.88,25.32,24.77,1.08,92.79,27.75,131.17,
4/5/2021,1728.44,1728.74,1733.75,1721.22,-0.02,24.9,25,25.11,24.61,-0.28,74.56,42.47,88.57,
4/2/2021,1728.84,1730.47,1732.55,1728.67,-0.08,24.97,24.98,25.04,24.95,0,65.7,54.58,72.85,
4/1/2021,1730.18,1708.09,1730.8,1705.42,1.36,24.97,24.43,25,24.24,2.38,67.7,62.99,90.07,
3/31/2021,1707.01,1685.59,1715.28,1677.93,1.32,24.39,24.03,24.57,23.78,1.56,76.35,76.11,70.54,
3/30/2021,1684.8,1712.55,1714.74,1678.85,-1.59,24.02,24.67,24.79,23.85,-2.66,95.42,99.66,83.13,
3/29/2021,1711.99,1732.15,1733.34,1705.58,-1.15,24.67,25.08,25.11,24.45,-1.5,123.24,127.77,98.38,
3/26/2021,1731.97,1727.3,1737.01,1721.23,0.3,25.05,25.08,25.28,24.87,0.1,69.78,32.74,95.57,
3/25/2021,1726.82,1735.65,1745.95,1721.84,-0.42,25.02,25.09,25.2,24.41,-0.24,63.78,33.91,77.79,
3/24/2021,1734.19,1727.8,1738.56,1723.85,0.41,25.08,25.07,25.38,24.98,0,76.44,16.94,120.07,
3/23/2021,1727.11,1739.05,1742.85,1724.42,-0.67,25.08,25.76,25.84,25.01,-2.7,99.46,103.47,107.88,
3/22/2021,1738.69,1745.74,1747.18,1727.4,-0.35,25.78,26.23,26.24,25.41,-1.79,119.16,38.01,174.39,
3/19/2021,1744.74,1735.9,1746.88,1728.04,0.48,26.25,26.07,26.36,25.87,0.75,42.85,8.54,64.14,
3/18/2021,1736.41,1745.09,1755.59,1719.05,-0.46,26.05,26.31,26.66,25.83,-1.08,134.94,95.47,188.22,
3/17/2021,1744.44,1730.61,1751.81,1724.14,0.78,26.34,25.95,26.53,25.76,1.44,93.31,50.74,134.02,
3/16/2021,1730.94,1730.57,1741.4,1725.8,-0.05,25.96,26.25,26.34,25.83,-1.14,108.84,47.18,149.53,
3/15/2021,1731.84,1727.74,1734.99,1721.31,0.31,26.26,25.98,26.42,25.8,1.34,111.6,20.23,177.17,
3/12/2021,1726.41,1721.59,1728.42,1698.85,0.29,25.91,26.09,26.18,25.38,-0.63,49.38,16.41,68.43,
3/11/2021,1721.41,1726.55,1739.99,1719.38,-0.27,26.08,26.21,26.48,25.84,-0.33,70.39,78.94,80.48,
3/10/2021,1726.05,1715.94,1726.76,1707.99,0.62,26.16,25.92,26.23,25.54,1.02,57.34,52.77,51.35,
3/9/2021,1715.36,1682.55,1720.83,1679.8,2.03,25.9,25.11,26.14,25.04,3.23,22.26,17.75,29.62,
3/8/2021,1681.24,1702.8,1714.45,1676.7,-1.15,25.09,25.35,25.93,24.95,-0.4,60.4,92.63,23.18,
3/5/2021,1700.86,1698.59,1707.76,1687.12,0.22,25.19,25.32,25.47,24.83,-0.46,88.98,48.39,127.8,
3/4/2021,1697.19,1711.84,1723.34,1690.64,-0.8,25.31,26.13,26.35,25.06,-2.96,88.44,32.06,127.03,
3/3/2021,1710.95,1738.59,1740.85,1701.94,-1.56,26.08,26.78,26.88,25.83,-2.5,154.59,70.45,220.36,
3/2/2021,1738.09,1724.1,1738.89,1707.18,0.83,26.75,26.52,26.93,25.85,0.89,137.47,61.89,191.75,
3/1/2021,1723.84,1733.4,1760.02,1719.52,-0.56,26.51,26.65,27.11,26.43,-0.4,96.3,76.8,96.09,
2/26/2021,1733.49,1770.49,1776.1,1717.26,-2.06,26.62,27.42,27.61,26.14,-2.85,121.14,83.29,166.73,
2/25/2021,1769.88,1804.8,1806.06,1765.44,-1.91,27.4,28.02,28.22,27.28,-2.07,46.18,25.11,62.84,
2/24/2021,1804.36,1805.34,1813.99,1783.3,-0.04,27.98,27.64,28.01,27.32,1.3,77.84,34.49,107.88,
2/23/2021,1805.06,1809.09,1816.27,1795.78,-0.2,27.62,28.18,28.34,27.24,-1.91,97.43,79.47,103.11,
2/22/2021,1808.66,1782.24,1812.76,1780.46,1.48,28.16,27.39,28.29,27.28,3.47,71.29,0,118.56,
2/19/2021,1782.31,1776.19,1791.7,1760.13,0.38,27.21,27.03,27.62,26.23,0.73,85.16,25.47,127.46,
2/18/2021,1775.49,1776.69,1789.88,1767.98,-0.04,27.02,27.39,27.53,26.86,-1.21,33.67,8.39,56,
2/17/2021,1776.26,1794.65,1795.45,1769.27,-1.01,27.35,27.26,27.44,26.85,0.47,104.37,54.29,128.29,
2/16/2021,1794.31,1819.34,1826.75,1789.19,-1.33,27.22,27.61,27.96,26.84,-1.34,91.76,82.33,91.56,
2/15/2021,1818.51,1825.34,1827.59,1815.71,-0.27,27.59,27.4,27.72,27.36,0.88,61.24,44.4,64.81,
2/12/2021,1823.46,1825.9,1830.8,1810.33,-0.1,27.35,26.98,27.44,26.85,1.49,73.33,34.4,107.6,
2/11/2021,1825.36,1842.65,1847.95,1820.63,-0.91,26.95,27.01,27.29,26.7,-0.17,63.46,50.61,70.36,
2/10/2021,1842.22,1837.55,1855.7,1833.91,0.28,26.99,27.25,27.54,26.83,-0.76,74.93,39.31,104.93,
2/9/2021,1837.06,1830.59,1849.15,1828.63,0.38,27.2,27.26,27.83,27.07,-0.19,61.26,69.8,50.94,
2/8/2021,1830.16,1815.44,1839.15,1807.48,1.02,27.25,26.98,27.59,26.84,1.58,72.8,63.51,68.11,
2/5/2021,1811.62,1792.49,1815.32,1791.8,1.08,26.83,26.3,27.06,26.2,2.04,106.44,101.87,106.21,
2/4/2021,1792.26,1834.34,1835.13,1785.15,-2.26,26.29,26.87,26.95,25.9,-2.13,78.18,24.61,116.34,
2/3/2021,1833.76,1837.49,1845.29,1829.49,-0.2,26.86,26.62,27.21,26.48,0.95,69.92,43.57,101.75,
2/2/2021,1837.35,1860.84,1864.26,1829.46,-1.23,26.61,29,29.09,26.28,-8.14,192.34,144.88,248.79,
2/1/2021,1860.16,1863.05,1871.84,1849.04,0.76,28.97,28.3,30.08,27.96,7.29,60.05,29.93,83.22,
1/29/2021,1846.09,1840.9,1876.03,1839.56,0.31,27,26.39,27.66,26.04,2.39,63.22,16.81,91.12,
1/28/2021,1840.36,1844.34,1864.26,1833.81,-0.2,26.37,25.27,26.97,24.86,4.48,112.79,41.64,166.73,
1/27/2021,1843.99,1850.65,1853.58,1831.29,-0.34,25.24,25.47,25.5,24.7,-0.8,68.84,72.67,60.61,
1/26/2021,1850.31,1855.55,1861.86,1848.36,-0.25,25.44,25.34,25.66,25.19,0.56,50.25,8.35,76.61,
1/25/2021,1854.99,1855.75,1868.45,1847.3,0.13,25.3,25.43,25.79,25.16,-0.39,140.45,96.56,185.24,
1/22/2021,1852.55,1870.09,1871.17,1837.09,-0.93,25.4,25.97,26.01,25.02,-2.1,93.71,73.12,101.64,
1/21/2021,1869.91,1871.07,1875.45,1858.16,-0.05,25.95,25.84,26.07,25.64,0.54,47.44,39.41,52.59,
1/20/2021,1870.91,1840.05,1872.03,1832.46,1.72,25.81,25.2,25.89,25.04,2.45,87.49,23.79,132.27,
1/19/2021,1839.34,1838.09,1845.98,1833.06,0.13,25.19,25.35,25.43,24.93,-0.55,66.67,49.85,76.23,
1/18/2021,1836.89,1828.94,1840.95,1810.46,0.56,25.33,24.78,25.35,24.2,2.4,94.49,55.41,129.41,
1/15/2021,1826.59,1846.8,1856.85,1823.21,-1.07,24.74,25.55,25.8,24.59,-3.11,57.97,49.54,75.75,
1/14/2021,1846.37,1843.94,1857.59,1833.21,0.16,25.53,25.16,25.91,25.06,1.55,62.11,41.28,68.86,
1/13/2021,1843.41,1856.19,1863.26,1843.34,-0.66,25.14,25.61,25.69,25.13,-1.7,66.5,74.58,55.3,
1/12/2021,1855.63,1845.34,1864.08,1837.41,0.59,25.57,24.96,25.65,24.9,2.62,169.88,169.35,181.62,
1/11/2021,1844.66,1849.34,1857.05,1817.14,-0.19,24.92,25.36,25.51,24.33,-1.77,84.14,35.32,110.47,
1/8/2021,1848.26,1912.9,1917.85,1828.74,-3.36,25.37,27.13,27.22,24.48,-6.4,77.74,51.67,86.19,
1/7/2021,1912.5,1919.4,1927.97,1906.86,-0.33,27.1,27.31,27.38,26.92,-0.72,54.24,24.95,76.32,
1/6/2021,1918.81,1950.3,1959.6,1901.11,-1.57,27.3,27.58,27.93,26.61,-0.98,106.57,35.41,169.85,
1/5/2021,1949.35,1942.65,1953.17,1934.08,0.36,27.57,27.25,27.7,26.99,1.32,121.85,71.99,150.11,
1/4/2021,1942.28,1906.05,1944.65,1905.36,2.33,27.21,26.65,27.57,26.62,3.23,99.33,108.92,107.37,
1/1/2021,1898.1,1897.69,1899.12,1897.39,0.09,26.36,26.4,26.46,26.37,0.01,65.27,32.54,81.41,
12/31/2020,1896.49,1893.55,1901.26,1884.77,0.16,26.36,26.64,26.72,26.21,-0.95,80.79,46.03,95.98,
12/30/2020,1893.37,1878.34,1894.06,1875.66,0.82,26.61,26.21,26.65,26.14,1.65,59.15,53.61,89.43,
12/29/2020,1877.99,1872.24,1886.91,1870.99,0.36,26.18,26.21,26.62,25.95,0.07,69.01,22.93,105.21,
12/28/2020,1871.19,1885.93,1900.53,1869.21,-0.25,26.16,26.09,26.78,25.94,1.2,41.41,16.51,55.09,
12/25/2020,1875.82,1877.07,1877.07,1877.07,-0.04,25.85,25.83,25.88,25.83,0.04,48.24,0,80.23,
12/24/2020,1876.56,1872.74,1882.55,1869.52,0.24,25.84,25.56,25.93,25.42,1.21,55,42.18,56.29,
12/23/2020,1872.08,1859.99,1878.59,1858.59,0.67,25.53,25.16,25.8,25.06,1.62,68.6,39.08,97.79,
12/22/2020,1859.56,1876.65,1884.61,1858.73,-0.89,25.12,26.19,26.59,25.08,-3.98,62.68,48.07,72.17,
12/21/2020,1876.21,1883.2,1906.93,1856.69,-0.24,26.16,25.8,27.41,24.97,1.53,91.12,64.12,106.97,
12/18/2020,1880.66,1885.8,1889.88,1876.97,-0.28,25.77,26.06,26.14,25.66,-1.08,79.99,0,133.03,
12/17/2020,1885.87,1864.26,1896.26,1861.83,1.17,26.05,25.38,26.1,25.16,2.82,93.12,70.73,125.37,
12/16/2020,1864.15,1853.94,1866.2,1844.75,0.58,25.34,24.52,25.51,24.44,3.48,52.51,8.72,80.05,
12/15/2020,1853.46,1827.8,1855.76,1825.29,1.44,24.48,23.84,24.58,23.81,2.79,89.53,46.98,125.38,
12/14/2020,1827.17,1839.3,1839.86,1819.92,-0.64,23.82,23.94,24.24,23.68,-0.4,29.8,19.8,33.04,
12/11/2020,1839.03,1835.55,1847.89,1824.23,0.2,23.91,23.98,24.13,23.6,-0.16,42.85,42.72,35.63,
12/10/2020,1835.31,1839.59,1850.4,1828.48,-0.21,23.95,23.94,24.29,23.72,0.12,95.42,27.18,143.58,
12/9/2020,1839.11,1871.19,1871.37,1825.71,-1.72,23.92,24.56,24.59,23.59,-2.6,62.74,8.34,104.34,
12/8/2020,1871.36,1863.55,1875.79,1859.83,0.41,24.56,24.51,24.87,24.43,0.22,78.98,34.99,102.15,
12/7/2020,1863.69,1837.99,1868.76,1822.99,1.42,24.51,24.19,24.79,23.52,1.4,55.04,0,91.54,
12/4/2020,1837.61,1841.05,1848.26,1829.3,-0.15,24.17,24.09,24.41,23.93,0.42,38.67,25.7,42.87,
12/3/2020,1840.36,1831.34,1844.45,1823.6,0.51,24.07,24.11,24.3,23.74,-0.15,67.79,63.07,90.19,
12/2/2020,1831.01,1815.19,1832.65,1806.99,0.89,24.1,24.02,24.33,23.54,0.42,92.27,36.8,130.44,
12/1/2020,1814.87,1777.4,1817.55,1775.52,2.13,24,22.64,24.06,22.58,6.18,129.66,41.7,180.85,
11/30/2020,1777.02,1789.05,1789.99,1764.69,-0.62,22.6,22.73,22.78,21.9,-0.4,46.8,20.74,69.19,
11/27/2020,1788.13,1811.09,1813.81,1773.93,-1.24,22.7,23.28,23.35,22.34,-3.22,70.37,100.22,66.88,
11/26/2020,1810.57,1805.74,1818.78,1805.31,0.29,23.45,23.33,23.49,23.18,0.64,69.12,63.61,79.58,
11/25/2020,1805.3,1807.69,1817.98,1801.33,-0.12,23.3,23.27,23.53,23.1,0.2,23.36,9.32,31.08,
11/24/2020,1807.51,1836.65,1839.26,1800.69,-1.54,23.25,23.59,23.64,22.93,-1.37,104.29,128.73,82.59,
11/23/2020,1835.85,1869.84,1876.72,1830.85,-1.85,23.58,24.17,24.41,23.42,-2.35,36.76,54.96,45.84,
11/20/2020,1870.49,1867.59,1879.98,1860.66,0.17,24.14,24.1,24.54,23.9,0.23,94.16,42.67,128.12,
11/19/2020,1867.37,1871.44,1874.34,1852.48,-0.22,24.09,24.32,24.39,23.63,-0.92,49.04,35.56,51.9,
11/18/2020,1871.41,1878.6,1884.92,1863.94,-0.38,24.31,24.49,24.72,24.2,-0.63,109.74,105.35,128.43,
11/17/2020,1878.6,1889.15,1893.9,1877.69,-0.52,24.47,24.78,24.82,24.37,-1.15,45.82,36.54,53.34,
11/16/2020,1888.52,1888.74,1899.35,1864.74,0.03,24.75,24.68,25.08,24.22,0.49,70.6,97.45,63.22,
11/13/2020,1888.04,1876.44,1897.16,1873.76,0.65,24.63,24.25,24.83,24.16,1.65,69.19,77.6,57.54,
11/12/2020,1875.76,1865.3,1883.88,1862.46,0.59,24.23,24.28,24.41,24.04,-0.08,52.86,17.57,80.58,
11/11/2020,1864.71,1877.34,1884.93,1856.05,-0.63,24.25,24.22,24.45,23.77,0.16,97.93,76.4,113.3,
11/10/2020,1876.5,1862.15,1890.6,1860.3,0.79,24.21,24.09,24.51,23.9,0.58,58.59,44.93,59.96,
11/9/2020,1861.86,1954.65,1965.92,1850.36,-4.59,24.07,25.62,26.01,23.58,-5.95,105.4,80.06,116.86,
11/6/2020,1951.51,1949.24,1960.77,1935.4,0.15,25.59,25.36,25.85,24.89,1.05,62.93,89.62,67.27,
11/5/2020,1948.56,1903.65,1952.95,1902.43,2.38,25.33,23.94,25.48,23.89,5.93,69.65,86.79,72.39,
11/4/2020,1903.21,1908.59,1916.68,1883.15,-0.27,23.91,24.18,24.5,23.24,-1.06,129.57,94.72,136.47,
11/3/2020,1908.36,1895.8,1910.71,1886.81,0.7,24.17,24.08,24.4,23.9,0.53,162.63,179.2,142.35,
11/2/2020,1895.1,1878.59,1896.12,1873.21,0.91,24.04,23.66,24.18,23.39,1.73,56.63,56.45,54.93,
10/30/2020,1877.95,1868.24,1889.85,1864.64,0.58,23.63,23.25,23.83,23.17,1.53,80.36,89.01,66.82,
10/29/2020,1867.13,1876.94,1885.42,1859.67,-0.53,23.28,23.39,23.59,22.58,-0.58,89.64,51.07,106.49,
10/28/2020,1877.06,1908.05,1911.03,1869.59,-1.56,23.41,24.37,24.59,23.02,-4.64,81.79,54.36,113.35,
10/27/2020,1906.83,1902.19,1911.34,1897.47,0.27,24.55,24.28,24.62,24.2,0.95,130.45,65.03,185.96,
10/26/2020,1901.69,1902.34,1908.55,1890.9,0.05,24.32,24.63,24.67,24.1,-1.06,89.93,29.89,124.64,
10/23/2020,1900.79,1904.24,1914.3,1894.54,-0.17,24.58,24.72,24.87,24.41,-0.69,65.73,52.42,65.58,
10/22/2020,1904.04,1924.34,1926,1894.8,-1.06,24.75,25.04,25.09,24.37,-1.28,101.61,105.35,81.11,
10/21/2020,1924.49,1908.65,1931.41,1907.94,0.95,25.07,24.66,25.29,24.65,1.72,72.01,62.82,67.37,
10/20/2020,1906.39,1904.24,1914.2,1894.74,0.11,24.65,24.38,24.94,24.32,0.59,98.67,103.05,85.96,
10/19/2020,1904.27,1899.94,1918.59,1897.09,0.28,24.5,24.18,24.99,24.12,1.37,95.22,69.94,100.01,
10/16/2020,1898.97,1907.95,1914.06,1897.59,-0.46,24.17,24.28,24.53,24.06,-0.58,123.5,61.56,176.05,
10/15/2020,1907.82,1900.31,1909.22,1889.46,0.36,24.31,24.29,24.35,23.58,0.12,107.97,51.67,143.65,
10/14/2020,1900.89,1891.9,1913.03,1882.44,0.53,24.28,24.17,24.65,23.87,0.46,47.69,17.29,64.9,
10/13/2020,1890.82,1922.42,1925.73,1886.59,-1.62,24.17,25.14,25.21,23.94,-3.74,78.09,0,129.86,
10/12/2020,1921.95,1930.5,1933.45,1918.19,-0.39,25.11,25.11,25.58,24.78,-0.04,67.72,56.26,93.85,
10/9/2020,1929.43,1894.19,1930.83,1893.32,1.92,25.12,23.85,25.19,23.83,5.44,81.57,27.11,113.04,
10/8/2020,1893.09,1887.4,1900.73,1881.86,0.31,23.83,23.88,24.22,23.66,-0.06,113.65,16.78,175,
10/7/2020,1887.22,1878.84,1898.31,1873.05,0.54,23.84,23.04,23.99,23.01,3.27,83.25,43.68,102.02,
10/6/2020,1877.13,1913.28,1921.1,1874.57,-1.87,23.09,24.39,24.51,22.87,-5.2,85.71,68.35,114.03,
10/5/2020,1912.9,1902.24,1918.74,1886.81,0.75,24.35,23.72,24.52,23.68,2.74,66.92,9.53,111.29,
10/2/2020,1898.7,1905.65,1917.28,1889.57,-0.33,23.7,23.78,24.21,23.48,-0.8,101.93,25.4,148.32,
10/1/2020,1905.05,1885.8,1912.09,1884.48,1.04,23.89,23.23,24.18,23.22,2.93,76,53.48,96.65,
9/30/2020,1885.44,1897.81,1902.39,1881.31,-0.65,23.21,24.22,24.32,23.14,-3.99,104.96,125.57,76.8,
9/29/2020,1897.69,1881.4,1899.24,1875.56,0.9,24.18,23.68,24.41,23.37,1.96,105.16,104.84,95.39,
9/28/2020,1880.85,1859,1883.39,1849.19,1.12,23.71,22.88,23.74,22.52,3.72,104.41,85.16,134.17,
9/25/2020,1860.05,1868.61,1875.28,1852.59,-0.43,22.86,23.16,23.32,22.45,-1.49,55.35,25.47,70.81,
9/24/2020,1868.04,1863.42,1877.3,1848.45,0.24,23.21,22.9,23.36,21.66,1.46,64.87,68.98,86.3,
9/23/2020,1863.55,1900.2,1905.56,1855.77,-1.88,22.87,24.4,24.48,22.6,-6.33,62.17,35.41,73.85,
9/22/2020,1899.28,1912.8,1919.99,1894.93,-0.69,24.42,24.73,25.24,23.83,-1.27,94.39,35.85,156.97,
9/21/2020,1912.57,1949.55,1955.75,1883.21,-1.9,24.73,26.8,26.97,23.72,-7.6,52.92,31.65,70.4,
9/18/2020,1949.69,1943.87,1960.2,1941.79,0.37,26.77,27.09,27.22,26.71,-1.24,86.34,18.12,143.58,
9/17/2020,1942.6,1959.99,1963.48,1932.99,-0.85,27.1,27.32,27.32,26.31,-0.48,100.08,29.93,141.47,
9/16/2020,1959.32,1956.19,1973.63,1949.89,0.19,27.23,27.24,27.46,26.88,-0.02,82.47,54.81,121.91,
9/15/2020,1955.52,1957.31,1972.35,1948.64,-0.04,27.24,27.15,27.63,27,0.29,115.94,33.02,165.27,
9/14/2020,1956.37,1941.05,1962.52,1937.46,0.77,27.16,26.76,27.31,26.67,1.55,67.31,47.93,71.96,
9/11/2020,1941.5,1955.2,1957.95,1937.42,-0.64,26.74,26.88,27.04,26.58,-0.67,145.95,88.18,205.94,
9/10/2020,1954.07,1946.06,1966.5,1941.42,0.38,26.92,26.99,27.49,26.68,-0.39,145.25,140.13,124.67,
9/9/2020,1946.66,1932.26,1950.95,1920.2,0.8,27.03,26.63,27.13,26.41,1.2,47.32,25.73,64.39,
9/8/2020,1931.26,1929.14,1940.8,1906.57,0.11,26.71,26.93,27.1,25.86,-1.09,68.6,29.31,89.64,
9/7/2020,1929.18,1930.35,1941.45,1924.43,-0.19,27,26.87,27.18,26.62,0.45,149.53,22.93,229.54,
9/4/2020,1932.85,1931.51,1942.25,1916.64,0.1,26.88,26.59,27.01,26.31,0.96,94.9,36.04,127.77,
9/3/2020,1930.85,1943,1951.15,1921.95,-0.62,26.63,27.43,27.72,26.48,-3.16,94.24,84.56,125.38,
9/2/2020,1942.98,1969.71,1974.41,1932.75,-1.4,27.5,28.12,28.32,27.08,-2.38,109.21,90.72,105.94,
9/1/2020,1970.49,1967.58,1992.26,1963.22,0.02,28.17,28.27,28.91,27.71,-0.19,106.37,80.79,126.35,
8/31/2020,1970.15,1965.39,1976.53,1954.55,0.27,28.22,27.54,28.37,27.54,2.66,88.63,66.27,101.34,
8/28/2020,1964.89,1929.44,1973.81,1923.71,1.85,27.49,27.05,27.72,26.83,1.65,64.11,17.04,106.63,
8/27/2020,1929.2,1953.35,1976.32,1909.96,-1.27,27.05,27.52,27.92,26.52,-1.73,142.09,97.39,162.46,
8/26/2020,1954.03,1928.66,1955.15,1902.81,1.34,27.52,26.48,27.55,26.1,4.12,105.67,36.64,152.82,
8/25/2020,1928.19,1932.66,1937.55,1914.31,-0.25,26.43,26.55,26.81,26.07,-0.41,85.98,45.11,105.36,
8/24/2020,1933.09,1938.63,1962.04,1924.28,-0.36,26.54,26.76,27.25,26.26,-0.56,71.24,0,118.47,
8/21/2020,1940.16,1946.96,1956.37,1911.76,-0.18,26.69,27.26,27.55,26.06,-1.95,166.3,17.92,261.62,
8/20/2020,1943.6,1929.28,1955.99,1925.47,0.71,27.22,26.72,27.53,26.6,1.87,122.02,36.04,180.38,
8/19/2020,1929.82,2001.22,2006.51,1924.63,-3.57,26.72,27.72,28.04,26.5,-3.36,46.66,46.51,69.83,
8/18/2020,2001.2,1985.47,2015.23,1977.56,0.76,27.65,27.46,28.46,27.12,0.91,84.1,37.26,108.78,
8/17/2020,1986.2,1946.22,1990.91,1929.74,2.16,27.4,26.64,27.57,25.83,3.75,65.55,30.16,92.24,
8/14/2020,1944.29,1953.98,1962.62,1932.46,-0.5,26.41,27.52,27.72,25.75,-4.16,44.29,26.49,58.92,
8/13/2020,1954,1920.87,1966.83,1913.42,1.87,27.56,25.58,27.72,25.28,7.81,88.9,9.33,140.06,
8/12/2020,1918.07,1911.26,1949.26,1863.92,0.34,25.56,24.78,26.29,23.45,3.11,61.83,61.64,80.8,
8/11/2020,1911.64,2027.11,2031.59,1901.57,-5.73,24.79,29.19,29.26,24.43,-14.96,55.29,18.37,76.62,
8/10/2020,2027.77,2033.71,2050.1,2019.42,-0.36,29.15,28.46,29.42,27.87,3.04,40.58,20.23,50.62,
8/7/2020,2035.03,2064.52,2072.9,2015.48,-1.39,28.29,28.94,29.86,27.38,-2.25,43.82,17.47,65.58,
8/6/2020,2063.81,2040.03,2069.84,2034.83,1.15,28.94,26.99,29.09,26.8,7.11,112.37,98.58,112.12,
8/5/2020,2040.4,2018.98,2056.1,2010.33,1.08,27.02,26.02,27.15,25.37,3.92,33.8,0,56.21,
8/4/2020,2018.52,1976.45,2019.96,1968.38,2.09,26,24.25,26.03,24.12,7.22,48.71,19.43,64.81,
8/3/2020,1977.25,1980.43,1985.22,1960.15,0.07,24.25,24.76,24.85,24.06,-0.49,42.17,28.03,46.75,
7/31/2020,1975.89,1960.96,1981.11,1955.99,0.79,24.37,23.53,24.47,23.29,3.5,38.62,34.22,42.82,
7/30/2020,1960.5,1970.89,1972.25,1940.17,-0.52,23.55,24.42,24.43,22.92,-3.52,54.08,26.96,67.46,
7/29/2020,1970.73,1959.71,1980.67,1944.96,0.57,24.41,24.61,24.94,23.33,-0.67,80.91,37.96,110.81,
7/28/2020,1959.5,1942.22,1981.14,1907.69,0.88,24.57,24.56,26.21,22.35,-0.16,121.65,46.64,171.18,
7/27/2020,1942.42,1899.29,1945.71,1899.29,2.15,24.61,22.75,24.64,22.72,8.22,137.18,50.65,185.89,
7/24/2020,1901.46,1886.83,1906.47,1881.58,0.74,22.74,22.7,22.93,22.41,0.09,92.75,52.84,110.18,
7/23/2020,1887.44,1871.97,1898.49,1862.38,0.82,22.72,23.07,23.26,22.27,-1.35,78.04,34.58,115.37,
7/22/2020,1872.07,1841.89,1872.41,1840.25,1.62,23.03,21.3,23.07,21.28,7.97,117.13,18.68,187.01,
7/21/2020,1842.22,1815.53,1843.75,1815.44,1.44,21.33,19.93,21.36,19.85,7.19,116.23,26.74,178.43,
7/20/2020,1816.09,1809.28,1820.76,1805.7,0.34,19.9,19.35,19.93,19.25,3.06,87.17,67.59,128.87,
7/17/2020,1809.9,1797.3,1812.59,1795.11,0.72,19.31,19.16,19.41,18.93,0.73,38.32,16.98,49.57,
7/16/2020,1797.05,1811.72,1813.41,1795.1,-0.82,19.17,19.43,19.49,19.1,-1.13,29.49,29.4,24.52,
7/15/2020,1811.9,1808.14,1815,1802.91,0.23,19.39,19.21,19.48,19.13,0.99,103.67,39.37,147.78,
7/14/2020,1807.78,1802.77,1810.94,1791.02,0.24,19.2,19.12,19.3,18.87,0.63,93.8,98.43,73.89,
7/13/2020,1803.39,1798.69,1813.65,1797.94,0.25,19.08,18.69,19.38,18.69,2.2,92.73,51.36,111.38,
7/10/2020,1798.89,1801.71,1810.94,1794.47,-0.24,18.67,18.7,18.82,18.48,0.05,97.43,18.5,146.6,
7/9/2020,1803.19,1810.68,1815.99,1795.76,-0.42,18.66,18.65,19.05,18.48,-0.59,55.83,18.55,77.37,
7/8/2020,1810.78,1794.93,1818.37,1791.82,0.86,18.77,18.34,18.8,18.24,2.57,68.6,48.85,105.94,
7/7/2020,1795.26,1784.57,1797.93,1774.37,0.64,18.3,18.25,18.38,17.99,0.49,106.17,74.09,123.6,
7/6/2020,1783.9,1776.24,1786.98,1770.09,0.5,18.21,18.05,18.41,17.94,0.94,72.01,30.77,94.1,
7/3/2020,1775.05,1774.03,1777.01,1772.03,-0.06,18.04,18.05,18.11,17.93,0.78,43.97,29.22,56.88,
7/2/2020,1776.13,1769.6,1780.21,1757.85,0.33,17.9,17.96,18.14,17.76,-0.22,23.39,18.66,23.34,
7/1/2020,1770.32,1780.91,1789.27,1759.02,-0.64,17.94,18.17,18.46,17.83,-1.05,107.85,143.36,145.2,
6/30/2020,1781.66,1771.77,1786.46,1765.77,0.53,18.13,17.82,18.26,17.77,1.51,76.92,67.1,87.95,
6/29/2020,1772.28,1773.27,1775.86,1766.07,0.05,17.86,17.81,17.97,17.68,0.62,48.01,63.81,44.36,
6/26/2020,1771.47,1762.35,1772.36,1748.04,0.55,17.75,17.8,17.94,17.49,-0.73,44.34,8.84,66.37,
6/25/2020,1761.82,1759.76,1768.84,1755.23,-0.03,17.88,17.48,17.91,17.44,2.05,40.78,27.11,45.22,
6/24/2020,1762.43,1769.09,1780.06,1761.09,-0.29,17.52,17.86,18.08,17.42,-2.4,80.22,37.63,109.87,
6/23/2020,1767.54,1756.03,1771.69,1747.9,0.69,17.95,17.84,18.03,17.66,0.73,56.38,65.58,62.51,
6/22/2020,1755.44,1749,1763.82,1743.78,0.68,17.82,17.65,18.05,17.63,1.25,131.45,83.87,166.14,
6/19/2020,1743.62,1723.16,1745.68,1721.36,1.2,17.6,17.53,17.82,17.36,0.54,53.82,78.05,32.55,
6/18/2020,1722.99,1725.57,1736.87,1717.28,-0.23,17.51,17.49,17.69,17.31,-0.43,101.32,61.48,124.54,
6/17/2020,1727.04,1727.34,1730.62,1713.37,-0.02,17.58,17.43,17.65,17.3,1.06,151.38,150.91,133.28,
6/16/2020,1727.46,1725.79,1733.06,1715.93,0.11,17.4,17.38,17.6,17.23,-0.2,79.2,27.87,108.48,
6/15/2020,1725.53,1732.35,1734.78,1704.76,-0.3,17.43,17.46,17.59,16.96,-0.06,102.87,102.56,128.32,
6/12/2020,1730.8,1728.32,1743.59,1723.12,0.19,17.44,17.62,17.77,17.38,-1.5,73.61,55.04,76.51,
6/11/2020,1727.51,1737.11,1744.72,1721.34,-0.55,17.71,18.12,18.17,17.48,-2.99,87.41,18.35,137.73,
6/10/2020,1737.1,1714.33,1740.29,1708.83,1.31,18.25,17.53,18.32,17.52,3.75,95.69,45.42,121.24,
6/9/2020,1714.57,1700.25,1720.75,1691.92,1.13,17.59,17.76,17.8,17.46,-1.51,68.3,19.45,105.47,
6/8/2020,1695.47,1684.16,1701.27,1677.61,0.57,17.86,17.39,17.93,17.32,2.82,65.65,50.34,75.58,
6/5/2020,1685.83,1711.2,1716.39,1670.75,-1.52,17.37,17.76,17.82,17.22,-1.98,109.98,61.4,131.69,
6/4/2020,1711.84,1699.11,1722.22,1697.4,0.78,17.72,17.75,17.87,17.45,0.28,36.15,27.03,37.58,
6/3/2020,1698.63,1728.97,1732.92,1690.01,-1.7,17.67,18.1,18.13,17.46,-2.32,114.53,52.7,190.47,
6/2/2020,1727.97,1740.93,1745.54,1721.52,-0.71,18.09,18.29,18.39,17.77,-0.99,83.04,82.79,76.73,
6/1/2020,1740.34,1736.42,1744.52,1727.03,0.7,18.27,17.89,18.44,17.89,2.41,53.9,39.08,73.34,
5/29/2020,1728.3,1721.7,1738.99,1713.79,0.52,17.84,17.43,17.94,17.26,2.41,137.45,45.68,190.49,
5/28/2020,1719.4,1709.68,1727.69,1707.19,0.59,17.42,17.28,17.53,17.17,0.69,61.02,43.45,79.74,
5/27/2020,1709.25,1712.03,1715.77,1693.6,-0.19,17.3,17.12,17.38,16.85,1.17,23.43,28.03,31.17,
5/26/2020,1712.45,1729.65,1736.29,1708.31,-0.99,17.1,17.12,17.48,17.02,-0.58,120.36,73.04,147.95,
5/25/2020,1729.57,1734.73,1735.57,1720.47,-0.37,17.2,17.2,17.26,16.88,0.12,129.13,11.19,205.42,
5/22/2020,1736.07,1725.26,1741.51,1724.29,0.56,17.18,17.01,17.26,16.7,0.7,135.65,69.8,174.66,
5/21/2020,1726.34,1750.18,1750.64,1717.56,-1.32,17.06,17.51,17.6,16.88,-2.51,73.21,27.37,106.53,
5/20/2020,1749.5,1744.44,1754.08,1740.91,0.25,17.5,17.44,17.65,17.27,0.57,99.69,45.18,128.12,
5/19/2020,1745.11,1733.37,1748.77,1725.83,0.74,17.4,17,17.5,16.96,1.31,99.48,79.34,99.26,
5/18/2020,1732.32,1742.93,1764.81,1726.26,-0.61,17.18,16.64,17.58,16.64,3.34,135.1,140.07,125.82,
5/15/2020,1743,1731.13,1753.25,1728.52,0.71,16.62,15.88,16.74,15.76,4.73,45.82,27.41,53.34,
5/14/2020,1730.65,1715.01,1737.34,1710.39,0.85,15.87,15.56,15.96,15.44,1.47,82.13,45.49,98.65,
5/13/2020,1715.99,1701.21,1718.33,1697.92,0.78,15.64,15.45,15.67,15.33,1.49,59.53,33.91,70.72,
5/12/2020,1702.72,1696.25,1711.04,1692.28,0.32,15.41,15.49,15.65,15.34,-0.9,39.44,9.83,57.39,
5/11/2020,1697.35,1703.76,1713.67,1691.56,-0.31,15.55,15.51,15.62,15.27,0.65,37.91,37.8,31.53,
5/8/2020,1702.65,1717.46,1724.56,1701.61,-0.89,15.45,15.35,15.65,15.21,-0.32,70.48,93.68,54.7,
5/7/2020,1717.94,1686.08,1722.02,1681.96,1.9,15.5,14.84,15.53,14.82,3.89,56.15,27.99,70.03,
5/6/2020,1685.88,1705.77,1707.85,1681.34,-1.25,14.92,14.97,15.18,14.82,-0.67,80.79,113.71,47.42,
5/5/2020,1707.17,1701.78,1712.6,1691.13,0.32,15.02,14.8,15.06,14.71,1.21,41.64,36.9,38.47,
5/4/2020,1701.69,1697.26,1712,1690.96,0.08,14.84,14.97,15.08,14.73,-0.67,59.6,29.71,74.33,
5/1/2020,1700.41,1685.24,1706.21,1669.82,0.91,14.94,14.95,15.07,14.74,-0.53,60.41,60.23,50.23,
4/30/2020,1685.05,1715.22,1726.14,1684.16,-1.6,15.02,15.27,15.52,14.71,-2.21,56.95,56.77,55.25,
4/29/2020,1712.38,1708.72,1717.52,1697.72,0.22,15.36,15.19,15.4,15.08,1.12,79.46,99.02,66.08,
4/28/2020,1708.63,1716.19,1716.19,1691.8,-0.4,15.19,15.2,15.24,14.91,-0.56,95.69,127.19,75.78,
4/27/2020,1715.57,1724.86,1727.82,1705.82,-0.8,15.28,15.26,15.36,15.01,0.23,49,19.54,65.2,
4/24/2020,1729.43,1733.32,1737.89,1710.63,-0.12,15.24,15.26,15.41,15.02,-0.39,45.83,8.31,76.23,
4/23/2020,1731.59,1713,1738.84,1704.05,0.98,15.3,15.09,15.46,14.96,0.96,100.94,82.33,114.45,
4/22/2020,1714.82,1686.47,1719.66,1680.05,1.65,15.16,14.88,15.18,14.69,1.54,137.26,136.84,114.14,
4/21/2020,1687.02,1694.22,1698.48,1660.99,-0.42,14.93,15.32,15.35,14.52,-2.9,54.08,35.94,59.96,
4/20/2020,1694.12,1691.44,1703.02,1671.74,0.56,15.37,15.15,15.45,15.05,1.59,25.88,0,43.04,
4/17/2020,1684.69,1713.49,1718.69,1678.52,-1.96,15.13,15.54,15.56,15.03,-3.14,73.51,45.8,84.05,
4/16/2020,1718.4,1716.29,1738.74,1706.92,0.1,15.62,15.49,15.65,15.2,0.94,48.46,17.57,65.93,
4/15/2020,1716.6,1729.43,1731.43,1706.99,-0.76,15.48,15.76,15.8,15.27,-2.12,89.53,68,99.26,
4/14/2020,1729.7,1714.09,1748.5,1709.1,0.9,15.81,15.36,15.86,15.33,2.33,91.17,43.28,137.18,
4/13/2020,1714.32,1682.25,1722.36,1672.95,1.45,15.45,15.47,15.53,15.13,0.06,88.78,77.44,92.28,
4/10/2020,1689.9,1675,1696.5,1675,0.35,15.44,15.44,15.47,15.41,-0.06,85.49,71.02,94.78,
4/9/2020,1684.07,1644.28,1690.29,1642.34,2.28,15.45,14.97,15.58,14.91,2.66,60.91,84.08,38.96,
4/8/2020,1646.52,1645.94,1657.06,1641.15,-0.15,15.05,15.01,15.19,14.86,0.31,78.21,55.04,91.82,
4/7/2020,1648.95,1662.38,1671.88,1641.06,-0.84,15,15.02,15.51,14.84,0.12,106.53,60.69,143.42,
4/6/2020,1663,1596.8,1669.76,1596.8,2.75,14.99,14.41,15.1,14.24,4.13,99.33,108.92,90.85,
4/3/2020,1618.45,1609.99,1627.04,1607,0.29,14.39,14.5,14.59,14.26,-0.79,84.58,56.21,93.77,
4/2/2020,1613.79,1590.75,1621.27,1576.43,1.17,14.51,13.95,14.57,13.89,3.61,47.59,9.49,79.15,
4/1/2020,1595.05,1569.45,1604.12,1568.91,1.51,14,13.97,14.16,13.81,0.21,65.6,9.34,101.3,
3/31/2020,1571.31,1612.25,1623.52,1562.25,-3.2,13.97,14.06,14.26,13.85,-1.03,89.26,59.32,107.21,
3/30/2020,1623.3,1617.38,1635.59,1607.63,-0.01,14.12,14.54,14.6,13.81,-2.45,103.52,39.31,139.36,
3/27/2020,1623.5,1634.99,1640.76,1614.75,-0.54,14.47,14.41,14.66,14.18,0.59,52.13,47.24,55.17,
3/26/2020,1632.38,1620.16,1645.8,1595.81,1.15,14.39,14.5,14.69,14.15,-0.31,56.71,28.27,78.59,
3/25/2020,1613.79,1618.79,1636.29,1584.18,-0.51,14.43,14.31,14.74,14.01,1.12,53.36,17.73,81.34,
3/24/2020,1622.03,1565.36,1644.35,1564.77,4.39,14.27,13.28,14.37,13.17,7.7,191.01,100.22,275.87,
3/23/2020,1553.81,1508.25,1561.76,1485.4,3.71,13.25,12.6,13.3,12.27,5.33,121.19,40.27,167.96,
3/20/2020,1498.24,1470.39,1516.43,1460.49,1.85,12.58,12.1,13.03,12,3.88,57.8,26.6,81.34,
3/19/2020,1471,1486.1,1501.61,1464.75,-1.03,12.11,11.96,12.31,11.78,1.09,89.17,97.78,81.56,
3/18/2020,1486.3,1527.3,1546.05,1472.6,-2.77,11.98,12.61,12.91,11.64,-4.85,87.61,74.86,83.26,
3/17/2020,1528.58,1512.05,1553.11,1465.6,0.92,12.59,12.85,13.26,12.12,-2.4,99.09,94.08,86.32,
3/16/2020,1514.61,1550.59,1573.49,1451.68,-0.99,12.9,15.09,15.12,11.79,-12.13,34.45,9.81,49.11,
3/13/2020,1529.7,1576.83,1597.72,1506.73,-3,14.68,15.84,15.88,14.44,-7.21,68.07,82.94,81.75,
3/12/2020,1577.09,1634.69,1650.13,1560.96,-3.54,15.82,16.75,16.94,15.51,-5.57,74.84,70.68,72.06,
3/11/2020,1635.03,1649.69,1670.97,1632.9,-0.87,16.75,16.9,17.13,16.67,-0.63,90.98,65.96,110.04,
3/10/2020,1649.36,1678.9,1680.36,1642.11,-1.84,16.86,16.99,17.22,16.8,-0.65,71.65,16.81,112.14,
3/9/2020,1680.2,1694.6,1703.16,1657.96,0.36,16.97,17.34,17.53,16.56,-1.98,72.8,41.47,95.13,
3/6/2020,1674.23,1670.66,1692.11,1647.98,0.22,17.31,17.43,17.59,17.05,-0.56,51.33,55.11,78.79,
3/5/2020,1670.61,1635.83,1674.66,1634.92,2.13,17.41,17.21,17.47,17.14,1.34,79.18,122.8,58.53,
3/4/2020,1635.83,1639.85,1651.68,1631.99,-0.24,17.18,17.2,17.35,17.07,0,144.92,140.35,185.93,
3/3/2020,1639.77,1590.78,1649.5,1587.79,3.08,17.18,16.75,17.48,16.72,2.7,123.04,141.53,86.57,
3/2/2020,1590.73,1590.99,1610.78,1579.54,0.35,16.73,16.69,17.06,16.51,0.4,106.23,125.16,104.4,
2/28/2020,1585.12,1642.14,1649.49,1565.86,-3.48,16.66,17.72,17.88,16.39,-5.85,55.14,59.2,56.43,
2/27/2020,1642.35,1640.56,1660.44,1635.66,0.15,17.7,17.91,18.15,17.63,-1.03,63.97,72.88,53.19,
2/26/2020,1639.96,1635.46,1655.07,1625.72,0.28,17.88,18.01,18.23,17.78,-0.57,102.6,19.48,154.38,
2/25/2020,1635.38,1660.72,1660.85,1629.01,-1.53,17.99,18.64,18.68,17.88,-3.42,115.45,44.27,155.08,
2/24/2020,1660.72,1658.96,1688.96,1652.3,1.04,18.62,18.49,18.96,18.49,0.86,80.92,70.59,75.7,
2/21/2020,1643.7,1619.79,1649.14,1618.99,1.48,18.46,18.37,18.65,18.34,0.6,103.92,86.34,129.62,
2/20/2020,1619.7,1611.71,1623.74,1603.89,0.5,18.35,18.42,18.46,18.21,-0.26,111.31,53.26,140.69,
2/19/2020,1611.64,1601.8,1612.91,1599.49,0.61,18.4,18.17,18.47,18.14,1.31,54.75,45.49,53.12,
2/18/2020,1601.91,1583.31,1605.35,1582.96,1.32,18.16,17.8,18.24,17.78,2.23,83.43,0,138.75,
2/17/2020,1581.1,1584.75,1584.86,1578.4,-0.23,17.77,17.75,17.92,17.69,0.2,84.65,78.76,112.62,
2/14/2020,1584.7,1576.29,1585.04,1573.15,0.53,17.73,17.65,17.83,17.62,0.58,89.18,59.27,120.07,
2/13/2020,1576.39,1565.62,1578.11,1565.43,0.69,17.63,17.48,17.75,17.47,0.94,58.85,83.82,27.96,
2/12/2020,1565.63,1567.73,1570.48,1561.46,-0.13,17.46,17.65,17.69,17.45,-0.96,62.03,74.21,41.27,
2/11/2020,1567.72,1572.01,1573.96,1562.18,-0.29,17.63,17.77,17.83,17.56,-0.66,90.26,89.98,82.56,
2/10/2020,1572.3,1569.94,1577.16,1568.01,0.13,17.75,17.7,17.86,17.67,0.43,24.76,19.75,24.7,
2/7/2020,1570.29,1566.96,1574.05,1562.38,0.22,17.67,17.83,17.88,17.63,-0.75,78.96,23.62,111.62,
2/6/2020,1566.85,1556.88,1568.29,1552.24,0.65,17.81,17.61,17.9,17.6,1.21,90.63,36.14,128.12,
2/5/2020,1556.7,1552.57,1562.31,1547.2,0.27,17.59,17.6,17.74,17.47,0.09,68.35,36.34,98.51,
2/4/2020,1552.55,1576.3,1579.54,1548.99,-1.52,17.58,17.67,17.8,17.51,-0.44,143.61,181.34,103.49,
2/3/2020,1576.45,1589.85,1591.86,1571.26,-0.86,17.66,18.05,18.11,17.58,-2.08,107.52,112.29,93.66,
1/31/2020,1590.2,1574.27,1590.2,1570.84,1.02,18.03,17.84,18.11,17.78,1.16,73.98,40.97,88.85,
1/30/2020,1574.22,1576.98,1585.97,1572.49,-0.18,17.82,17.56,18.06,17.54,1.62,188.07,42.61,284.34,
1/29/2020,1577.12,1566.21,1577.96,1563.1,0.69,17.54,17.45,17.6,17.37,0.61,47.02,8.52,71.08,
1/28/2020,1566.24,1582.05,1583.17,1565.64,-0.99,17.43,18.1,18.13,17.44,-3.59,99.59,51.8,136.83,
1/27/2020,1581.95,1579.99,1586.72,1575.59,0.72,18.08,18.11,18.35,18.04,0.01,72.01,30.77,94.1,
1/24/2020,1570.65,1563.29,1575.76,1556.16,0.47,18.08,17.8,18.17,17.73,1.68,51.96,8.63,79.21,
1/23/2020,1563.33,1558.93,1567.94,1551.29,0.28,17.78,17.84,17.92,17.6,-0.19,93.07,16.87,147.75,
1/22/2020,1558.91,1558.03,1559.35,1549.81,0.06,17.82,17.79,17.95,17.67,0.26,77.99,24.55,129.7,
1/21/2020,1558.02,1560.85,1568.65,1546.25,-0.23,17.77,18.07,18.17,17.62,-1.62,119.33,85.65,150.82,
1/20/2020,1561.58,1558.56,1562.81,1556.35,0.32,18.07,18.02,18.14,17.98,0.37,119.12,33.93,179.23,
1/17/2020,1556.61,1552.9,1561.3,1549.26,0.25,18,17.95,18.19,17.89,0.32,129.82,83.5,174.12,
1/16/2020,1552.79,1556.17,1558.14,1547.85,-0.22,17.94,18,18.06,17.86,-0.28,145.95,44.09,213.3,
1/15/2020,1556.19,1546.26,1558.23,1546.01,0.64,17.99,17.8,18.06,17.74,1.13,153.53,64.93,216.65,
1/14/2020,1546.37,1548.31,1548.8,1535.88,-0.12,17.79,17.97,17.98,17.67,-0.97,131.78,81.54,151.14,
1/13/2020,1548.3,1562.29,1562.3,1546.52,-0.89,17.96,18.1,18.13,17.91,-0.71,152.73,126,157.65,
1/10/2020,1562.28,1552.26,1563.19,1545.32,0.64,18.09,17.91,18.17,17.83,1.08,167.3,166.79,187.81,
1/9/2020,1552.37,1555.76,1561.33,1539.88,-0.22,17.9,18.1,18.22,17.79,-1.02,394.46,339.62,551.65,
1/8/2020,1555.81,1573.99,1611,1551.97,-1.16,18.08,18.4,18.86,18.04,-1.65,180.61,158.09,227.1,
1/7/2020,1573.99,1565.93,1577.38,1555.1,0.51,18.39,18.15,18.45,17.93,1.35,413.46,147.21,622.12, U.S. / Iran Tensions Escalate
1/6/2020,1565.96,1560.59,1582.69,1560.59,0.92,18.14,18.04,18.52,18,0.6,251.99,115.14,357.95,
1/3/2020,1551.65,1529.11,1553.45,1527.95,1.49,18.03,18.03,18.29,17.98,0.12,80.79,40.27,125.97,
1/2/2020,1528.94,1517.13,1531.3,1517.09,0.77,18.01,17.87,18.12,17.77,1.03,163.18,86.76,199.01,
1/1/2020,1517.3,1517.26,1517.48,1517.2,-0.01,17.83,17.85,17.87,17.85,0,114.53,105.39,131.86,
12/31/2019,1517.39,1515.51,1525.59,1514.79,0.14,17.83,17.93,18.17,17.81,-0.48,165.35,142.86,210.83,
12/30/2019,1515.22,1511.49,1516.3,1509.96,0.3,17.92,17.76,17.99,17.76,0.91,128.64,153.9,85.58,
12/27/2019,1510.67,1511.55,1515.34,1506.73,-0.06,17.75,17.9,17.99,17.73,-0.74,111.91,111.57,93.06,
12/26/2019,1511.55,1499.41,1512.55,1497.45,0.8,17.89,17.78,18.06,17.71,0.57,44.17,52.84,44.07,
12/25/2019,1499.55,1499.55,1499.55,1499.55,0,,,,,,45.38,30.16,50.31,
12/24/2019,1499.56,1486.07,1501.08,1484.96,0.95,17.79,17.43,17.81,17.37,2.08,58.22,34.82,67.77,
12/23/2019,1485.52,1478.2,1486.16,1477.5,0.5,17.42,17.2,17.47,17.17,1.34,34.81,23.13,38.59,
12/20/2019,1478.2,1479.29,1481.06,1475.5,-0.06,17.19,17.07,17.27,17.01,0.8,49.51,71.79,22.46,
12/19/2019,1479.15,1475.29,1481.9,1472.6,0.25,17.06,17.02,17.14,16.88,0.29,69.01,34.4,93.25,
12/18/2019,1475.44,1476.45,1479.39,1470.1,-0.07,17.01,17.01,17.09,16.87,0.03,119.12,109.62,137.15,
12/17/2019,1476.45,1476.25,1480.61,1474.06,0.01,17,17.04,17.13,16.94,-0.17,82.33,48.28,104.7,
12/16/2019,1476.25,1475.45,1479.86,1472.8,0.03,17.03,16.96,17.11,16.88,0.59,94.93,59.77,116.33,
12/13/2019,1475.81,1469.62,1478,1462.41,0.43,16.93,16.93,17.03,16.83,0.03,99.63,41.38,138.07,
12/12/2019,1469.43,1474.85,1486.9,1464.45,-0.37,16.93,16.86,17.14,16.76,0.43,97.69,70.83,110.77,
12/11/2019,1474.85,1464.04,1478.9,1462.14,0.73,16.85,16.67,16.98,16.58,1.19,97.43,138.76,77.16,
12/10/2019,1464.21,1462.08,1469.24,1459.55,0.15,16.65,16.63,16.73,16.56,0.32,76.31,26.85,119.44,
12/9/2019,1461.99,1459.19,1465.5,1458.55,0.15,16.6,16.56,16.7,16.52,0.25,82.81,51.6,103.29,
12/6/2019,1459.76,1475.85,1477.15,1458.42,-1.08,16.56,16.96,17.01,16.52,-2.29,88.66,64.28,113.93,
12/5/2019,1475.7,1474.06,1480.5,1472.6,0.09,16.95,16.85,17.04,16.8,0.76,103.15,94.92,92.37,
12/4/2019,1474.35,1477.21,1484.25,1471.21,-0.2,16.82,17.18,17.31,16.79,-1.99,47.66,47.52,63.41,
12/3/2019,1477.34,1462.5,1481.9,1458.87,1.02,17.16,16.91,17.22,16.86,1.55,85.84,50.34,100.77,
12/2/2019,1462.44,1466.73,1466.73,1453.7,-0.16,16.9,17,17.03,16.81,-0.71,77.88,31.06,112.25,
11/29/2019,1464.8,1456.7,1467.21,1453.38,0.44,17.02,16.92,17.06,16.85,0.89,108.38,75.16,117.55,
11/28/2019,1458.34,1456.85,1458.45,1454.19,0.27,16.87,16.96,17.05,16.88,-0.42,38.01,10.83,63.22,
11/27/2019,1454.35,1461.35,1461.82,1452.2,-0.5,16.94,17.08,17.11,16.92,-0.74,93.25,97.39,81.23,
11/26/2019,1461.6,1455.28,1463.06,1450.7,0.46,17.07,16.91,17.13,16.8,1,70.48,46.84,78.14,
11/25/2019,1454.97,1462.14,1462.14,1453.5,-0.5,16.9,17.01,17.04,16.84,-0.61,36.63,31.3,34.81,
11/22/2019,1462.29,1464.4,1473.15,1461,-0.14,17,17.11,17.26,16.98,-0.54,64.28,22.62,88.04,
11/21/2019,1464.4,1471.4,1475.85,1462.43,-0.47,17.1,17.15,17.21,17.03,-0.19,62.9,41.8,76.71,
11/20/2019,1471.25,1472.39,1478.9,1465.66,-0.08,17.13,17.15,17.23,17.02,-0.03,101.93,33.87,141.26,
11/19/2019,1472.38,1470.85,1475.5,1464.3,0.1,17.14,17.04,17.21,16.96,0.67,61.17,46.91,62.6,
11/18/2019,1470.85,1467.51,1474.1,1455.97,0.24,17.02,16.96,17.09,16.73,0.43,109.1,79.1,156.69,
11/15/2019,1467.37,1471.2,1471.43,1462.05,-0.26,16.95,17.02,17.05,16.81,-0.37,75.07,56.13,85.83,
11/14/2019,1471.2,1463.18,1474.48,1460.76,0.55,17.01,16.96,17.13,16.87,0.35,85.79,28.51,118.9,
11/13/2019,1463.19,1457.19,1467.14,1455.9,0.41,16.95,16.78,17.05,16.75,1.07,160.15,142.85,189.24,
11/12/2019,1457.19,1455.79,1460.32,1445.43,0.09,16.77,16.86,16.92,16.64,-0.48,62.41,67,63.87,
11/11/2019,1455.9,1458.96,1466.59,1448.14,-0.19,16.86,16.81,16.96,16.65,0.35,92.59,61.53,111.21,
11/8/2019,1458.66,1468.01,1473.25,1456.05,-0.64,16.8,17.12,17.14,16.69,-1.82,98.94,94.69,92.15,
11/7/2019,1468.07,1490.29,1492.32,1461,-1.5,17.11,17.64,17.7,16.98,-2.91,63.62,45.3,75.57,
11/6/2019,1490.46,1484.1,1494.3,1482.21,0.43,17.62,17.59,17.67,17.37,0.21,85.79,95.03,71.34,
11/5/2019,1484.1,1509.64,1509.9,1479.35,-1.69,17.59,18.06,18.11,17.53,-2.55,77.94,48.56,97.22,
11/4/2019,1509.63,1513.8,1514.93,1504.46,-0.29,18.05,18.13,18.25,17.95,-0.22,59.24,9.84,90.31,
11/1/2019,1513.95,1513.53,1515.81,1503.3,0.04,18.09,18.12,18.18,17.93,-0.22,100.66,72.98,106.53,
10/31/2019,1513.36,1496.39,1514.39,1493.64,1.2,18.13,17.89,18.2,17.78,1.48,83.14,52.35,109.16,
10/30/2019,1495.4,1487.6,1496.8,1481.02,0.52,17.86,17.82,17.98,17.58,0.35,113.29,90.35,113.04,
10/29/2019,1487.6,1492.64,1495,1483.71,-0.34,17.8,17.86,17.91,17.59,-0.32,95.01,68.89,107.74,
10/28/2019,1492.69,1504.21,1508.36,1489.65,-0.8,17.86,18.05,18.15,17.78,-0.92,98.3,97.99,114.43,
10/25/2019,1504.73,1504.75,1518.1,1500.55,0.07,18.02,17.81,18.35,17.77,1.41,140.87,96.3,167.35,
10/24/2019,1503.65,1492.3,1504.21,1488.02,0.77,17.77,17.57,17.86,17.46,1.22,116.31,42.94,179.1,
10/23/2019,1492.1,1488.2,1496.24,1487.49,0.27,17.56,17.54,17.63,17.48,0.23,97.06,16.83,154.39,
10/22/2019,1488.05,1484.66,1489.17,1480.84,0.24,17.52,17.57,17.69,17.42,-0.28,54.3,72.18,37.63,
10/21/2019,1484.5,1492.02,1495.31,1481.75,-0.38,17.57,17.57,17.88,17.5,0.14,93.44,55.89,116.55,
10/18/2019,1490.1,1492.32,1494.33,1484.8,-0.12,17.54,17.55,17.62,17.39,0.12,106.58,76.5,127.62,
10/17/2019,1491.89,1490.4,1497.43,1483.35,0.14,17.52,17.4,17.67,17.29,0.75,114.77,15.78,177.71,
10/16/2019,1489.77,1481.28,1491.6,1477.05,0.58,17.39,17.42,17.49,17.15,0.12,193.5,119.42,283.5,
10/15/2019,1481.17,1493.25,1497.99,1477.46,-0.79,17.37,17.65,17.75,17.34,-1.59,108.07,93.68,179.73,
10/14/2019,1492.9,1488.6,1497.1,1482.6,0.2,17.65,17.58,17.72,17.41,0.63,118.48,68.9,164.2,
10/11/2019,1489.85,1494.46,1503.49,1474.3,-0.3,17.54,17.51,17.77,17.33,0.34,204.32,277.36,180.74,
10/10/2019,1494.3,1505.6,1517.07,1491.4,-0.76,17.48,17.72,17.9,17.41,-1.24,165.17,109.77,213.65,
10/9/2019,1505.7,1506.06,1511.6,1499.7,0.01,17.7,17.73,17.97,17.65,-0.06,82.47,73.08,99.06,
10/8/2019,1505.51,1493.4,1508.56,1487.49,0.8,17.71,17.45,17.82,17.26,1.58,118.78,87.71,131.69,
10/7/2019,1493.6,1504.76,1509.47,1489.94,-0.73,17.44,17.64,17.64,17.38,-0.66,52.96,28.8,64.06,
10/4/2019,1504.6,1505.19,1510.94,1497.01,-0.03,17.55,17.56,17.67,17.29,-0.03,111.27,59.73,135.23,
10/3/2019,1505,1499.55,1518.75,1495.85,0.37,17.56,17.58,17.81,17.46,0,46.48,25.27,63.24,
10/2/2019,1499.51,1479.19,1504.98,1474.25,1.39,17.56,17.25,17.7,17.17,1.86,69.65,8.68,115.83,
10/1/2019,1478.98,1472.3,1487.42,1458.9,0.46,17.24,17,17.34,16.88,1.41,90.14,71.89,119.92,
9/30/2019,1472.25,1497.08,1500.5,1464.24,-1.65,17,17.53,17.61,16.91,-3.13,95.55,42.34,123.6,
9/27/2019,1496.94,1506.18,1507.79,1486.98,-0.59,17.54,17.81,17.92,17.29,-1.44,88.06,16.72,146.44,
9/26/2019,1505.8,1503.89,1512.6,1501.74,0.11,17.8,17.93,18.06,17.73,-0.59,70.67,52.84,88.14,
9/25/2019,1504.15,1531.6,1535.4,1501.41,-1.84,17.91,18.63,18.71,17.82,-3.63,124.11,76.8,142.35,
9/24/2019,1532.3,1522.5,1536.1,1515.95,0.67,18.58,18.64,18.76,18.25,-0.27,103.24,71.6,141.83,
9/23/2019,1522.12,1516.65,1527.05,1511.35,0.33,18.63,17.96,18.72,17.94,3.62,52.58,47.65,63.6,
9/20/2019,1517.15,1499.6,1517.21,1498,1.2,17.98,17.79,18,17.75,1.18,126.96,130.41,121.57,
9/19/2019,1499.2,1493.6,1504.2,1488.8,0.35,17.77,17.81,17.96,17.59,0.17,157.13,76.21,240.14,
9/18/2019,1493.9,1501.4,1511.25,1484.41,-0.61,17.74,18.02,18.06,17.52,-1.53,115.36,65.72,157.6,
9/17/2019,1503.1,1499.45,1507.9,1493.9,0.29,18.02,17.85,18.11,17.74,0.92,253.34,200.14,325.93,
9/16/2019,1498.8,1503.59,1512.81,1496.2,0.68,17.85,17.45,18.03,17.45,2.44,178.92,122.31,229.54,
9/13/2019,1488.7,1498.45,1509.06,1485.51,-0.68,17.43,18.06,18.21,17.38,-3.7,70.57,41.38,96.65,
9/12/2019,1498.95,1497.45,1523.86,1488.65,0.09,18.1,18.1,18.49,17.99,0.08,79.5,70.45,88.14,
9/11/2019,1497.6,1486.45,1498.41,1484.9,0.75,18.08,18.02,18.26,17.89,0.39,98.75,17.9,156.76,
9/10/2019,1486.4,1499.6,1501.9,1484.8,-0.84,18.01,18,18.2,17.77,0.28,104.88,104.56,138.09,
9/9/2019,1498.95,1507.1,1515.5,1497.6,-0.53,17.96,18.19,18.33,17.92,-1.1,72.86,87.16,56.54,
9/6/2019,1506.95,1519.25,1527.7,1502.75,-0.82,18.16,18.66,18.81,17.98,-2.52,81.74,42.89,100.16,
9/5/2019,1519.35,1552.45,1553.25,1509.28,-2.14,18.63,19.58,19.6,18.5,-4.8,81.01,44.87,127.25,
9/4/2019,1552.6,1547.05,1557.25,1533.68,0.36,19.57,19.26,19.67,19.17,1.77,89.65,53.62,104.37,
9/3/2019,1547,1529.6,1549.8,1521.4,1.07,19.23,18.48,19.31,18.32,4.23,83.73,41.74,113.14,
9/2/2019,1530.59,1520.05,1533.77,1519.05,0.68,18.45,18.43,18.57,18.25,0.54,118.91,146.77,113.01,
8/30/2019,1520.25,1527.6,1533.4,1517.51,-0.49,18.35,18.27,18.5,18.07,0.6,45.78,41.49,55.37,
8/29/2019,1527.7,1539.2,1550.7,1519.4,-0.74,18.24,18.34,18.68,18.04,-0.49,76.37,57.1,79.38,
8/28/2019,1539.1,1541.69,1547.1,1531.5,-0.23,18.33,18.18,18.53,18.05,0.94,83.47,78.84,102.29,
8/27/2019,1542.64,1526.25,1544.63,1524.75,1.07,18.16,17.67,18.22,17.62,3.01,178.1,111.6,203.1,
8/26/2019,1526.35,1539.25,1554.91,1524.55,-0.03,17.63,17.61,17.8,17.51,1.38,121.19,69.04,143.96,
8/23/2019,1526.85,1499.55,1530.43,1493.45,1.87,17.39,17.04,17.5,16.97,2.23,96.78,70.17,146.32,
8/22/2019,1498.8,1502.1,1504.6,1491.7,-0.23,17.01,17.15,17.17,16.92,-0.58,147.97,66.62,206.39,
8/21/2019,1502.3,1507.7,1508.4,1496.1,-0.32,17.11,17.17,17.22,16.98,-0.06,114.39,47.52,150.61,
8/20/2019,1507.1,1495.55,1508.39,1492.75,0.79,17.12,16.89,17.21,16.85,1.54,76.68,50.96,110.52,
8/19/2019,1495.3,1511,1512.9,1492.4,-1.24,16.86,17.12,17.16,16.84,-1.29,127.85,46.35,173.97,
8/16/2019,1514.15,1524,1527.8,1504.2,-0.59,17.08,17.28,17.35,17.04,-1.07,104.61,78.21,115.98,
8/15/2019,1523.2,1516.74,1526.76,1508.25,0.45,17.27,17.21,17.4,17.1,0.35,96.89,101.19,107.42,
8/14/2019,1516.34,1501.38,1524.1,1494.25,1,17.21,16.98,17.34,16.87,1.41,105.77,86.27,111.94,
8/13/2019,1501.39,1510.61,1534.56,1481.31,-0.66,16.97,17.08,17.53,16.56,-0.53,40.67,27.03,45.09,
8/12/2019,1511.4,1497.51,1517.71,1487.68,0.95,17.06,16.96,17.18,16.8,0.68,151.52,83.34,191.16,
8/9/2019,1497.24,1501.4,1508.4,1494.62,-0.25,16.94,16.91,17.15,16.85,0.24,105.86,61.56,132.04,
8/8/2019,1500.95,1501.95,1510.35,1490.74,-0.02,16.9,17.08,17.22,16.8,-1.17,144.63,148.84,124.15,
8/7/2019,1501.2,1474.25,1510.4,1472.36,1.83,17.1,16.45,17.26,16.44,3.98,106,88.06,124.87,
8/6/2019,1474.27,1464.2,1475.21,1456.65,0.72,16.45,16.44,16.52,16.35,0.34,270.94,183.47,306.06,
8/5/2019,1463.8,1440.6,1469.8,1436.9,1.6,16.39,16.22,16.59,16.11,1.11,103.52,103.2,94.69,
8/2/2019,1440.7,1445.66,1448.05,1430.08,-0.32,16.21,16.32,16.36,16.03,-0.7,110.99,42.56,156.18,
8/1/2019,1445.31,1411.21,1445.81,1400.56,2.23,16.33,16.26,16.39,15.91,0.43,107.73,89.5,111.97,
7/31/2019,1413.8,1430.91,1432.94,1411.35,-1.19,16.26,16.56,16.59,16.19,-1.93,89.66,84.68,109.87,
7/30/2019,1430.85,1426.71,1433.03,1421.91,0.27,16.58,16.48,16.65,16.39,0.73,152.36,137.19,155.3,
7/29/2019,1426.94,1419.04,1428.25,1416.86,0.58,16.46,16.4,16.49,16.32,0.41,137.61,88.19,171.65,
7/26/2019,1418.69,1414.59,1424.8,1413.77,0.29,16.39,16.43,16.54,16.32,-0.08,137.65,61.97,192,
7/25/2019,1414.53,1426.6,1433.86,1411.17,-0.8,16.4,16.59,16.67,16.32,-1.15,74.44,37.11,92.85,
7/24/2019,1425.9,1417.26,1429.3,1416.2,0.6,16.59,16.4,16.66,16.33,1.19,99.52,47.24,126.1,
7/23/2019,1417.39,1425.15,1429.25,1414.2,-0.54,16.4,16.37,16.55,16.17,0.34,139.27,99.17,198.52,
7/22/2019,1425.12,1425.15,1429.83,1422.35,-0.01,16.34,16.25,16.45,16.16,0.83,193.02,104.01,242.92,
7/19/2019,1425.3,1446.38,1452.98,1420.29,-1.45,16.21,16.34,16.61,16.06,-0.8,48.78,17.68,66.37,
7/18/2019,1446.3,1426.9,1448.3,1414.66,1.37,16.34,15.99,16.37,15.92,2.29,102.68,115.72,103.94,
7/17/2019,1426.8,1406.41,1427,1399.95,1.46,15.97,15.57,16.01,15.52,2.67,147.23,82.56,198.94,
7/16/2019,1406.33,1414.69,1418.43,1401.18,-0.55,15.56,15.4,15.72,15.3,1.17,76.37,28.55,111.13,
7/15/2019,1414.08,1415.9,1419.75,1407.76,-0.12,15.38,15.23,15.43,15.15,1.08,31.06,30.96,43.04,
7/12/2019,1415.74,1403.85,1416.88,1403.06,0.84,15.21,15.11,15.28,15.04,0.63,107.37,39.64,145.5,
7/11/2019,1404,1419.4,1426.4,1401.6,-1.06,15.12,15.25,15.34,15.09,-0.82,119.68,68.18,156.38,
7/10/2019,1419,1397.8,1419.2,1389.75,1.51,15.24,15.11,15.3,15.03,0.93,100.78,26.21,153.03,
7/9/2019,1397.9,1395.3,1399.9,1386.21,0.17,15.1,15.03,15.15,14.93,0.5,96.65,35.04,138.82,
7/8/2019,1395.5,1399.95,1407.9,1391.75,-0.32,15.03,15.01,15.14,14.95,0.37,53.51,9.7,80.9,
7/5/2019,1399.95,1415.81,1424.36,1386.92,-1.11,14.97,15.28,15.34,14.88,-2.03,98.35,35.65,141.26,
7/4/2019,1415.64,1419.8,1422,1410.59,-0.23,15.28,15.33,15.35,15.21,-0.13,105.83,52.75,158.41,
7/3/2019,1418.94,1419.95,1436.39,1412.48,0.04,15.3,15.32,15.46,15.19,-0.03,66.82,9.52,103.19,
7/2/2019,1418.44,1383.4,1419.72,1383.4,2.47,15.31,15.14,15.33,15.03,1.12,138.22,47.52,214.02,
7/1/2019,1384.31,1392.83,1397.56,1381.76,-1.79,15.14,15.34,15.34,15.11,-1.13,112.52,26.92,172.16,
6/28/2019,1409.5,1409.56,1424.64,1406.81,-0.01,15.31,15.25,15.35,15.19,0.34,153.9,87.67,201.1,
6/27/2019,1409.68,1409.56,1412,1400.25,0.07,15.26,15.29,15.32,15.15,0.1,134.94,86.79,159.26,
6/26/2019,1408.75,1423.91,1424.06,1402.38,-1.02,15.24,15.36,15.38,15.16,-0.81,123.76,24.68,198.96,
6/25/2019,1423.25,1419.17,1439.03,1412.3,0.26,15.37,15.44,15.53,15.27,-0.42,82.02,0,136.4,
6/24/2019,1419.55,1401.35,1421.3,1400.48,1.47,15.43,15.36,15.5,15.28,0.51,171.25,21.34,284.8,
6/21/2019,1399.05,1388.22,1411.18,1382.4,0.78,15.35,15.45,15.58,15.16,-0.45,126,40.52,196.03,
6/20/2019,1388.18,1360.36,1393.24,1357.8,2.05,15.42,15.17,15.53,15.12,1.75,72.57,25.53,106.49,
6/19/2019,1360.27,1346.56,1362.5,1341.15,1.02,15.16,15.01,15.18,14.9,1,135.55,8.45,218.39,
6/18/2019,1346.48,1340.09,1354.6,1338.65,0.52,15.01,14.85,15.1,14.81,1.15,157.74,91.04,200.2,
6/17/2019,1339.54,1341.91,1343.38,1332.7,-0.15,14.84,14.87,14.93,14.76,-0.24,126.36,18,195.14,
6/14/2019,1341.58,1341.55,1358.29,1337.83,-0.06,14.87,14.93,15.14,14.78,-0.2,192.64,125.25,229.83,
6/13/2019,1342.35,1334,1343.43,1332.27,0.66,14.9,14.79,15,14.72,1.12,114.67,59.27,169.51,
6/12/2019,1333.55,1326.78,1338.62,1326.18,0.5,14.74,14.75,14.9,14.71,0.24,95.03,99.25,75.26,
6/11/2019,1326.91,1328.26,1330.06,1319.6,-0.09,14.7,14.71,14.82,14.63,0.27,74.29,52.28,87.21,
6/10/2019,1328.13,1335.96,1337.84,1324.9,-0.94,14.66,15.02,15.03,14.63,-2.2,56.93,30.96,68.86,
6/7/2019,1340.7,1335.6,1348.48,1330.08,0.39,14.99,14.9,15.17,14.84,0.94,69.92,60.99,72.68,
6/6/2019,1335.55,1332.36,1340.43,1327.8,0.4,14.85,14.82,15.02,14.74,0.35,82.92,60.91,116.13,
6/5/2019,1330.18,1325.5,1344.26,1324.6,0.37,14.8,14.83,15.06,14.75,-0.11,122.39,89.47,142.47,
6/4/2019,1325.28,1325.05,1329.38,1319.98,0.01,14.82,14.8,14.88,14.65,0.27,69.4,18.45,100.02,
6/3/2019,1325.17,1307.55,1328.3,1306.7,1.5,14.78,14.59,14.85,14.56,1.41,129.25,95.44,143.3,
5/31/2019,1305.65,1288.35,1307.04,1288.09,1.3,14.57,14.53,14.7,14.46,0.38,104.56,33.36,146.07,
5/30/2019,1288.85,1279.71,1289.22,1274.79,0.72,14.52,14.42,14.59,14.35,0.69,120.23,107.46,124.11,
5/29/2019,1279.6,1279.71,1285.77,1278.87,0.01,14.42,14.36,14.5,14.33,0.48,67.51,17.95,97.31,
5/28/2019,1279.49,1285.59,1286.86,1276.07,-0.44,14.35,14.59,14.61,14.28,-1.67,69.46,0,115.51,
5/27/2019,1285.2,1285.8,1287.72,1283.8,0.02,14.59,14.57,14.66,14.54,0.21,43.34,37.04,41.19,
5/24/2019,1284.89,1283.4,1285.42,1280.45,0.11,14.56,14.59,14.63,14.52,-0.17,148.69,74.12,206.07,
5/23/2019,1283.45,1273.8,1287.63,1272.58,0.77,14.59,14.42,14.67,14.4,0.97,102.54,97.78,88.97,
5/22/2019,1273.62,1274.61,1277.42,1272.15,-0.11,14.45,14.45,14.52,14.38,0,93.18,46.45,123.97,
5/21/2019,1274.97,1277.95,1278.06,1269.22,-0.22,14.45,14.44,14.5,14.36,-0.14,131.19,84.08,163.63,
5/20/2019,1277.74,1277.8,1279.14,1273.47,0.01,14.47,14.41,14.5,14.36,0.52,102.84,53.96,135.02,
5/17/2019,1277.55,1286.5,1289.29,1274.91,-0.71,14.39,14.55,14.58,14.38,-1.13,141.05,119.31,156.38,
5/16/2019,1286.65,1296.75,1298.92,1283.95,-0.77,14.56,14.79,14.84,14.51,-1.62,158.54,199.64,131.83,
5/15/2019,1296.66,1297.17,1301.02,1292.7,-0.03,14.8,14.8,14.88,14.74,0.07,184.76,201.74,204.85,
5/14/2019,1297.03,1300.11,1303.51,1293.33,-0.22,14.79,14.77,14.88,14.72,0.14,248.68,93.55,351.14,
5/13/2019,1299.9,1286.56,1301.35,1281.6,1.08,14.77,14.78,14.83,14.6,0.1,130.95,38.68,193.58,
5/10/2019,1286,1284.36,1289.73,1283.21,0.14,14.75,14.77,14.85,14.73,-0.03,135.96,57.5,178.15,
5/9/2019,1284.14,1280.49,1288.52,1279.41,0.25,14.76,14.84,14.89,14.68,-0.54,167.13,85.44,213.8,
5/8/2019,1280.93,1284.16,1291.79,1279.35,-0.33,14.84,14.91,14.99,14.82,-0.47,56.74,26.11,87.1,
5/7/2019,1285.15,1281.55,1286.74,1278.5,0.38,14.91,14.92,14.96,14.78,0.03,122.51,87.93,138.54,
5/6/2019,1280.33,1281.06,1285.76,1276.6,0.09,14.9,14.93,14.99,14.75,-0.17,134.99,103.52,164.06,
5/3/2019,1279.19,1270.61,1282.67,1268.81,0.68,14.93,14.63,15,14.58,2.05,70.15,54.39,77.77,
5/2/2019,1270.54,1276.81,1278.18,1266.1,-0.48,14.63,14.69,14.75,14.55,-0.34,186.33,90.82,247.91,
5/1/2019,1276.61,1283.46,1287.21,1272.99,-0.54,14.68,14.95,14.97,14.59,-1.74,61.52,9.44,102.31,
4/30/2019,1283.6,1279.98,1286.39,1279.54,0.3,14.94,14.93,15.04,14.8,0.2,49.37,44.75,52.25,
4/29/2019,1279.8,1286.4,1286.81,1277.78,-0.5,14.91,15.08,15.09,14.87,-1.03,68.81,58.8,98.08,
4/26/2019,1286.25,1277.42,1288.99,1276.05,0.7,15.06,14.94,15.1,14.92,0.84,129.57,103.33,150.83,
4/25/2019,1277.35,1275.6,1282.78,1273.5,0.16,14.94,14.94,15.03,14.84,0.1,99.63,99.32,103.55,
4/24/2019,1275.36,1272.31,1278.74,1268.55,0.23,14.92,14.83,15.01,14.78,0.71,88.27,138.95,30.91,
4/23/2019,1272.4,1275.26,1276.66,1266.15,-0.2,14.82,15.02,15.06,14.74,-1.1,156.5,114.41,173.51,
4/22/2019,1274.92,1275.83,1279.96,1273.45,-0.04,14.98,15.02,15.1,14.98,0.33,95.93,90.01,84.47,
4/18/2019,1275.39,1273.38,1277.95,1271.02,0.1,14.99,14.99,15.05,14.92,-0.03,54.6,36.29,68.11,
4/17/2019,1274.14,1276.86,1280.06,1272.93,-0.19,15,15.01,15.12,14.91,0.17,67.7,67.49,56.3,
4/16/2019,1276.57,1287.91,1289,1273.1,-0.88,14.97,14.99,15.04,14.87,-0.17,124.46,66.81,151.26,
4/15/2019,1287.88,1290.45,1292.01,1282.21,-0.2,15,14.98,15.06,14.84,0.3,56.67,41.09,59.97,
4/12/2019,1290.4,1292.3,1296.05,1290.11,-0.17,14.95,14.97,15.14,14.94,-0.03,103.63,81.18,166.19,
4/11/2019,1292.6,1307.95,1309.36,1289.45,-1.18,14.96,15.25,15.28,14.9,-1.64,104.2,43.28,144.4,
4/10/2019,1308.05,1303.96,1310.75,1300.89,0.3,15.21,15.23,15.32,15.13,-0.07,76.35,25.37,112.86,
4/9/2019,1304.13,1297.24,1306.34,1296.55,0.52,15.22,15.26,15.35,15.2,-0.2,167.54,95.44,230.87,
4/8/2019,1297.41,1291.65,1303.86,1291.35,0.44,15.25,15.12,15.32,15.1,1.09,96.83,111.77,76.28,
4/5/2019,1291.7,1292.46,1293.77,1284.46,-0.05,15.08,15.15,15.23,15.07,-0.43,71.19,33.4,97.5,
4/4/2019,1292.38,1289.95,1294.36,1280.84,0.19,15.15,15.15,15.2,14.9,0.07,72.57,59.58,106.49,
4/3/2019,1289.9,1292.21,1294.67,1288.2,-0.25,15.14,15.12,15.22,15.02,0.13,83.97,25.11,118.7,
4/2/2019,1293.15,1287.55,1293.15,1285.16,0.43,15.12,15.11,15.14,14.93,0.07,60.65,9.3,93.11,
4/1/2019,1287.66,1291.33,1297.04,1286.5,-0.35,15.11,15.13,15.24,15.04,-0.2,65.45,50.19,75.35,
3/29/2019,1292.15,1290.14,1299.82,1286.6,0.12,15.14,15,15.22,14.97,0.83,77.67,63.77,98.78,
3/28/2019,1290.55,1309.85,1312.63,1288.7,-1.47,15.01,15.33,15.34,14.97,-1.8,81.35,81.1,75.16,
3/27/2019,1309.87,1315.81,1319.57,1308.07,-0.43,15.29,15.43,15.5,15.25,-0.91,80.9,84.89,70.81,
3/26/2019,1315.51,1321.51,1323.24,1312.51,-0.48,15.43,15.55,15.57,15.39,-0.71,88.73,108.11,65.58,
3/25/2019,1321.9,1313.05,1324.43,1310.8,0.65,15.54,15.43,15.6,15.38,0.78,51.39,9.32,77.7,
3/22/2019,1313.38,1309.14,1315.08,1306.81,0.3,15.41,15.47,15.58,15.35,-0.32,122.84,118.24,119.76,
3/21/2019,1309.45,1312.64,1320.47,1303.25,-0.23,15.47,15.48,15.66,15.37,0.13,88.87,56.38,107.49,
3/20/2019,1312.48,1305.61,1316.83,1298.5,0.45,15.45,15.37,15.58,15.25,0.62,60.31,60.12,57.31,
3/19/2019,1306.55,1303.45,1311.07,1302.45,0.22,15.35,15.35,15.47,15.3,-0.58,107.43,142.81,59.56,
3/18/2019,1303.7,1301.64,1306.78,1298.12,0.18,15.44,15.3,15.46,15.21,1.06,79.94,139.47,16.62,
3/15/2019,1301.38,1295.74,1306.58,1293.66,0.39,15.28,15.18,15.41,15.17,0.64,61.12,56.87,54.21,
3/14/2019,1296.28,1309.61,1310.46,1292.75,-0.99,15.18,15.46,15.48,15.12,-1.75,66.67,74.77,62.37,
3/13/2019,1309.28,1302.01,1311.33,1300.56,0.56,15.45,15.44,15.56,15.41,0,115.26,110.65,106.49,
3/12/2019,1302.01,1293.71,1302.19,1292.06,0.6,15.45,15.34,15.5,15.3,0.78,101.32,96.61,87.91,
3/11/2019,1294.25,1298.7,1299.27,1290.15,-0.32,15.33,15.3,15.38,15.2,0,44.9,49.73,41.48,
3/8/2019,1298.39,1285.91,1300.99,1285.29,0.98,15.33,15.03,15.39,15,2.02,55.01,62.68,39.21,
3/7/2019,1285.74,1286.71,1289.06,1281.16,-0.08,15.03,15.08,15.13,14.97,-0.36,91.1,74.3,123.95,
3/6/2019,1286.76,1287.62,1291.07,1283.45,-0.05,15.08,15.13,15.18,15.03,-0.34,81.01,44.87,104.79,
3/5/2019,1287.43,1286.67,1289.75,1280.95,0.06,15.13,15.08,15.18,15.03,0.32,103.08,37.37,140.26,
3/4/2019,1286.66,1293.62,1297.11,1282.75,-0.53,15.08,15.23,15.31,15.04,-0.85,62.96,77.25,72.49,
3/1/2019,1293.56,1312.81,1315.33,1290.16,-1.48,15.21,15.6,15.66,15.14,-2.52,184.5,66.88,278.94,
2/28/2019,1313.05,1320.18,1327.42,1312.54,-0.52,15.61,15.74,15.85,15.57,-0.86,162.63,153.6,220.65,
2/27/2019,1319.88,1328.91,1329.63,1316.51,-0.68,15.74,15.94,15.96,15.68,-1.22,160.56,117.94,189.72,
2/26/2019,1328.96,1327.44,1330.59,1323.61,0.14,15.94,15.89,15.95,15.78,0.28,124.92,64.57,184.66,
2/25/2019,1327.12,1328.57,1332.59,1325.03,-0.05,15.89,15.93,16.02,15.84,-0.18,139.02,76.47,167.42,
2/22/2019,1327.8,1323.52,1333.17,1321.16,0.33,15.92,15.81,16,15.79,0.65,69.44,40.72,88.31,
2/21/2019,1323.49,1338.89,1341.88,1322.24,-1.12,15.82,16.06,16.12,15.78,-1.49,116.55,62.56,156.55,
2/20/2019,1338.49,1341.25,1346.81,1336.63,-0.2,16.06,16,16.24,15.95,0.41,171.34,124.23,198.6,
2/19/2019,1341.16,1325.9,1341.87,1322.33,1.07,15.99,15.81,16.03,15.72,1.14,116.57,116.21,153.48,
2/18/2019,1326.9,1321.95,1328.39,1321.11,0.42,15.81,15.78,15.88,15.75,0.21,67.15,22.31,102.36,
2/15/2019,1321.41,1312.98,1322.98,1311.16,0.68,15.78,15.63,15.83,15.54,0.97,145.11,165.33,158.58,
2/14/2019,1312.55,1306.16,1314.43,1302.63,0.49,15.63,15.57,15.71,15.48,0.38,76.54,25.44,113.15,
2/13/2019,1306.19,1310.88,1318.19,1304.5,-0.36,15.57,15.71,15.84,15.52,-0.89,88.73,25.27,133.51,
2/12/2019,1310.89,1308.55,1315.12,1306.64,0.2,15.71,15.71,15.85,15.65,0,69.22,29.57,90.45,
2/11/2019,1308.33,1314.22,1314.88,1303.58,-0.44,15.71,15.82,15.85,15.66,-0.76,96.53,91.17,84.49,
2/8/2019,1314.07,1310.14,1315.72,1307.23,0.3,15.83,15.74,15.89,15.64,0.58,62.35,85.47,38.89,
2/7/2019,1310.09,1305.87,1311.99,1302.17,0.3,15.74,15.67,15.78,15.63,0.38,92.48,33.53,139.82,
2/6/2019,1306.22,1315.03,1315.88,1305.38,-0.67,15.68,15.85,15.89,15.63,-1.14,103.1,35.75,156.55,
2/5/2019,1315.01,1311.75,1316.86,1310.3,0.25,15.86,15.87,15.95,15.8,-0.06,106.41,18.45,161.58,
2/4/2019,1311.75,1317.55,1318.8,1308.26,-0.47,15.87,15.93,15.94,15.67,-0.3,179.98,29.1,291.23,
2/1/2019,1318,1320.95,1323.58,1315.66,-0.22,15.91,16.07,16.1,15.88,-0.96,113.57,67.93,138.51,
1/31/2019,1320.94,1320.18,1326.68,1317.55,0.08,16.07,16.06,16.21,15.98,0.01,148.14,32.82,232.68,
1/30/2019,1319.91,1312.27,1323.74,1308.81,0.61,16.06,15.84,16.13,15.81,1.39,173.69,57.72,254.47,
1/29/2019,1311.93,1303.53,1312.05,1302.12,0.64,15.84,15.75,15.93,15.7,0.61,101.45,43.97,139.38,
1/28/2019,1303.53,1303.49,1304.49,1297.26,0.02,15.75,15.74,15.84,15.59,0,101.15,20.17,151.39,
1/25/2019,1303.22,1280.94,1303.69,1279.39,1.74,15.75,15.32,15.77,15.27,2.8,91.14,47.4,131.79,
1/24/2019,1280.94,1282.74,1285.15,1276.97,-0.11,15.32,15.36,15.42,15.23,-0.24,91.32,82.77,110.46,
1/23/2019,1282.39,1285.34,1286.92,1278.38,-0.21,15.35,15.34,15.46,15.25,0.13,58.19,66.3,96.77,
1/22/2019,1285.04,1279.73,1285.84,1277.25,0.37,15.33,15.27,15.38,15.16,0.42,144.77,101.87,191.19,
1/21/2019,1280.28,1281.75,1284.29,1277.06,-0.09,15.27,15.34,15.39,15.17,-0.49,70.8,60.5,75.7,
1/18/2019,1281.49,1292.18,1292.86,1280.64,-0.81,15.35,15.52,15.6,15.31,-1.14,112.83,107.98,112.58,
1/17/2019,1291.9,1293.99,1295.84,1288.96,-0.13,15.52,15.59,15.64,15.44,-0.45,160.64,138.5,194.95,
1/16/2019,1293.52,1289.13,1295.02,1287.59,0.33,15.59,15.58,15.67,15.48,0.08,92.77,77.07,96.42,
1/15/2019,1289.31,1291.76,1294.7,1286.37,-0.19,15.58,15.65,15.72,15.52,-0.47,102.54,35.56,140.88,
1/14/2019,1291.73,1287.16,1295.9,1287.16,0.29,15.65,15.6,15.68,15.52,0.33,89.27,46.84,117.21,
1/11/2019,1288,1286.72,1295.65,1286.25,0.13,15.6,15.56,15.76,15.54,0.24,101.24,113.04,127.96,
1/10/2019,1286.38,1293.11,1297.14,1285.81,-0.52,15.56,15.75,15.81,15.53,-1.15,76.84,42.56,92.29,
1/9/2019,1293.13,1285.36,1293.95,1279.63,0.61,15.75,15.65,15.8,15.56,0.58,106.43,79.58,132.75,
1/8/2019,1285.35,1289.13,1290.69,1279.2,-0.26,15.65,15.65,15.71,15.48,0.05,67.88,27.07,90.31,
1/7/2019,1288.67,1285.78,1295.14,1282.29,0.29,15.65,15.73,15.84,15.6,-0.3,83.16,46.06,99.88,
1/4/2019,1284.92,1294.06,1298.51,1276.49,-0.7,15.69,15.74,15.9,15.57,-0.27,99.02,62.82,112.28,
1/3/2019,1293.99,1285.12,1295.27,1284.16,0.72,15.74,15.52,15.78,15.47,1.41,9.49,9.46,7.89,
1/2/2019,1284.77,1281.62,1288.69,1278.33,0.17,15.52,15.49,15.64,15.33,0.16,189.86,99.62,249.28,
1/1/2019,1282.62,1283.13,1283.24,1282.62,-0.02,15.49,15.5,15.52,15.47,-0.02,83.74,92.76,77.37,
12/31/2018,1282.82,1280.08,1284.18,1277.09,0.16,15.5,15.41,15.52,15.31,0.68,86.68,86.42,113.27,
12/28/2018,1280.75,1275.22,1282.17,1273.98,0.43,15.39,15.29,15.45,15.23,1.02,102.01,64.23,133.93,
12/27/2018,1275.22,1266.89,1279.04,1266.09,0.65,15.24,15.06,15.3,14.93,1.34,30.22,12.05,40.21,
12/26/2018,1266.98,1270.33,1279.14,1264.34,-0.17,15.03,14.73,15.17,14.67,1.72,63.1,62.9,52.47,
12/24/2018,1269.13,1259.09,1270.13,1258.34,1.04,14.78,14.71,14.85,14.66,1.06,111.24,123.22,92.5,
12/21/2018,1256.01,1260.1,1262.84,1253.37,-0.33,14.62,14.78,14.81,14.6,-0.98,210.32,157.26,247.76,
12/20/2018,1260.14,1243.7,1266.79,1242.89,1.35,14.76,14.6,14.85,14.51,1.14,162.69,108.13,195.41,
12/19/2018,1243.39,1249.67,1258.41,1241.54,-0.48,14.6,14.64,14.82,14.5,-0.3,62.33,26.63,81.45,
12/18/2018,1249.38,1246.01,1250.36,1244.44,0.28,14.64,14.66,14.72,14.57,-0.15,72.22,38.4,88.08,
12/17/2018,1245.91,1237.25,1248.18,1235.47,0.62,14.66,14.57,14.7,14.51,0.65,72.8,51.84,86.48,
12/14/2018,1238.21,1242.41,1243.11,1232.48,-0.34,14.57,14.76,14.76,14.46,-1.3,120.08,99.07,144.61,
12/13/2018,1242.46,1246.02,1247.13,1240.23,-0.27,14.76,14.75,14.81,14.64,0.07,132.15,114.18,131.86,
12/12/2018,1245.8,1243.25,1247.56,1241.95,0.23,14.75,14.58,14.82,14.52,1.37,85.98,54.14,112.89,
12/11/2018,1242.94,1244.53,1249.62,1240.55,-0.13,14.55,14.55,14.74,14.49,0.13,95.39,60.51,122.58,
12/10/2018,1244.59,1250.43,1250.62,1241.21,-0.28,14.53,14.64,14.64,14.44,-0.61,90.95,28.63,135.34,
12/7/2018,1248.1,1238.32,1250.42,1237.49,0.82,14.62,14.48,14.65,14.39,1,196.08,124.77,235.9,
12/6/2018,1237.99,1237.87,1244.7,1234.64,0.03,14.48,14.51,14.51,14.3,-0.22,131.28,113.42,160.1,
12/5/2018,1237.56,1238.54,1239.35,1232.96,-0.08,14.51,14.52,14.55,14.38,-0.08,103.39,24.74,151.31,
12/4/2018,1238.55,1231.35,1242.24,1230.41,0.61,14.52,14.38,14.67,14.35,0.9,99.66,37.85,134.17,
12/3/2018,1231.08,1223.12,1234.94,1221.09,0.75,14.39,14.27,14.58,14.21,1.52,50.19,45.49,45.53,
11/30/2018,1221.97,1223.97,1225.65,1216.24,-0.17,14.18,14.31,14.34,14.01,-0.93,142.19,30.65,223.68,
11/29/2018,1223.99,1221.43,1229.35,1220.49,0.24,14.31,14.33,14.4,14.23,-0.11,96.02,63.81,119.76,
11/28/2018,1221.11,1214.64,1226.32,1210.73,0.53,14.32,14.14,14.4,14.07,1.28,100.89,50.29,146.81,
11/27/2018,1214.69,1222.65,1225.6,1211.74,-0.63,14.14,14.23,14.31,14.05,-0.63,129.9,92.5,162.03,
11/26/2018,1222.37,1224,1228.13,1221.14,-0.07,14.23,14.32,14.44,14.18,-0.41,101.26,105.75,112.27,
11/23/2018,1223.19,1227.33,1229.27,1220.53,-0.35,14.29,14.53,14.55,14.2,-1.51,135.3,95.72,174.2,
11/22/2018,1227.45,1226.69,1229.8,1225.3,0.12,14.51,14.52,14.57,14.43,0.11,58.46,0,97.22,
11/21/2018,1226.02,1221.55,1230.15,1219.23,0.37,14.49,14.32,14.56,14.24,1.24,84.63,72.31,113.93,
11/20/2018,1221.55,1224.37,1229.17,1219.67,-0.2,14.32,14.43,14.49,14.19,-0.76,58.04,24.8,89.63,
11/19/2018,1224.05,1221.76,1225.26,1217.52,0.21,14.43,14.4,14.44,14.3,0.08,55.67,37,61.73,
11/16/2018,1221.47,1213.02,1225.37,1212.48,0.7,14.41,14.29,14.43,14.19,0.87,44.55,24.22,67.35,
11/15/2018,1213,1210.87,1216.36,1207.56,0.17,14.29,14.14,14.35,14.05,1.09,106.86,57.36,157.2,
11/14/2018,1210.91,1202.26,1216.33,1197.12,0.71,14.14,13.98,14.2,13.85,0.95,33.38,24.95,34.69,
11/13/2018,1202.35,1200.96,1205.57,1196.29,0.14,14,14,14.13,13.91,0.09,142.28,97.52,162.68,
11/12/2018,1200.65,1209.46,1211.45,1200.18,-0.74,13.99,14.17,14.24,13.99,-1.19,42.74,63.92,26.66,
11/9/2018,1209.6,1223.88,1223.97,1206.52,-1.14,14.16,14.43,14.44,14.06,-1.88,114.37,118.24,126.81,
11/8/2018,1223.54,1225.99,1227.05,1219.63,-0.21,14.43,14.59,14.61,14.36,-0.96,60.82,64.67,60.69,
11/7/2018,1226.11,1227.24,1236.23,1223.31,-0.06,14.57,14.54,14.72,14.46,0.23,140.43,32.94,206.07,
11/6/2018,1226.8,1231.66,1236.31,1223.41,-0.37,14.54,14.65,14.72,14.44,-0.78,62.59,35.65,81.78,
11/5/2018,1231.3,1233.36,1235.46,1226.88,-0.13,14.65,14.77,14.79,14.58,-0.69,114.68,35.18,176.05,
11/2/2018,1232.89,1234.04,1236.79,1229.85,-0.03,14.75,14.77,14.95,14.64,-0.26,103.39,31.72,158.72,
11/1/2018,1233.24,1215.2,1237.83,1214.84,1.54,14.79,14.29,14.87,14.27,3.74,101.45,61.56,117.37,
10/31/2018,1214.54,1223,1223.7,1211.92,-0.73,14.26,14.47,14.51,14.25,-1.44,81.53,102.66,114.18,
10/30/2018,1223.44,1230.17,1231.45,1220.22,-0.51,14.47,14.46,14.55,14.36,-0.07,109.74,89.14,114.91,
10/29/2018,1229.74,1234.16,1235.79,1224.45,-0.31,14.48,14.71,14.79,14.41,-1.09,94.36,69.32,99.11,
10/26/2018,1233.59,1232.24,1243.73,1229.8,0.11,14.64,14.63,14.8,14.58,0,159.1,89.47,196.75,
10/25/2018,1232.23,1234.59,1239.85,1228.08,-0.16,14.64,14.7,14.8,14.58,-0.36,141.05,127.83,135.06,
10/24/2018,1234.22,1231.06,1234.27,1225.74,0.3,14.69,14.79,14.85,14.65,-0.31,127.58,63.59,204.6,
10/23/2018,1230.49,1222.32,1240,1221.72,0.68,14.73,14.55,14.81,14.48,0.67,108.82,86.79,130.31,
10/22/2018,1222.17,1228.61,1230.18,1220.3,-0.34,14.64,14.66,14.71,14.5,-0.03,83.92,8.81,132.22,
10/19/2018,1226.32,1225.66,1231.07,1223.03,0.05,14.64,14.62,14.76,14.56,0.44,106.2,48.86,135.86,
10/18/2018,1225.75,1222.35,1230.85,1218.78,0.25,14.58,14.61,14.68,14.44,-0.27,127.06,126.67,120.75,
10/17/2018,1222.68,1224.08,1229.9,1220.32,-0.14,14.61,14.65,14.73,14.55,-0.42,117.82,18.07,188.41,
10/16/2018,1224.43,1227.12,1232.77,1223.35,-0.2,14.68,14.73,14.88,14.6,-0.12,134.62,105.45,143.92,
10/15/2018,1226.93,1217.45,1233.65,1217.4,0.74,14.69,14.62,14.82,14.61,0.66,122.86,47.11,172.89,
10/12/2018,1217.93,1224.17,1224.45,1215.61,-0.52,14.6,14.62,14.75,14.52,0.08,87.07,31.56,125.06,
10/11/2018,1224.33,1195.01,1226.87,1191.3,2.47,14.59,14.34,14.65,14.25,1.97,130.71,57.01,176.61,
10/10/2018,1194.78,1189.59,1195.19,1185.22,0.43,14.3,14.39,14.48,14.25,-0.64,104.2,112.53,101.08,
10/9/2018,1189.62,1189.01,1192.23,1183.49,0.14,14.4,14.35,14.46,14.25,0.21,95.88,19.12,143.51,
10/8/2018,1188.01,1203.14,1204.49,1183.58,-1.23,14.37,14.66,14.68,14.25,-1.81,49.11,35.61,51.97,
10/5/2018,1202.86,1199.41,1206.18,1197,0.27,14.63,14.63,14.76,14.5,0.27,78.22,54.58,110.57,
10/4/2018,1199.66,1197.35,1207.11,1195.76,0.19,14.59,14.65,14.8,14.52,-0.27,69.01,48.56,87.77,
10/3/2018,1197.37,1203.39,1208.77,1196.71,-0.48,14.63,14.73,14.87,14.62,-0.37,94.42,78.44,130.86,
10/2/2018,1203.1,1189.2,1208.65,1188.57,1.23,14.69,14.51,14.95,14.45,1.28,36.01,35.9,29.94,
10/1/2018,1188.47,1192.55,1192.95,1184.95,-0.3,14.5,14.69,14.72,14.37,-1.02,120.77,129,100.42,
9/28/2018,1192.09,1183.21,1194,1180.74,0.79,14.65,14.28,14.77,14.24,2.88,81.46,15.47,122.57,
9/27/2018,1182.8,1194.8,1198.94,1181.98,-0.98,14.24,14.35,14.5,14.18,-0.66,73.7,23.2,103.21,
9/26/2018,1194.46,1201.23,1202.84,1190.53,-0.57,14.34,14.49,14.56,14.31,-0.86,110.16,7.84,176.65,
9/25/2018,1201.31,1198.84,1203.71,1197.21,0.2,14.46,14.28,14.6,14.24,1.38,95.44,55.5,125.66,
9/24/2018,1198.86,1198.56,1204.48,1194.23,-0.06,14.26,14.31,14.43,14.18,-0.25,143.44,116.19,193.82,
9/21/2018,1199.55,1207.52,1211.47,1191.97,-0.66,14.3,14.34,14.48,14.18,-0.04,113.79,92.43,119.15,
9/20/2018,1207.58,1204.16,1209.14,1201.47,0.3,14.31,14.26,14.39,14.18,0.41,107.93,24.83,165.68,
9/19/2018,1203.99,1197.84,1206.53,1197.81,0.47,14.25,14.17,14.38,14.16,0.66,58.63,16.7,90.54,
9/18/2018,1198.35,1202.14,1204.28,1196.21,-0.21,14.15,14.18,14.26,14.07,-0.3,105.01,47.58,134.95,
9/17/2018,1200.93,1193.18,1205.2,1192.97,0.6,14.2,14.08,14.29,14.05,0.87,91.08,19.12,143.51,
9/14/2018,1193.71,1201.76,1208.98,1193.13,-0.64,14.07,14.19,14.32,14.05,-0.87,118.31,76.09,133.28,
9/13/2018,1201.44,1207.3,1213.39,1200.37,-0.39,14.2,14.29,14.39,14.17,-0.39,68.57,51.27,99.78,
9/12/2018,1206.19,1198.93,1209.22,1192.9,0.66,14.25,14.15,14.32,14.06,0.82,80.89,80.64,67.27,
9/11/2018,1198.29,1195.73,1200.12,1187.95,0.2,14.14,14.19,14.28,13.95,-0.34,81.84,120.24,35.82,
9/10/2018,1195.88,1195.12,1198.92,1191.52,0,14.19,14.18,14.28,14.07,0.3,55.42,25.5,70.9,
9/7/2018,1195.86,1200.03,1204.03,1193.28,-0.36,14.14,14.17,14.3,14.09,-0.11,87.87,35.04,124.21,
9/6/2018,1200.14,1197.19,1207.36,1195.59,0.28,14.16,14.21,14.34,14.11,-0.19,97.69,35.41,132.93,
9/5/2018,1196.75,1191.18,1198.82,1191.1,0.45,14.19,14.11,14.26,14.08,0.39,85.93,102.8,64.31,
9/4/2018,1191.35,1201.29,1202.31,1189.55,-0.82,14.13,14.53,14.56,14.02,-2.62,14.36,9.54,15.92,
9/3/2018,1201.15,1200.59,1204.59,1196.11,0.01,14.51,14.54,14.6,14.42,-0.1,94.17,55.22,119.76,
8/31/2018,1201.09,1200.34,1209.17,1198.43,0.1,14.53,14.56,14.74,14.47,-0.3,62.03,41.23,68.78,
8/30/2018,1199.88,1206.32,1208.18,1196.32,-0.56,14.57,14.82,14.84,14.5,-1.31,86.17,38.18,119.41,
8/29/2018,1206.66,1201.28,1207.73,1200.9,0.45,14.76,14.72,14.83,14.67,0.37,139.9,143.97,165.12,
8/28/2018,1201.26,1211.45,1214.68,1199.41,-0.83,14.71,14.92,15.04,14.67,-1.3,134.44,32.17,214.64,
8/27/2018,1211.35,1206.92,1212.75,1202.84,0.45,14.9,14.89,14.96,14.76,0.57,109.46,57.43,182.04,
8/24/2018,1205.97,1185.32,1208.87,1183.32,1.74,14.82,14.49,14.89,14.48,2.19,44.46,35.46,51.76,
8/23/2018,1185.31,1195.83,1197,1183.67,-0.85,14.5,14.77,14.8,14.44,-1.81,120.29,147.59,123.11,
8/22/2018,1195.51,1196.68,1201.91,1192.45,-0.05,14.77,14.76,14.91,14.69,-0.13,119.33,66.62,158.76,
8/21/2018,1196.12,1190.59,1197.38,1187.5,0.47,14.78,14.76,14.88,14.71,0.18,152,52.25,209.2,
8/20/2018,1190.53,1183.71,1191.21,1182.63,0.49,14.76,14.78,14.89,14.65,-0.29,106.86,168.2,112.24,
8/17/2018,1184.77,1173.72,1185.42,1172.03,0.9,14.8,14.66,14.86,14.59,0.99,107.13,34.18,156.79,
8/16/2018,1174.16,1175.73,1182.59,1160.56,-0.06,14.66,14.47,14.88,14.35,1.4,128.16,88.46,155.76,
8/15/2018,1174.88,1194.5,1195.22,1173.33,-1.6,14.45,15.07,15.11,14.35,-3.55,111.39,67.59,128.87,
8/14/2018,1194.03,1194.17,1199.04,1192.14,0.03,14.99,14.99,15.13,14.99,-0.07,136.4,77.7,186.33,
8/13/2018,1193.64,1211.26,1214.23,1191.75,-1.46,15,15.34,15.38,14.99,-2.05,142.48,81.16,169.25,
8/10/2018,1211.3,1212.56,1217.48,1205.85,-0.09,15.31,15.45,15.49,15.28,-0.96,121.94,64.83,162.23,
8/9/2018,1212.35,1213.89,1217.65,1210.72,-0.1,15.46,15.43,15.56,15.37,0.27,170.89,34.95,262.33,
8/8/2018,1213.61,1210.7,1216.26,1206.29,0.21,15.42,15.36,15.5,15.27,0.27,129.06,66.71,166.94,
8/7/2018,1211.02,1207.67,1216.54,1207.67,0.34,15.38,15.31,15.54,15.3,0.43,200.46,89.93,258.36,
8/6/2018,1206.94,1214.1,1218.69,1206.93,-0.53,15.31,15.47,15.54,15.28,-0.71,162.55,111.76,177.11,
8/3/2018,1213.43,1208.01,1220.41,1204.4,0.45,15.42,15.34,15.59,15.25,0.55,147.88,42.12,231.88,
8/2/2018,1207.96,1215.25,1221.42,1207.2,-0.67,15.34,15.4,15.51,15.27,-0.38,121.88,78.11,144.78,
8/1/2018,1216.05,1224,1225.36,1215.76,-0.64,15.39,15.56,15.58,15.38,-0.94,140.03,61.07,189.21,
7/31/2018,1223.83,1221.73,1228.74,1214.82,0.17,15.54,15.51,15.63,15.35,0.17,109.94,76.25,119.24,
7/30/2018,1221.8,1223.05,1225.59,1219.05,-0.13,15.51,15.48,15.58,15.38,0.05,118.86,51.52,154.7,
7/27/2018,1223.38,1222.88,1227.64,1217.34,0.06,15.5,15.41,15.59,15.34,0.69,119.33,106.66,143.71,
7/26/2018,1222.67,1231.31,1235.57,1222.17,-0.73,15.4,15.57,15.7,15.37,-1.29,107.87,161.31,82.22,
7/25/2018,1231.61,1224.31,1234.64,1223.1,0.58,15.6,15.48,15.67,15.44,0.76,105.16,69.89,153.03,
7/24/2018,1224.55,1225.06,1229.83,1218.25,0,15.48,15.41,15.63,15.34,0.55,161.13,94.49,189.15,
7/23/2018,1224.54,1231.28,1235.49,1222.08,-0.59,15.4,15.51,15.59,15.34,-0.77,161.71,87.93,195.59,
7/20/2018,1231.76,1223.49,1232.68,1215.84,0.73,15.52,15.34,15.59,15.26,1.37,54.1,16.59,76.13,
7/19/2018,1222.8,1227.42,1229.27,1211.48,-0.36,15.31,15.58,15.62,15.18,-1.66,143.05,169.35,118.95,
7/18/2018,1227.18,1227.73,1229.92,1221.56,-0.03,15.57,15.58,15.65,15.42,-0.19,88.57,44.15,117.84,
7/17/2018,1227.51,1240.83,1245.35,1225.97,-1.07,15.59,15.81,15.91,15.56,-1.24,100.8,91.35,114.29,
7/16/2018,1240.82,1241.76,1246.29,1238.49,-0.06,15.79,15.84,15.93,15.76,-0.18,168.76,115.37,232.55,
7/13/2018,1241.52,1247.51,1248.54,1237.1,-0.45,15.82,15.94,16.03,15.71,-0.79,125.48,164.4,119.24,
7/12/2018,1247.14,1242.06,1248.94,1241.38,0.4,15.95,15.82,16.04,15.77,0.96,172.86,88.17,247.37,
7/11/2018,1242.16,1255.81,1257.27,1241.29,-1.07,15.79,16.08,16.11,15.78,-1.78,125.25,68.89,150.83,
7/10/2018,1255.65,1257.69,1260.7,1247.23,-0.17,16.08,16.11,16.2,15.91,-0.22,121.88,78.11,144.78,
7/9/2018,1257.76,1255.12,1266.26,1255.12,0.22,16.12,16.05,16.26,16.04,0.49,170.47,174.53,137.92,
7/6/2018,1254.99,1257.97,1259.53,1252.93,-0.22,16.04,16.02,16.11,15.94,0.11,128.33,63.97,166.74,
7/5/2018,1257.76,1256.9,1260.17,1251.08,0.06,16.02,16.09,16.14,15.92,-0.4,119.57,97.13,117.84,
7/4/2018,1256.95,1252.42,1261.85,1252.16,0.32,16.08,16.06,16.19,15.98,0.23,49.22,19.63,65.49,
7/3/2018,1252.93,1242.21,1257.41,1237.81,0.88,16.05,15.84,16.07,15.76,1.21,146.82,137.22,129.71,
7/2/2018,1241.97,1253.5,1254.61,1239.59,-0.88,15.86,16.12,16.15,15.76,-1.64,123.03,72.68,143.98,
6/29/2018,1253,1247.74,1256.38,1246.51,0.38,16.12,16,16.2,15.96,0.74,141.04,98.81,164.83,
6/28/2018,1248.28,1251.91,1254.65,1245.71,-0.3,16,16.08,16.18,15.93,-0.3,88.44,64.12,100.29,
6/27/2018,1252.02,1258.21,1260.52,1250.7,-0.55,16.05,16.25,16.31,15.94,-1.51,130.6,63.13,164.55,
6/26/2018,1258.99,1265.72,1268.03,1254.51,-0.55,16.3,16.35,16.4,16.15,-0.24,137.23,56.61,212.49,
6/25/2018,1266,1272.66,1273.54,1264.8,-0.26,16.34,16.51,16.52,16.29,-0.86,87.78,64.48,107.57,
6/22/2018,1269.28,1267.7,1271.79,1266.9,0.16,16.48,16.35,16.53,16.3,0.74,57.31,22.85,82.6,
6/21/2018,1267.2,1268.58,1270.49,1261.22,-0.07,16.36,16.31,16.41,16.21,0.38,93.6,73.03,121.82,
6/20/2018,1268.1,1274.75,1276.64,1267.8,-0.52,16.29,16.3,16.4,16.24,-0.16,121.34,72.58,141.26,
6/19/2018,1274.76,1278.41,1284.46,1270.39,-0.28,16.32,16.48,16.59,16.26,-0.64,99.42,36.04,142.8,
6/18/2018,1278.31,1279.16,1282.02,1277.08,-0.12,16.43,16.54,16.65,16.42,-0.8,47.08,34.13,56.94,
6/15/2018,1279.84,1302.15,1303.92,1275.85,-1.72,16.56,17.19,17.3,16.47,-3.6,69.98,23.26,96.99,
6/14/2018,1302.22,1299.85,1309.69,1297.34,0.19,17.18,17.06,17.36,16.94,0.8,188.49,135.93,220.09,
6/13/2018,1299.71,1295.47,1301.53,1292.55,0.29,17.04,16.87,17.15,16.8,1.09,140.87,56.18,200.81,
6/12/2018,1295.97,1300.09,1300.88,1293,-0.32,16.86,16.9,16.96,16.71,-0.43,155.89,69.07,208.84,
6/11/2018,1300.14,1299.17,1302.57,1294.13,0.11,16.93,16.79,16.99,16.75,0.89,135.01,48.07,192.45,
6/8/2018,1298.75,1297.32,1301.27,1294.2,0.13,16.78,16.73,16.88,16.63,0.45,116.16,44.83,155.8,
6/7/2018,1297.12,1296.41,1303.48,1295.08,0.01,16.71,16.69,16.94,16.64,0.1,88.73,42.12,119.46,
6/6/2018,1297,1297.15,1302.85,1294.63,0.07,16.69,16.51,16.78,16.51,1.15,108.61,33.32,159.78,
6/5/2018,1296.13,1292.34,1300.94,1289.79,0.32,16.5,16.4,16.57,16.37,0.56,178.04,64.54,242.25,
6/4/2018,1291.98,1293.16,1298.47,1290.27,-0.09,16.41,16.42,16.59,16.37,0.04,146.14,29.14,218.74,
6/1/2018,1293.14,1298.98,1300.72,1289.52,-0.4,16.4,16.45,16.55,16.35,0.15,186.23,63.2,263.59,
5/31/2018,1298.32,1301.51,1306.86,1297.9,-0.24,16.38,16.51,16.62,16.38,-0.84,92.14,104.98,80.26,
5/30/2018,1301.48,1299.02,1304.7,1295.75,0.2,16.51,16.39,16.56,16.28,0.55,141.91,105.09,202.29,
5/29/2018,1298.86,1298.68,1307.14,1294.3,0.06,16.42,16.46,16.54,16.32,-0.32,71.24,10.15,110.01,
5/28/2018,1298.11,1298.74,1300.47,1295.62,-0.27,16.48,16.49,16.51,16.41,-0.19,102.57,36.09,140.48,
5/25/2018,1301.61,1304.44,1308.24,1300.05,-0.25,16.51,16.67,16.75,16.49,-0.93,140.56,37.87,214.8,
5/24/2018,1304.88,1294.06,1306.97,1292.91,0.86,16.66,16.47,16.73,16.43,1.33,153.59,16.55,248.53,
5/23/2018,1293.75,1291.5,1298.59,1288.61,0.19,16.45,16.54,16.61,16.34,-0.66,179.17,99.69,214.82,
5/22/2018,1291.32,1292.85,1296.44,1287.8,-0.11,16.55,16.52,16.71,16.44,0.21,81.85,28.8,120.11,
5/21/2018,1292.68,1290.9,1293.53,1282.15,0.01,16.52,16.43,16.56,16.29,0.39,125.67,60.13,175.55,
5/18/2018,1292.5,1291.35,1295.26,1286.81,0.12,16.46,16.46,16.5,16.38,0.09,92.46,80.15,106.97,
5/17/2018,1291,1291.13,1295.29,1286.41,0,16.44,16.36,16.5,16.32,0.32,152.69,67.65,218.67,
5/16/2018,1291.03,1290.32,1297.67,1287.01,0.03,16.39,16.28,16.46,16.21,0.7,150.57,123.62,147.3,
5/15/2018,1290.64,1313.09,1315.24,1288.71,-1.69,16.27,16.54,16.6,16.22,-1.55,112.64,66.55,159.58,
5/14/2018,1312.82,1318.56,1322.76,1312.82,-0.41,16.53,16.69,16.77,16.51,-0.82,125.73,77.14,184.97,
5/11/2018,1318.22,1321.57,1326.49,1317.94,-0.24,16.67,16.73,16.88,16.66,-0.29,163.63,79.58,225.67,
5/10/2018,1321.39,1312.12,1323.14,1310.89,0.66,16.72,16.53,16.8,16.49,1.13,233.39,73.48,367.72,
5/9/2018,1312.78,1314.46,1317.78,1304.48,-0.13,16.53,16.51,16.67,16.38,0.3,284.19,132.8,413.54,
5/8/2018,1314.47,1313.57,1318.08,1306.2,0.01,16.48,16.49,16.57,16.35,-0.05,125.37,48.07,168.4,
5/7/2018,1314.3,1315.03,1319.22,1310.29,-0.06,16.49,16.56,16.61,16.43,-0.18,79.7,39.73,99.41,
5/4/2018,1315.05,1312.3,1315.61,1308.41,0.23,16.52,16.45,16.56,16.38,0.39,139.02,23.76,217.98,
5/3/2018,1312.09,1305.18,1318.91,1305.02,0.55,16.45,16.4,16.63,16.38,0.51,125.34,44.63,193.56,
5/2/2018,1304.85,1304.38,1313.8,1303.94,0.07,16.37,16.15,16.55,16.15,1.33,186.62,160.68,239.83,
5/1/2018,1303.97,1315.58,1316.69,1301.88,-0.87,16.16,16.35,16.38,16.08,-1.15,155.35,72.88,197.56,
4/30/2018,1315.36,1322.81,1325.34,1310.51,-0.56,16.34,16.54,16.58,16.22,-1.14,134.54,111,138.88,
4/27/2018,1322.8,1317.57,1326.11,1316.26,0.42,16.53,16.53,16.6,16.46,0.05,91.8,53.39,114.51,
4/26/2018,1317.28,1322.39,1326.96,1315.45,-0.46,16.52,16.59,16.67,16.46,-0.13,146.27,85.78,207.48,
4/25/2018,1323.33,1330.12,1332.4,1318.9,-0.55,16.55,16.73,16.76,16.52,-1.14,193.13,117.19,244.38,
4/24/2018,1330.68,1324.71,1333.04,1322.6,0.43,16.74,16.64,16.79,16.59,1.09,150.57,58.11,218.1,
4/23/2018,1325,1335.81,1336.38,1322.81,-0.76,16.56,17.14,17.14,16.56,-3.41,88.52,74.31,100.73,
4/20/2018,1335.12,1346.06,1346.56,1335.07,-0.78,17.14,17.24,17.29,17.05,-0.65,71.07,31.49,91.93,
4/19/2018,1345.6,1349.33,1355.12,1341.23,-0.28,17.25,17.22,17.4,17.13,0.33,214.14,174.27,225.3,
4/18/2018,1349.32,1347.5,1356.14,1342.1,0.15,17.2,16.78,17.31,16.74,2.49,234.36,26.96,367.27,
4/17/2018,1347.29,1345.65,1349.8,1337.73,0.1,16.78,16.67,16.84,16.59,0.81,178.37,59.27,261.32,
4/16/2018,1345.91,1344.58,1350.89,1340.17,0.03,16.65,16.66,16.82,16.57,-0.11,194.29,193.69,226.18,
4/13/2018,1345.46,1335.2,1347.5,1335.2,0.75,16.66,16.47,16.73,16.47,1.26,117.61,93.8,136.91,
4/12/2018,1335.48,1352.7,1353.6,1333.96,-1.32,16.46,16.7,16.72,16.45,-1.21,296.52,320.95,302.92,
4/11/2018,1353.29,1339.94,1365.61,1339.68,0.99,16.66,16.58,16.9,16.54,0.53,102.49,49.05,136.36,
4/10/2018,1340.05,1336.87,1343.55,1331.81,0.29,16.57,16.49,16.67,16.42,0.46,213.29,234.33,188.22,
4/9/2018,1336.24,1333.14,1338.36,1326.98,0.23,16.49,16.45,16.6,16.35,0.65,102.21,120.42,115.9,
4/6/2018,1333.2,1326.38,1335.59,1321.47,0.5,16.39,16.41,16.53,16.29,-0.05,100.5,104.2,120.34,
4/5/2018,1326.55,1333.02,1335.29,1322.8,-0.51,16.4,16.33,16.47,16.22,0.44,69.1,34.44,93.37,
4/4/2018,1333.35,1332.82,1348.45,1331.59,0.04,16.32,16.44,16.58,16.28,-0.58,70.67,79.26,58.76,
4/3/2018,1332.83,1340.69,1342.87,1329.18,-0.64,16.42,16.61,16.66,16.39,-1.3,105.72,120.45,83.72,
4/2/2018,1341.35,1326.2,1345.26,1324.9,1.23,16.64,16.37,16.7,16.37,1.65,139.22,105.29,151.7,
3/29/2018,1325,1325.41,1329.32,1322.21,0,16.37,16.31,16.41,16.25,0.34,176.91,105.82,213.3,
3/28/2018,1324.99,1345.74,1347.39,1323.59,-1.47,16.31,16.58,16.62,16.28,-1.34,91.53,86.9,101.48,
3/27/2018,1344.71,1353.51,1357.06,1340.16,-0.65,16.53,16.73,16.85,16.5,-1.02,90.82,95.31,119.24,
3/26/2018,1353.46,1347.91,1356.37,1343.55,0.46,16.7,16.62,16.83,16.56,0.81,81.38,38.18,103.49,
3/23/2018,1347.22,1329.17,1350.66,1329.17,1.37,16.57,16.41,16.71,16.4,1.02,84.12,71.88,93.26,
3/22/2018,1328.95,1332.15,1335.23,1324.88,-0.24,16.4,16.59,16.65,16.37,-1.03,162.07,110.34,184.07,
3/21/2018,1332.17,1311.28,1336.96,1309.98,1.6,16.57,16.2,16.7,16.2,2.27,171.26,107.83,232.35,
3/20/2018,1311.21,1317,1318.66,1307.31,-0.44,16.2,16.32,16.36,16.11,-0.83,134.78,62.02,181.05,
3/19/2018,1316.94,1313.94,1320.07,1307.89,0.22,16.34,16.36,16.39,16.23,-0.07,95.19,66.43,110.81,
3/16/2018,1314,1317.11,1322.67,1310.31,-0.17,16.35,16.41,16.54,16.25,-0.3,173.33,38.4,275.45,
3/15/2018,1316.26,1324.39,1328.16,1315.05,-0.66,16.4,16.53,16.6,16.38,-0.87,189.41,75.53,287,
3/14/2018,1325,1326.42,1330.42,1321.91,-0.1,16.54,16.61,16.7,16.53,-0.28,95,24.71,151.12,
3/13/2018,1326.39,1322.81,1328.66,1316.79,0.25,16.59,16.54,16.71,16.48,0.3,119.59,63.58,145.85,
3/12/2018,1323.05,1323.69,1324.67,1315.39,-0.05,16.54,16.64,16.66,16.47,-0.39,135.9,42.34,197.76,
3/9/2018,1323.7,1322.32,1325.15,1313.05,0.1,16.6,16.5,16.69,16.36,0.62,101.21,62.09,135.94,
3/8/2018,1322.35,1325.84,1329.39,1319.19,-0.24,16.5,16.5,16.57,16.41,-0.02,106.1,39.17,150.31,
3/7/2018,1325.54,1334.5,1340.47,1321.95,-0.67,16.5,16.76,16.84,16.41,-1.52,134.18,58.52,195.26,
3/6/2018,1334.46,1320.36,1338.89,1319.91,1.09,16.76,16.46,16.89,16.39,1.95,88.45,44.09,110.33,
3/5/2018,1320.01,1323.75,1327.92,1317.26,-0.17,16.43,16.52,16.6,16.34,-0.46,108.15,79.86,119.91,
3/2/2018,1322.2,1316.51,1325.51,1314.93,0.43,16.51,16.49,16.6,16.39,0.24,151.31,48.92,224.44,
3/1/2018,1316.55,1318.53,1321.3,1302.99,-0.11,16.47,16.41,16.55,16.16,0.37,93.71,112.1,70.13,
2/28/2018,1318.05,1318.53,1322.82,1315.8,-0.01,16.41,16.42,16.51,16.33,-0.09,70.13,57.58,89.19,
2/27/2018,1318.2,1333.13,1336.74,1313.32,-1.12,16.42,16.66,16.7,16.32,-1.43,65.6,37.37,77.92,
2/26/2018,1333.16,1327.56,1340.91,1326.42,0.32,16.66,16.51,16.77,16.47,0.73,90.38,45.05,120.25,
2/23/2018,1328.94,1331.8,1332.23,1325.58,-0.19,16.54,16.62,16.64,16.49,-0.45,74.93,78.63,72.14,
2/22/2018,1331.51,1323.93,1332.2,1320.69,0.55,16.62,16.49,16.69,16.38,0.74,53.79,53.62,44.73,
2/21/2018,1324.26,1329.82,1336.58,1322.6,-0.39,16.49,16.46,16.77,16.37,0.18,72.12,28.76,95.95,
2/20/2018,1329.49,1346.74,1348.21,1328.22,-1.28,16.47,16.64,16.7,16.42,-1.19,91.38,100.21,75.99,
2/19/2018,1346.69,1347.5,1351.35,1345.99,-0.09,16.66,16.64,16.74,16.6,-0.05,91.54,57.04,142.72,
2/16/2018,1347.86,1353.29,1361.84,1344.78,-0.4,16.67,16.88,16.95,16.62,-1.21,53.12,48.14,48.18,
2/15/2018,1353.3,1350.78,1357.18,1348.41,0.19,16.88,16.87,16.99,16.63,0.02,69.7,40.87,95.45,
2/14/2018,1350.76,1329.53,1355.57,1319.42,1.6,16.87,16.55,16.94,16.37,1.83,37.5,24.92,41.58,
2/13/2018,1329.55,1322.29,1330.96,1321.39,0.5,16.57,16.57,16.71,16.46,0.13,73.42,68.89,79.01,
2/12/2018,1322.88,1315.04,1326.2,1314.11,0.47,16.55,16.35,16.62,16.31,1.18,124.5,124.12,147.89,
2/9/2018,1316.69,1318.87,1322.71,1311.06,-0.17,16.36,16.42,16.45,16.19,-0.36,72.1,55.9,79.94,
2/8/2018,1318.97,1318.61,1322.17,1306.9,0.04,16.42,16.37,16.47,16.22,0.24,93.48,72.94,101.39,
2/7/2018,1318.49,1325.16,1332.49,1312.05,-0.49,16.38,16.64,16.78,16.26,-1.6,76.44,59.27,77.69,
2/6/2018,1325.02,1339.68,1346.08,1320.04,-1.09,16.64,16.74,16.99,16.56,-0.6,56.74,34.81,79.84,
2/5/2018,1339.6,1332.32,1341.7,1328.88,0.5,16.74,16.63,16.91,16.54,0.88,84.58,84.32,78.14,
2/2/2018,1332.98,1349.16,1350.12,1327.21,-1.2,16.6,17.25,17.26,16.54,-3.79,30.99,23.17,45.1,
2/1/2018,1349.19,1345.4,1351.42,1337.3,0.3,17.25,17.35,17.41,17.11,-0.46,52.32,48.15,73.63,
1/31/2018,1345.1,1338.87,1347.93,1332.7,0.49,17.33,17.15,17.4,17.05,1.16,102.41,117.8,111.36,
1/30/2018,1338.55,1340.67,1349.12,1334.48,-0.13,17.13,17.16,17.32,17.05,-0.17,95.89,69.52,101.48,
1/29/2018,1340.35,1350.07,1352.65,1337.74,-0.73,17.16,17.37,17.49,17.08,-1.46,76.44,101.61,50.85,
1/26/2018,1350.14,1348.36,1357.39,1344.38,0.16,17.42,17.3,17.56,17.23,0.67,65.84,57.43,88.97,
1/25/2018,1348.05,1358.48,1366.47,1343.1,-0.74,17.3,17.57,17.7,17.13,-1.54,82.49,34.63,108.3,
1/24/2018,1358.15,1341.45,1361.88,1339.27,1.25,17.57,17.05,17.62,16.95,3.06,136.35,143.93,153.4,
1/23/2018,1341.39,1334.45,1342.22,1331.54,0.55,17.05,17.01,17.1,16.73,0.21,129,110.23,153.24,
1/22/2018,1334.11,1334.88,1336.04,1328.71,0.17,17.01,17.05,17.1,16.9,-0.07,130,153.6,96.09,
1/19/2018,1331.8,1327.49,1338.37,1326.46,0.35,17.03,16.97,17.16,16.93,0.44,102.11,105.87,88.31,
1/18/2018,1327.19,1327.75,1333.14,1323.79,-0.04,16.95,17.03,17.15,16.91,-0.38,82.81,137.6,91.82,
1/17/2018,1327.73,1338.29,1343.99,1326.73,-0.81,17.01,17.2,17.29,16.97,-1.06,128.26,79.36,154.46,
1/16/2018,1338.61,1340.06,1342.35,1331.73,-0.12,17.2,17.31,17.39,16.9,-0.91,58.75,45.05,60.13,
1/15/2018,1340.16,1337.05,1344.93,1336.14,0.13,17.36,17.21,17.43,17.18,0.57,58.96,53.44,62.4,
1/12/2018,1338.4,1322.82,1339.4,1321.16,1.21,17.26,16.99,17.29,16.91,1.54,167.51,116.9,222.87,
1/11/2018,1322.42,1316.89,1323.98,1315.49,0.4,17,16.99,17.07,16.91,0.18,95.51,60.59,108.3,
1/10/2018,1317.19,1313.28,1326.94,1308.29,0.35,16.97,17,17.21,16.89,-0.03,71.72,44.69,82,
1/9/2018,1312.66,1320.63,1320.68,1308.8,-0.6,16.97,17.16,17.16,16.92,-1.01,77.14,63.33,90.56,
1/8/2018,1320.58,1320.04,1322.22,1314.97,0.03,17.14,17.24,17.26,17.03,-0.49,82.17,92.16,68.33,
1/5/2018,1320.21,1323.5,1323.83,1313.81,-0.21,17.23,17.23,17.29,17.08,-0.02,66.52,88.42,59,
1/4/2018,1322.97,1312.53,1325.92,1305.67,0.77,17.23,17.13,17.28,16.95,0.59,146.36,77.82,194.72,
1/3/2018,1312.84,1318.16,1321.4,1307.16,-0.4,17.13,17.19,17.24,17.01,-0.33,138.02,147.43,172.16,
1/2/2018,1318.14,1302.55,1318.98,1302.51,0.86,17.19,16.97,17.21,16.91,1.02,188.69,94.05,278.94,
1/1/2018,1306.86,1303.43,1307.72,1302.43,0.33,17.01,17.01,17.03,16.96,0.38,96.58,57.77,112.43,
12/29/2017,1302.55,1294.85,1307.69,1293.59,0.6,16.95,16.84,17.11,16.78,0.63,121.56,171.68,67.39,
12/28/2017,1294.84,1287.31,1295.3,1286.66,0.58,16.84,16.69,16.89,16.6,0.93,128.48,111.38,130.06,
12/27/2017,1287.41,1283.64,1289.4,1281.46,0.32,16.69,16.54,16.73,16.45,0.89,115.55,65.83,137.27,
12/26/2017,1283.29,1274.91,1283.77,1273.25,0.63,16.54,16.36,16.57,16.27,0.98,97.95,124.28,74.05,
12/25/2017,1275.24,1275.24,1275.24,1275.24,0.02,16.38,16.38,16.38,16.38,0.06,73.61,36.69,122.42,
12/22/2017,1275.01,1267.12,1276.38,1265.1,0.65,16.37,16.15,16.44,16.1,1.52,69.98,37.21,93.11,
12/21/2017,1266.76,1265.62,1268.97,1263.02,0.09,16.13,16.2,16.27,16.08,-0.32,94.13,35.75,134.18,
12/20/2017,1265.62,1261.69,1267.84,1261.23,0.31,16.18,16.14,16.27,16.01,0.2,93.05,64.93,108.32,
12/19/2017,1261.72,1261.7,1265.26,1258.97,0,16.15,16.16,16.25,16,0.06,78.64,49,98.08,
12/18/2017,1261.69,1253.79,1264.37,1252.68,0.51,16.14,16,16.17,15.95,0.5,67.39,41.34,103.46,
12/15/2017,1255.26,1252.83,1261.89,1251.94,0.19,16.06,15.9,16.09,15.83,1.01,90.98,82.46,123.8,
12/14/2017,1252.85,1255.54,1259.18,1249.92,-0.21,15.9,16.09,16.15,15.77,-1.06,104.08,45.11,135.47,
12/13/2017,1255.45,1243.88,1256.95,1240.06,0.93,16.07,15.72,16.15,15.59,2.16,80.26,65.47,91.01,
12/12/2017,1243.85,1242.25,1246.62,1236.31,0.15,15.73,15.71,15.82,15.61,0.08,97.68,118.55,77.69,
12/11/2017,1241.96,1247.28,1251.67,1240.19,-0.5,15.71,15.8,15.89,15.65,-0.8,142.7,91.45,161.03,
12/8/2017,1248.14,1247.34,1252.66,1244.34,0.12,15.84,15.73,15.9,15.68,0.71,89.09,121.11,80.82,
12/7/2017,1246.7,1264.26,1264.82,1244.11,-1.36,15.73,15.96,15.99,15.62,-1.5,64.61,8.59,100.29,
12/6/2017,1263.94,1266.62,1269.32,1262.39,-0.21,15.97,16.11,16.15,15.88,-0.91,109.02,58.52,146.44,
12/5/2017,1266.55,1276.54,1277.41,1261.11,-0.76,16.12,16.36,16.39,16.03,-1.41,133.24,100.77,145.17,
12/4/2017,1276.23,1272.93,1277.24,1271.8,-0.31,16.35,16.32,16.45,16.25,-0.57,64.41,64.21,68.86,
12/1/2017,1280.26,1274.29,1289.58,1271.58,0.43,16.44,16.44,16.56,16.22,-0.04,110.04,45.39,151.45,
11/30/2017,1274.76,1283.88,1285.7,1270.51,-0.69,16.45,16.55,16.62,16.33,-0.53,111.56,42.78,171.26,
11/29/2017,1283.57,1293.9,1296.75,1281.98,-0.81,16.53,16.86,16.92,16.5,-1.89,99.85,51.94,129.96,
11/28/2017,1294.01,1294.85,1297.74,1291.01,-0.04,16.85,17.07,17.14,16.75,-1.17,101.45,17.59,154.05,
11/27/2017,1294.5,1288.57,1299.2,1286.47,0.49,17.05,17,17.22,16.99,0.26,164.18,182.93,136.52,
11/24/2017,1288.22,1291.51,1293.61,1286.15,-0.23,17.01,17.07,17.18,16.99,-0.51,74.13,92.37,61.64,
11/23/2017,1291.25,1292.4,1293.46,1287.46,-0.07,17.09,17.19,17.2,17.05,-0.34,48.65,52.91,44.13,
11/22/2017,1292.12,1280.38,1294.75,1278.77,0.91,17.15,16.97,17.17,16.91,1.1,143.44,80.44,186.37,
11/21/2017,1280.48,1276.7,1284.87,1276.08,0.3,16.97,16.95,17.08,16.89,0.21,144.84,121.1,194.25,
11/20/2017,1276.7,1292.68,1294.8,1274.92,-1.37,16.93,17.31,17.32,16.85,-2.18,57.03,9.48,86.94,
11/17/2017,1294.37,1278.44,1297.04,1277.94,1.24,17.31,17.08,17.38,17,1.32,49.27,22.67,81.94,
11/16/2017,1278.47,1278.47,1281.6,1274.98,-0.03,17.08,16.99,17.13,16.94,0.52,119.27,38.36,179.15,
11/15/2017,1278.8,1281,1289.47,1277.04,-0.15,16.99,17.03,17.2,16.92,-0.24,71.93,95.61,66.45,
11/14/2017,1280.71,1278.17,1283.68,1270.64,0.21,17.04,17.07,17.12,16.89,-0.06,111.66,98.95,158.19,
11/13/2017,1277.99,1275.16,1280.22,1274.29,0.14,17.05,16.84,17.08,16.81,0.86,83.04,101.19,69.05,
11/10/2017,1276.14,1285.21,1287.16,1273.33,-0.71,16.9,17,17.11,16.78,-0.56,107.6,114.93,108.65,
11/9/2017,1285.3,1281.62,1288.72,1280.09,0.31,17,17.04,17.15,16.91,-0.22,109.61,72.85,135.02,
11/8/2017,1281.3,1275.85,1287.52,1275.23,0.45,17.04,16.98,17.27,16.93,0.47,181.09,105.68,257.09,
11/7/2017,1275.53,1281.82,1281.97,1271.68,-0.47,16.96,17.23,17.27,16.9,-1.59,113.53,72.76,148.35,
11/6/2017,1281.55,1269.49,1283.01,1266.05,0.92,17.23,16.82,17.26,16.78,2.26,132.5,118.43,151.97,
11/3/2017,1269.85,1276.8,1279.74,1265.55,-0.48,16.85,17.12,17.22,16.81,-1.54,88.23,63.97,93.37,
11/2/2017,1275.99,1274.91,1284.49,1273.64,0.13,17.11,17.17,17.28,17.05,-0.19,188.31,307.2,85.41,
11/1/2017,1274.39,1270.88,1281.25,1267.98,0.22,17.15,16.74,17.22,16.65,2.6,75.86,58.82,77.1,
10/31/2017,1271.58,1276.29,1278.36,1268.01,-0.37,16.71,16.85,16.92,16.62,-0.86,68.25,81.65,52.97,
10/30/2017,1276.24,1273.59,1279.29,1268.8,0.23,16.86,16.82,16.92,16.7,-0.02,97.43,87.42,89.12,
10/27/2017,1273.35,1268.07,1274.8,1264.1,0.49,16.86,16.79,16.91,16.63,0.4,94.87,63.05,124.91,
10/26/2017,1267.11,1277.56,1282.8,1265.69,-0.81,16.79,16.98,17.08,16.77,-0.97,83.76,25.05,125.36,
10/25/2017,1277.41,1276.85,1280.39,1271.03,0.05,16.96,17,17.08,16.83,-0.07,119.09,79.15,139.38,
10/24/2017,1276.72,1282.01,1284.06,1273.43,-0.42,16.97,17.1,17.17,16.88,-0.71,110.13,52.7,139.19,
10/23/2017,1282.07,1277.45,1283.66,1272.24,0.11,17.09,17.06,17.15,16.88,0.29,104.01,93.32,121.08,
10/20/2017,1280.72,1289.57,1291.47,1277.88,-0.7,17.04,17.25,17.33,16.95,-1.21,72.26,45.5,88.55,
10/19/2017,1289.79,1281.25,1290.69,1276.61,0.67,17.25,17.01,17.33,16.94,1.43,121.04,80.45,154.33,
10/18/2017,1281.17,1285.18,1289.08,1277.13,-0.31,17.01,17.01,17.13,16.9,-0.16,118.03,189.79,88.65,
10/17/2017,1285.19,1295.32,1296.66,1281.69,-0.74,17.03,17.24,17.29,16.97,-1.15,108.02,98.71,142.22,
10/16/2017,1294.74,1303.88,1306.8,1291.01,-0.78,17.23,17.39,17.51,17.13,-0.98,111.01,115.1,118.16,
10/13/2017,1304.88,1293.73,1304.88,1291.04,0.87,17.4,17.23,17.46,17.19,1.05,68.34,48.09,86.91,
10/12/2017,1293.6,1292.01,1297.6,1289.47,0.14,17.22,17.18,17.31,17.14,0.29,85.93,85.66,92.89,
10/11/2017,1291.8,1287.91,1293.56,1284.12,0.31,17.17,17.1,17.25,17.02,0.31,115.26,25.53,177.48,
10/10/2017,1287.85,1284.35,1294.63,1282.29,0.29,17.12,16.95,17.29,16.95,0.93,95.96,83.18,97.14,
10/9/2017,1284.1,1275.45,1285.5,1275.21,0.63,16.96,16.82,17.01,16.79,0.81,61.34,9.41,94.17,
10/6/2017,1276.03,1269.09,1277.18,1260.89,0.63,16.82,16.62,16.91,16.34,1.22,151.48,79.48,212.14,
10/5/2017,1268.05,1275.16,1279.42,1266.9,-0.52,16.62,16.59,16.79,16.57,-0.05,83.91,47.8,112.97,
10/4/2017,1274.69,1271.64,1282.42,1270.85,0.23,16.63,16.64,16.94,16.58,-0.08,108.68,95.34,115.67,
10/3/2017,1271.75,1270.71,1274.71,1267.91,0.05,16.64,16.59,16.71,16.56,0.33,90.38,117.14,82.67,
10/2/2017,1271.12,1279.5,1279.61,1270.45,-0.65,16.59,16.65,16.77,16.56,-0.4,148.88,176.25,147.01,
9/29/2017,1279.45,1286.91,1290.47,1278.24,-0.61,16.65,16.87,16.93,16.64,-1.23,72.12,10.27,119.95,
9/28/2017,1287.3,1281.11,1289,1277.64,0.48,16.86,16.77,16.92,16.67,0.51,150.35,116.04,153.25,
9/27/2017,1281.12,1293.61,1296.54,1281.12,-0.99,16.77,16.81,16.94,16.72,0.01,132.11,136.58,146.47,
9/26/2017,1293.89,1309.9,1313.92,1293.04,-1.27,16.77,17.14,17.25,16.77,-2.4,133.39,210.55,157.14,
9/25/2017,1310.55,1297.67,1311.9,1290.63,1.02,17.19,16.97,17.19,16.81,1.12,55.39,33.13,64.49,
9/22/2017,1297.38,1291.3,1299.14,1291.3,0.46,17,16.99,17.11,16.91,0.07,107.49,77.93,130.01,
9/21/2017,1291.39,1301.02,1302.07,1287.99,-0.75,16.98,17.16,17.21,16.83,-1.08,139.59,85.64,187.5,
9/20/2017,1301.15,1310.94,1316.25,1295.96,-0.77,17.17,17.3,17.44,16.96,-0.93,163,125.8,218.61,
9/19/2017,1311.28,1307.3,1311.78,1304.98,0.28,17.33,17.17,17.34,17.09,0.67,129.69,96.97,197.71,
9/18/2017,1307.57,1320.5,1320.5,1305.03,-0.91,17.22,17.6,17.63,17.04,-2.13,172.78,118.79,217.98,
9/15/2017,1319.62,1329.83,1334.76,1319.62,-0.77,17.59,17.8,17.86,17.55,-1.12,120.09,59.86,149.79,
9/14/2017,1329.83,1323.56,1330.69,1316.11,0.5,17.79,17.77,17.84,17.64,0.12,84.8,31.7,114.59,
9/13/2017,1323.25,1331.95,1335.05,1320.91,-0.65,17.77,17.91,18,17.66,-0.9,138.88,133.33,145.42,
9/12/2017,1331.94,1327.86,1332.43,1322.55,0.35,17.93,17.79,17.93,17.69,0.7,125.11,86.76,144.74,
9/11/2017,1327.32,1337.45,1340.36,1326.36,-1.44,17.81,17.81,17.92,17.7,-0.93,63.7,69.28,57.79,
9/8/2017,1346.71,1348.83,1357.94,1343,-0.18,17.97,18.15,18.26,17.93,-0.79,132.7,107.79,163.47,
9/7/2017,1349.2,1334.27,1350.27,1332.6,1.13,18.12,17.91,18.19,17.8,1.36,152.65,111.6,169.25,
9/6/2017,1334.14,1339.55,1342.84,1331.66,-0.39,17.87,17.93,18.04,17.82,-0.12,202.49,113.87,267.68,
9/5/2017,1339.33,1335.07,1345.18,1327.96,0.35,17.9,17.9,18.01,17.77,-0.11,188.15,90.94,246.53,
9/4/2017,1334.67,1334.38,1339.85,1331.92,0.73,17.92,17.8,17.97,17.77,1.03,253.1,118.74,334.25,
9/1/2017,1324.97,1321.8,1329.2,1316.65,0.22,17.73,17.61,17.8,17.49,0.68,133.69,138.22,107.05,
8/31/2017,1322.07,1308.8,1324.11,1300.82,1.02,17.61,17.43,17.67,17.29,1.09,121.71,73.85,176.01,
8/30/2017,1308.76,1309.26,1313.87,1305.26,-0.06,17.42,17.4,17.52,17.32,0.21,142.65,94.8,184.51,
8/29/2017,1309.5,1317.75,1326.14,1304.93,-0.08,17.39,17.48,17.71,17.29,-0.37,85.88,61.16,102.02,
8/28/2017,1310.49,1292.76,1312.99,1292.49,1.5,17.45,17.1,17.51,17.02,2.26,126.38,92.84,132.75,
8/25/2017,1291.15,1285.91,1294.14,1278.66,0.37,17.07,16.97,17.19,16.78,0.54,86.64,60.97,101.7,
8/24/2017,1286.33,1289.98,1291.3,1284.55,-0.33,16.98,17.08,17.15,16.84,-0.53,95.29,33.53,139.82,
8/23/2017,1290.62,1285.56,1292.03,1283.09,0.46,17.07,17.02,17.15,16.92,0.38,149.31,143.34,165.55,
8/22/2017,1284.72,1291.18,1292.69,1282.11,-0.5,17,17.03,17.15,16.88,-0.09,250.01,311.54,228.68,
8/21/2017,1291.22,1283.6,1293.58,1280.6,0.52,17.02,16.97,17.17,16.84,0.21,177.33,254.57,129.76,
8/18/2017,1284.5,1288.2,1301.2,1283.64,-0.27,16.98,17.05,17.36,16.94,-0.32,138.91,159.79,106.63,
8/17/2017,1288.01,1283.61,1290.47,1282.2,0.38,17.04,17.16,17.22,16.98,-0.51,102.84,64.75,126.02,
8/16/2017,1283.1,1271.87,1284.29,1268.19,0.86,17.12,16.64,17.18,16.63,2.93,159.37,102.14,198.78,
8/15/2017,1272.13,1282.36,1282.77,1267.98,-0.77,16.64,17.06,17.11,16.59,-2.51,232.36,201.94,247.71,
8/14/2017,1281.95,1289.09,1289.82,1278.12,-0.56,17.06,17.11,17.27,16.93,-0.26,202.68,189.43,200.14,
8/11/2017,1289.21,1286.45,1292.26,1281.55,0.18,17.11,17.16,17.25,16.94,-0.09,145.5,77.36,217.78,
8/10/2017,1286.9,1277.56,1288.63,1274.85,0.73,17.12,16.98,17.29,16.87,1.07,215.32,110.08,330.54,
8/9/2017,1277.55,1261.41,1279.06,1260.96,1.34,16.94,16.46,17,16.46,2.94,136.3,70.89,187.25,
8/8/2017,1260.64,1257.61,1265.7,1251.41,0.23,16.46,16.29,16.52,16.23,1.14,169.71,112.79,219.52,
8/7/2017,1257.69,1259.03,1260.38,1255.68,-0.07,16.27,16.28,16.34,16.14,-0.04,127.92,93.97,134.37,
8/4/2017,1258.6,1269.01,1270.94,1254.75,-0.79,16.28,16.68,16.8,16.22,-2.26,95.55,52.92,123.6,
8/3/2017,1268.65,1266.46,1271.37,1258.7,0.15,16.66,16.62,16.74,16.46,0.4,135.81,58.87,186.58,
8/2/2017,1266.7,1268.8,1273.34,1263.18,-0.19,16.59,16.74,16.94,16.48,-0.8,145.29,57.94,193.3,
8/1/2017,1269.05,1268.8,1274.47,1264.05,-0.04,16.72,16.84,16.88,16.61,-0.64,198.39,143.84,219.96,
7/31/2017,1269.55,1270.16,1271.48,1265.93,0.02,16.83,16.8,16.92,16.68,0.74,170.75,149.8,204.46,
7/28/2017,1269.25,1259.36,1271.34,1257.45,0.81,16.71,16.59,16.8,16.53,0.83,113.88,98.73,107.05,
7/27/2017,1259,1260.5,1265.49,1254.52,-0.17,16.57,16.67,16.86,16.55,-0.54,107.2,128.25,98.06,
7/26/2017,1261.1,1250,1263.92,1243.91,0.96,16.66,16.48,16.74,16.32,0.97,125.11,86.76,153.78,
7/25/2017,1249.05,1254.77,1258.18,1249.01,-0.49,16.5,16.51,16.68,16.27,0.09,100.2,70.51,117.63,
7/24/2017,1255.24,1255.66,1259.18,1251.78,0.03,16.49,16.55,16.63,16.42,-0.15,53.32,26.58,66.51,
7/21/2017,1254.9,1244.16,1256.3,1243.35,0.82,16.51,16.31,16.56,16.31,1.1,80.1,84.56,70.53,
7/20/2017,1244.74,1241.03,1247.98,1235.24,0.31,16.33,16.28,16.46,16.14,0.31,114.77,62.41,147.49,
7/19/2017,1240.87,1242.58,1244.48,1236.05,-0.13,16.28,16.26,16.4,16.18,-0.06,67.03,33.41,92.9,
7/18/2017,1242.46,1233.84,1245.06,1233.01,0.65,16.29,16.14,16.38,16.09,1.12,140.66,98.16,163.75,
7/17/2017,1234.4,1228.6,1236.44,1228.3,0.44,16.11,16.04,16.24,15.98,0.78,114,93.59,144.97,
7/14/2017,1228.98,1216.63,1233.16,1214.95,0.95,15.99,15.69,16.12,15.61,1.79,93.1,78.16,114.09,
7/13/2017,1217.45,1220.21,1224.92,1216.63,-0.21,15.7,15.93,16.03,15.7,-1.36,55.38,50.19,58.61,
7/12/2017,1220,1217.95,1226.1,1214.51,0.19,15.92,15.84,16.07,15.76,0.63,94.17,77.31,119.76,
7/11/2017,1217.69,1214.59,1217.79,1207.89,0.28,15.82,15.67,15.91,15.46,1.05,112.5,62.31,135.13,
7/10/2017,1214.35,1213.7,1215.6,1204.85,0.12,15.66,15.64,15.77,15.19,0.22,98,52.11,130.39,
7/7/2017,1212.9,1224.39,1227.2,1207.25,-1,15.62,16.07,16.22,14.9,-2.65,115.72,67.3,152.36,
7/6/2017,1225.15,1227.06,1229.57,1222.56,-0.15,16.05,16.06,16.15,15.94,-0.28,177.17,96.34,267.86,
7/5/2017,1226.95,1223.55,1229.34,1217.64,0.24,16.09,16.09,16.26,15.88,-0.03,208.9,95.2,287.86,
7/4/2017,1223.97,1221.94,1226.74,1220.69,0.29,16.1,16.14,16.23,16.02,-0.25,77.94,0,129.62,
7/3/2017,1220.46,1241.46,1242.83,1218.41,-1.7,16.14,16.68,16.69,16.07,-2.86,120.57,63.26,147.75,
6/30/2017,1241.6,1244.82,1248.59,1239.7,-0.33,16.61,16.67,16.74,16.52,-0.09,102.6,77.93,113.76,
6/29/2017,1245.74,1249.18,1253.71,1239.66,-0.29,16.63,16.82,16.94,16.59,-1.07,103.36,92.73,103.13,
6/28/2017,1249.32,1247.37,1255.11,1247.37,0.18,16.81,16.68,16.9,16.68,0.63,110.05,120.68,82.36,
6/27/2017,1247.1,1243.65,1253.13,1241.12,0.21,16.7,16.61,16.8,16.53,0.61,106.1,141.03,78.42,
6/26/2017,1244.45,1258.13,1258.54,1236.96,-0.99,16.6,16.78,16.79,16.43,-0.79,128.39,89.6,149.47,
6/23/2017,1256.9,1250,1259.31,1249.74,0.5,16.73,16.55,16.83,16.55,0.97,107.31,111.63,93.11,
6/22/2017,1250.62,1245.55,1255.05,1245.55,0.33,16.57,16.51,16.72,16.47,0.57,210.32,219.21,206.69,
6/21/2017,1246.55,1243.16,1248.31,1241.25,0.27,16.48,16.5,16.58,16.37,-0.18,180.24,165.12,210.64,
6/20/2017,1243.19,1244.04,1248.38,1241.38,0,16.51,16.5,16.69,16.42,0.06,204.2,237.5,160.36,
6/19/2017,1243.25,1254,1256.12,1243.22,-0.83,16.5,16.73,16.75,16.48,-0.75,171.01,252.57,115.87,
6/16/2017,1253.63,1254.36,1257.63,1251.55,-0.03,16.62,16.79,16.87,16.62,-0.78,105.62,86.15,127.75,
6/15/2017,1254,1260.7,1267.04,1251.68,-0.57,16.75,16.9,17.13,16.68,-0.95,108.02,112.81,102.65,
6/14/2017,1261.18,1266.28,1279.87,1257.15,-0.37,16.91,16.83,17.36,16.81,0.06,77.4,72.01,94.39,
6/13/2017,1265.85,1264.75,1269.42,1259.66,0.01,16.9,16.96,17.01,16.72,-0.5,107.04,101.09,112.43,
6/12/2017,1265.74,1267.42,1271.01,1263.95,-0.05,16.99,17.28,17.3,16.87,-1.25,144.55,156.11,150.25,
6/9/2017,1266.4,1279.29,1281.3,1264.74,-0.98,17.2,17.47,17.51,17.17,-1.23,121.29,175.13,118.25,
6/8/2017,1278.9,1287.45,1289.34,1271.49,-0.62,17.42,17.56,17.73,17.31,-0.99,182.93,236.59,164.45,
6/7/2017,1286.91,1294.39,1295.28,1283,-0.55,17.59,17.74,17.77,17.52,-0.68,245.96,333.89,165.36,
6/6/2017,1294,1280.26,1296.47,1279.44,1.1,17.71,17.59,17.79,17.53,0.92,227.28,339.87,179.54,
6/5/2017,1279.95,1279.34,1283.77,1278,0,17.55,17.6,17.69,17.5,0.02,276.61,430.45,123.42,
6/2/2017,1279.98,1266.11,1279.98,1259,1.13,17.55,17.3,17.62,17.13,1.44,88.57,47.09,117.84,
6/1/2017,1265.64,1268.89,1270.72,1261.49,-0.23,17.3,17.36,17.42,17,-0.19,90.67,96.42,90.48,
5/31/2017,1268.59,1263.05,1274.24,1259.26,0.43,17.33,17.39,17.47,17.23,-0.43,157.74,213.42,93.69,
5/30/2017,1263.1,1267.24,1270.86,1259.39,-0.31,17.4,17.46,17.52,17.22,0.05,128.18,107.61,123.42,
5/29/2017,1266.97,1267.47,1269.12,1265.12,-0.01,17.4,17.39,17.47,17.29,0.13,103.3,164.78,91.63,
5/26/2017,1267.05,1255.6,1269.88,1252.88,0.9,17.37,17.14,17.41,17.08,1.24,218.07,289.86,172.7,
5/25/2017,1255.76,1258.49,1260.08,1253.89,-0.22,17.16,17.26,17.3,17.14,-0.41,146.44,191.3,117.57,
5/24/2017,1258.55,1251.26,1259.37,1247.7,0.59,17.23,17.1,17.27,16.89,0.94,181.95,224.07,133.5,
5/23/2017,1251.16,1260.13,1264.18,1250.46,-0.74,17.07,17.15,17.35,17.05,-0.52,139.23,115.67,154.37,
5/22/2017,1260.46,1256.1,1263,1251.61,0.39,17.16,16.83,17.25,16.82,1.75,143.48,37.31,228.25,
5/19/2017,1255.55,1246.67,1256.98,1246.61,0.68,16.87,16.62,16.93,16.59,1.72,75.72,37.74,94.44,
5/18/2017,1247.05,1261.56,1265.54,1245.9,-1.09,16.58,16.91,17,16.47,-1.79,97.73,102.56,76.99,
5/17/2017,1260.74,1237.31,1261.55,1236.3,1.94,16.88,16.83,17.07,16.76,0.17,97.43,79.99,95.31,
5/16/2017,1236.8,1231.46,1239.5,1230.51,0.49,16.86,16.63,16.9,16.63,1.35,74.92,64.02,71.2,
5/15/2017,1230.71,1228.4,1237.76,1227.2,0.15,16.63,16.54,16.86,16.44,1,75.43,25.07,104.54,
5/12/2017,1228.83,1225.41,1232.26,1224.55,0.32,16.47,16.3,16.49,16.29,0.83,78.99,49.22,98.52,
5/11/2017,1224.85,1218.74,1228.2,1217.81,0.47,16.33,16.24,16.43,16.16,0.86,99.9,104.84,87.44,
5/10/2017,1219.15,1221.42,1226.15,1217.49,-0.18,16.19,16.23,16.39,16.15,0.03,124,117.73,127.66,
5/9/2017,1221.3,1226.12,1229.01,1214.21,-0.41,16.19,16.24,16.36,16.06,-0.53,77.81,77.57,64.7,
5/8/2017,1226.3,1225.67,1237.1,1225.36,-0.12,16.27,16.29,16.49,16.23,-0.42,72.8,48.39,90.81,
5/5/2017,1227.74,1227.93,1235.79,1225.83,0,16.34,16.36,16.56,16.23,0.09,76.31,44.75,89.58,
5/4/2017,1227.75,1238.66,1241.77,1225.7,-0.86,16.33,16.51,16.67,16.22,-0.67,95.95,127.54,60.79,
5/3/2017,1238.38,1256.71,1257.29,1236.41,-1.47,16.44,16.88,16.93,16.42,-2.4,109.72,31.25,165.1,
5/2/2017,1256.9,1256.51,1257.89,1251.48,0.01,16.84,16.87,17.04,16.79,-0.24,126.74,103.38,143.71,
5/1/2017,1256.8,1268.6,1271.6,1254.16,-0.9,16.88,17.24,17.3,16.82,-2.03,126.25,95.89,149.97,
4/28/2017,1268.15,1264.26,1269.08,1263.3,0.28,17.23,17.25,17.46,17.16,-0.17,126.36,116.98,142.6,
4/27/2017,1264.6,1268.8,1270.53,1261.61,-0.35,17.26,17.51,17.53,17.23,-1.37,104.5,93.76,104.27,
4/26/2017,1269.05,1264.41,1271.1,1260.3,0.42,17.5,17.63,17.69,17.32,-0.54,92.16,61.25,102.18,
4/25/2017,1263.76,1276.96,1278.57,1261.81,-0.9,17.6,17.99,18.05,17.56,-1.92,61.82,61.63,51.41,
4/24/2017,1275.3,1269.88,1277.48,1266.01,-0.72,17.94,17.83,17.98,17.69,0.07,142.73,118.58,158.25,
4/21/2017,1284.5,1281.96,1288.67,1278.43,0.21,17.93,18.06,18.09,17.82,-0.63,130.76,86.9,154.03,
4/20/2017,1281.85,1280.06,1283.79,1276.74,0.17,18.04,18.17,18.27,17.87,-0.44,178.77,73.39,279.82,
4/19/2017,1279.66,1290.21,1291.51,1276.48,-0.77,18.12,18.35,18.37,18.1,-0.97,152.97,136.72,175.45,
4/18/2017,1289.64,1284.94,1292.7,1279.4,0.38,18.3,18.42,18.48,18.11,-0.67,106.67,59.08,137.97,
4/17/2017,1284.8,1292.96,1295.92,1281.61,-0.07,18.42,18.65,18.69,18.38,-0.67,111.51,91.55,109.09,
4/14/2017,1285.69,1287.35,1288.75,1285.31,-0.16,18.55,18.54,18.55,18.54,0.03,123.94,78.63,140.54,
4/13/2017,1287.74,1285.54,1289.03,1281.74,0.09,18.54,18.52,18.64,18.43,0.22,156.75,187.52,147.72,
4/12/2017,1286.6,1274.51,1287.29,1272.42,0.95,18.5,18.32,18.56,18.25,0.87,171.34,193.59,189.97,
4/11/2017,1274.44,1255.23,1275.55,1253.29,1.57,18.34,17.95,18.38,17.91,2.17,97.26,91.26,114.18,
4/10/2017,1254.73,1254.26,1257.7,1247.5,0.05,17.95,17.97,18.07,17.75,-0.31,134.96,159,122.42,
4/7/2017,1254.05,1252.11,1270.96,1250.8,0.18,18.01,18.28,18.52,17.9,-1.42,143.82,185.01,131.17,
4/6/2017,1251.8,1256.4,1259.46,1249.85,-0.28,18.27,18.33,18.38,18.16,-0.25,124.1,171.3,63.5,
4/5/2017,1255.3,1255.73,1257.78,1243.85,-0.07,18.31,18.3,18.35,18.14,-0.05,125.2,41.6,173.51,
4/4/2017,1256.22,1255.46,1261.9,1254.46,0.23,18.32,18.31,18.45,18.23,0.33,150.57,122.31,176.21,
4/3/2017,1253.35,1248.4,1254.2,1244.55,0.34,18.26,18.27,18.3,18.09,0,79.89,49.01,91.99,
3/31/2017,1249.13,1242.83,1251.11,1240.05,0.47,18.26,18.13,18.31,18.05,0.77,118.14,141.33,78.59,
3/30/2017,1243.3,1253.1,1254.2,1242.61,-0.73,18.12,18.22,18.33,18.07,-0.69,75.63,70.37,83.85,
3/29/2017,1252.45,1251.64,1255.16,1247.25,0.07,18.25,18.22,18.29,18.03,0.3,93.54,76.8,100.66,
3/28/2017,1251.63,1253.82,1258.46,1247.52,-0.21,18.19,18.08,18.28,18,0.44,87.33,104.47,77.46,
3/27/2017,1254.3,1248.01,1261.53,1247.69,0.81,18.11,17.83,18.16,17.82,1.91,116.55,122.31,122.42,
3/24/2017,1244.17,1244.88,1252.28,1240.72,-0.09,17.77,17.6,17.8,17.52,1.11,177.37,258.07,79.73,
3/23/2017,1245.3,1248.86,1253.62,1242.84,-0.32,17.58,17.55,17.73,17.5,0.2,131.19,158.81,101.3,
3/22/2017,1249.35,1244.15,1251.76,1243.89,0.35,17.54,17.58,17.63,17.45,0.03,156.5,124.81,199.54,
3/21/2017,1245,1233.78,1248.1,1226.82,0.9,17.54,17.46,17.63,17.32,0.49,81.22,46.27,106.13,
3/20/2017,1233.9,1229.79,1236.25,1229.51,0.39,17.45,17.43,17.5,17.36,0.5,140.57,134.04,121.97,
3/17/2017,1229.15,1227.31,1232.45,1225.06,0.19,17.36,17.34,17.46,17.26,0.25,97.04,87.95,95.36,
3/16/2017,1226.78,1219.03,1233.51,1217.83,0.61,17.32,17.37,17.6,17.25,-0.12,80.58,62.48,81.89,
3/15/2017,1219.4,1199.11,1222.66,1197.93,1.69,17.34,16.92,17.39,16.84,2.73,95.86,127.42,70.86,
3/14/2017,1199.08,1204.25,1208.38,1197.54,-0.41,16.88,17,17.09,16.87,-0.59,59.83,43.38,72.37,
3/13/2017,1204.05,1205.43,1211.66,1202.47,-0.04,16.98,17.06,17.18,16.94,-0.29,78.47,67.05,93.22,
3/10/2017,1204.55,1200.8,1206.43,1194.62,0.31,17.03,16.94,17.09,16.78,0.47,71.8,57.27,79.61,
3/9/2017,1200.83,1207.63,1209.17,1199.12,-0.56,16.95,17.23,17.29,16.91,-1.68,123.04,75.48,141.66,
3/8/2017,1207.58,1215.65,1218.68,1206.13,-0.67,17.24,17.49,17.55,17.2,-1.44,111.12,63.3,149.61,
3/7/2017,1215.67,1225.62,1227.25,1213.67,-0.84,17.49,17.79,17.79,17.44,-1.68,141.89,152.33,127.06,
3/6/2017,1225.96,1232.81,1237.17,1224.65,-0.68,17.79,17.95,17.95,17.67,-0.99,117.26,140.28,126.76,
3/3/2017,1234.3,1234.8,1236.28,1222.59,-0.08,17.97,17.76,17.98,17.6,1.13,64.77,64.57,69.25,
3/2/2017,1235.3,1249.44,1250.36,1231.16,-1.09,17.76,18.41,18.44,17.65,-3.54,114.54,91.35,121.91,
3/1/2017,1248.94,1248.57,1250.68,1236.53,0.03,18.42,18.31,18.46,18.2,0.57,130.1,129.7,124.83,
2/28/2017,1248.59,1252.48,1258.37,1247.48,-0.33,18.31,18.26,18.46,18.21,0.25,69.57,106.7,53.4,
2/27/2017,1252.76,1257.41,1263.88,1250.48,-0.33,18.26,18.36,18.49,18.2,-0.5,81.36,92.7,67.65,
2/24/2017,1256.94,1249.52,1260.48,1247.54,0.6,18.36,18.2,18.41,18.13,0.93,90.82,85.78,87.44,
2/23/2017,1249.41,1237.79,1251.21,1235.2,0.95,18.19,18.05,18.25,17.92,0.88,59.78,69.52,41.42,
2/22/2017,1237.69,1236.22,1240.72,1231.62,0.14,18.03,17.97,18.06,17.9,0.35,95.25,84.41,88,
2/21/2017,1235.97,1237.03,1238.92,1225.8,-0.19,17.97,18.06,18.11,17.83,-0.39,139.23,104.1,164.02,
2/20/2017,1238.38,1235.2,1239.29,1232.62,0.25,18.04,18.02,18.09,17.91,0.25,110.42,102.74,122.42,
2/17/2017,1235.29,1239.25,1243.84,1234.52,-0.31,17.99,18.11,18.11,17.96,-0.57,88.52,65.03,100.73,
2/16/2017,1239.14,1233.34,1242.71,1232.04,0.5,18.09,17.99,18.14,17.92,0.61,127.41,91.45,161.03,
2/15/2017,1232.94,1228.89,1233.61,1216.8,0.35,17.98,17.96,17.99,17.71,0.16,118.86,92.73,128.92,
2/14/2017,1228.61,1225.74,1234.87,1221.75,0.26,17.96,17.82,18.08,17.72,0.79,185.85,87.19,272.72,
2/13/2017,1225.44,1231.84,1232.65,1219.37,-0.7,17.82,17.94,18.03,17.74,-0.77,132.02,71.79,169.66,
2/10/2017,1234.12,1230.62,1237.07,1221.12,0.26,17.95,17.67,18.01,17.49,1.63,212.41,221.84,185.04,
2/9/2017,1230.89,1242.48,1244.52,1230.22,-0.89,17.67,17.82,17.87,17.62,-0.76,92.3,112.46,76.75,
2/8/2017,1241.99,1234.04,1245.06,1230.29,0.67,17.8,17.7,17.89,17.61,0.51,101.93,90.32,103.59,
2/7/2017,1233.72,1235.23,1235.86,1227.41,-0.15,17.71,17.75,17.79,17.52,-0.23,184.34,167.07,195.09,
2/6/2017,1235.59,1219.67,1235.84,1219.01,1.29,17.75,17.52,17.77,17.44,1.46,83.56,47.6,109.19,
2/3/2017,1219.88,1215.89,1221.48,1207.18,0.32,17.5,17.5,17.58,17.27,0.14,184.03,100.91,252.5,
2/2/2017,1215.93,1209.53,1225.41,1208.26,0.53,17.47,17.57,17.77,17.41,-0.34,166.1,132.47,189.42,
2/1/2017,1209.49,1210.89,1213.59,1198.12,-0.09,17.53,17.57,17.66,17.34,-0.2,150.57,200.14,125.2,
1/31/2017,1210.63,1195.38,1215.49,1193.83,1.28,17.57,17.16,17.65,17.11,2.54,188.69,198.56,183.05,
1/30/2017,1195.35,1192.85,1199.88,1188.15,0.31,17.13,17.18,17.29,17.03,-0.06,166.49,217.49,95.48,
1/27/2017,1191.6,1188.78,1192.06,1181.04,0.25,17.14,16.81,17.24,16.61,2.08,119.16,95.03,126.83,
1/26/2017,1188.57,1199.93,1202.67,1184.11,-0.98,16.79,17,17.06,16.67,-1.18,111.43,111.09,109.51,
1/25/2017,1200.31,1208.79,1209.84,1192.83,-0.7,16.99,17.14,17.15,16.77,-0.67,104.38,131.44,82.22,
1/24/2017,1208.81,1217.4,1219.66,1206.02,-0.71,17.11,17.24,17.31,17.03,-0.7,96.98,132.3,67.91,
1/23/2017,1217.48,1209.43,1219.54,1209.27,0.62,17.23,17.12,17.28,17.04,0.88,111.45,111.11,102.97,
1/20/2017,1209.96,1205.16,1215.3,1198.68,0.4,17.08,17.02,17.16,16.8,0.36,104.66,63.51,136.21,
1/19/2017,1205.14,1203.92,1206.88,1195.86,0.12,17.01,17.05,17.11,16.71,-0.18,125.67,120.27,167.19,
1/18/2017,1203.64,1216.56,1217.6,1201.91,-1.06,17.05,17.21,17.35,17.01,-0.81,102.5,120.76,85.23,
1/17/2017,1216.54,1202.8,1218.72,1202.38,1.11,17.19,16.84,17.23,16.79,2.23,100.72,122.72,102.36,
1/16/2017,1203.17,1200.55,1208.23,1198.17,0.46,16.81,16.91,16.97,16.81,0,72.59,39.47,98.77,
1/13/2017,1197.66,1195.96,1201.2,1187.93,0.17,16.81,16.79,16.86,16.57,0.23,127.04,103.2,140.86,
1/12/2017,1195.66,1191.75,1207.07,1191,0.32,16.77,16.74,16.99,16.68,0.19,129.81,95.86,167.91,
1/11/2017,1191.85,1187.74,1198.79,1177.33,0.35,16.74,16.81,16.88,16.5,-0.3,137.61,166.59,130.78,
1/10/2017,1187.74,1181.32,1190.57,1179.86,0.55,16.79,16.57,16.91,16.51,1.35,66.47,44.18,82.91,
1/9/2017,1181.27,1172.64,1185.91,1171.89,0.72,16.57,16.48,16.7,16.38,0.41,161.03,217.86,114.77,
1/6/2017,1172.81,1180.38,1181.49,1170.37,-0.65,16.5,16.6,16.69,16.27,-0.54,129.06,95.31,135.14,
1/5/2017,1180.48,1163.67,1184.99,1162.38,1.43,16.59,16.46,16.74,16.4,0.88,68.14,62.7,87.17,
1/4/2017,1163.8,1159.28,1168.23,1156.35,0.42,16.45,16.31,16.55,16.26,0.95,108.89,91.42,114.37,
1/3/2017,1158.91,1150.8,1163.61,1145.77,0.73,16.29,15.92,16.51,15.89,1.94,121.97,89.6,138.79,
1/2/2017,1150.52,1150.55,1152.66,1149.66,-0.12,15.98,15.94,15.99,15.93,0.26,146.65,172,157.81,
12/30/2016,1151.85,1158.68,1163.53,1149.49,-0.56,15.94,16.17,16.27,15.81,-1.47,206.67,247.24,196.4,
12/29/2016,1158.32,1142.39,1159.58,1140.81,1.39,16.18,16.05,16.27,16,0.9,98.78,91.91,109.52,
12/28/2016,1142.45,1139.64,1144.84,1136.54,0.27,16.03,15.99,16.09,15.79,0.38,127.41,160.44,122.67,
12/27/2016,1139.35,1134.06,1149.48,1131.85,0.48,15.97,15.78,16.07,15.71,1.46,90.87,82.35,82.43,
12/26/2016,1133.94,1133.94,1133.94,1133.94,0.04,15.74,15.75,15.75,15.73,-0.22,95.74,133.62,95.53,
12/23/2016,1133.49,1128.89,1136.12,1128.18,0.43,15.78,15.83,15.9,15.68,-0.16,182.84,246.61,134.15,
12/22/2016,1128.69,1131.8,1134.17,1127.43,-0.27,15.8,15.96,16.04,15.74,-0.94,125.22,147.53,123.05,
12/21/2016,1131.8,1132.14,1137.5,1129.29,-0.04,15.95,16.08,16.2,15.89,-0.83,195.18,311.33,111.29,
12/20/2016,1132.2,1139.34,1140.08,1125.63,-0.6,16.08,15.97,16.09,15.59,0.68,114.64,120.3,130.45,
12/19/2016,1139.05,1134.35,1142.7,1134.14,0.44,15.98,16.08,16.22,15.88,-0.78,85.88,97.85,61.21,
12/16/2016,1134.09,1128.44,1141.28,1126.46,0.5,16.1,15.98,16.29,15.91,0.72,107.92,74.84,140.46,
12/15/2016,1128.43,1143.81,1144.5,1122.44,-1.38,15.99,16.85,16.97,15.85,-5.02,108.93,118.47,98.82,
12/14/2016,1144.25,1158.39,1165.1,1139.47,-1.22,16.83,16.9,17.22,16.73,-0.47,110.95,147.47,79.08,
12/13/2016,1158.35,1162.45,1165.16,1154.71,-0.33,16.91,17.07,17.16,16.73,-0.95,137.07,136.65,132.98,
12/12/2016,1162.21,1159.01,1165.85,1151.43,0.37,17.07,16.89,17.2,16.64,1.26,95.5,95.2,79.41,
12/9/2016,1157.87,1170.48,1172.22,1156.17,-1.08,16.86,17,17.14,16.78,-0.89,71.09,75.59,63.05,
12/8/2016,1170.55,1173.65,1178.62,1168.88,-0.29,17.01,17.11,17.22,16.92,-0.66,75.4,40.09,100.32,
12/7/2016,1174,1169.64,1180.3,1165.35,0.36,17.13,16.74,17.27,16.65,2.44,103.35,151.83,63.32,
12/6/2016,1169.74,1170.18,1175.4,1166.53,-0.04,16.72,16.75,16.89,16.67,-0.23,68.57,42.07,78.95,
12/5/2016,1170.26,1182.8,1187.79,1157.08,-0.57,16.76,16.93,17.01,16.51,0.06,85.23,101.96,56.7,
12/2/2016,1176.92,1171.05,1178.03,1166.2,0.48,16.75,16.53,16.85,16.33,1.41,64.86,55.42,61.64,
12/1/2016,1171.3,1173.29,1177.07,1160.77,-0.15,16.51,16.5,16.68,16.26,0.07,146.61,118.76,160.01,
11/30/2016,1173.11,1188.72,1195.36,1170.75,-1.29,16.5,16.64,16.79,16.41,-0.69,120.17,177.1,69.51,
11/29/2016,1188.46,1193.3,1195.06,1180.97,-0.42,16.62,16.66,16.75,16.41,-0.21,145.43,204.05,107.49,
11/28/2016,1193.44,1183.1,1197.6,1182.96,0.83,16.65,16.5,16.88,16.46,0.7,111.2,128.36,97.33,
11/25/2016,1183.63,1184.96,1193.96,1171.96,-0.03,16.54,16.3,16.62,16.18,1.6,76.49,70.39,68.5,
11/24/2016,1184,1188.11,1191.34,1181.79,-0.32,16.28,16.38,16.43,16.22,-0.51,67.72,67.51,75.08,
11/23/2016,1187.77,1212.24,1215.05,1181.57,-2.02,16.36,16.62,16.74,16.15,-1.67,75.68,46.43,87.14,
11/22/2016,1212.24,1214.29,1221.45,1206.24,-0.15,16.64,16.59,16.9,16.52,0.28,100.06,115.5,96.34,
11/21/2016,1214.05,1208.1,1218.02,1205.74,0.44,16.59,16.6,16.77,16.49,0.02,118.52,129.97,118.26,
11/18/2016,1208.69,1216.39,1218.13,1203.9,-0.63,16.59,16.65,16.77,16.42,-0.49,92.14,64.3,130.25,
11/17/2016,1216.39,1225.68,1231.8,1211.12,-0.73,16.67,16.97,17.1,16.55,-1.8,59.96,89.66,33.24,
11/16/2016,1225.3,1228.38,1233.47,1221.6,-0.23,16.97,17.06,17.24,16.85,-0.63,106.86,127.83,79.97,
11/15/2016,1228.08,1220.24,1231.54,1219.06,0.64,17.08,16.91,17.13,16.8,1.04,81.46,64.96,99.34,
11/14/2016,1220.26,1227.91,1231.56,1211.47,-0.44,16.91,17.39,17.53,16.64,-2.51,153.25,141.03,147.04,
11/11/2016,1225.68,1259.82,1265.5,1219.5,-2.71,17.34,18.62,18.88,17.19,-6.7,94.9,108.13,75.16,
11/10/2016,1259.76,1277.68,1292.22,1252.28,-1.43,18.59,18.52,19.02,18.42,0.57,71.24,35.51,88.85,
11/9/2016,1278,1275.45,1337.6,1269.38,0.19,18.48,18.34,19.01,18.25,0.72,50.19,22.24,64.92,
11/8/2016,1275.64,1281.66,1290.84,1273.04,-0.45,18.35,18.22,18.73,18.15,0.74,89.67,94.65,87.72,
11/7/2016,1281.41,1291.61,1295.9,1277.8,-1.75,18.21,18.16,18.29,17.96,-1.15,66.01,59.83,69.86,
11/4/2016,1304.25,1302.61,1307.11,1294.65,0.04,18.43,18.38,18.51,18.19,0.35,48.22,76.91,32.08,
11/3/2016,1303.75,1297.16,1306.9,1285.51,0.49,18.36,18.51,18.68,18,-0.65,62.05,28.55,79.38,
11/2/2016,1297.39,1287.9,1308.26,1287.5,0.72,18.48,18.4,18.78,18.35,0.65,77.04,92.16,51.25,
11/1/2016,1288.15,1277.17,1292.21,1275.55,0.84,18.36,17.92,18.53,17.86,2.51,89.67,52.59,114.04,
10/31/2016,1277.38,1278.01,1279.64,1270.89,0.08,17.91,17.85,17.96,17.75,0.79,63.81,92.54,38.59,
10/28/2016,1276.3,1268.39,1284.53,1262.42,0.63,17.77,17.64,17.95,17.55,0.79,82.21,57.85,96.51,
10/27/2016,1268.3,1267.15,1273.17,1265.4,0.1,17.63,17.63,17.77,17.55,0.06,99.09,65.86,109.87,
10/26/2016,1266.99,1273.3,1276.89,1264.58,-0.58,17.62,17.76,17.9,17.57,-1.13,96.95,53.7,134.37,
10/25/2016,1274.35,1265.67,1277.17,1262.4,0.78,17.82,17.65,17.86,17.51,1.26,71.3,76.55,72.97,
10/24/2016,1264.44,1266.21,1272.25,1260.75,-0.18,17.6,17.57,17.92,17.48,0.46,86.04,98.03,71.55,
10/21/2016,1266.75,1266.1,1268.43,1261.2,0.06,17.52,17.53,17.59,17.39,-0.19,78.98,83.37,69.54,
10/20/2016,1266,1269.55,1274.02,1264.55,-0.27,17.55,17.7,17.78,17.43,-0.74,115.55,134.4,96.09,
10/19/2016,1269.4,1262.63,1273.84,1260.24,0.52,17.68,17.65,17.81,17.56,0.28,112.2,170.44,88.85,
10/18/2016,1262.84,1256.6,1265.38,1254.9,0.57,17.63,17.46,17.75,17.45,0.92,114.42,102.66,142.72,
10/17/2016,1255.7,1250.25,1257.67,1250.25,0.41,17.47,17.46,17.54,17.36,0.32,128.76,128.36,126.53,
10/14/2016,1250.55,1258.79,1259.65,1247.51,-0.6,17.41,17.5,17.61,17.31,-0.46,93.18,139.34,77.48,
10/13/2016,1258.12,1256.14,1262.41,1253.53,0.22,17.5,17.49,17.72,17.42,0.03,112.54,117.07,105.79,
10/12/2016,1255.33,1253.45,1259.26,1250.31,0.17,17.49,17.47,17.65,17.36,0.03,101.61,162.08,92.94,
10/11/2016,1253.25,1259.06,1262.66,1252.6,-0.52,17.48,17.65,17.87,17.43,-0.96,85.38,102.14,66.26,
10/10/2016,1259.74,1257.47,1265.35,1256.59,0.22,17.65,17.61,17.83,17.56,0.61,90.02,131.62,69.86,
10/7/2016,1256.97,1255.34,1265.74,1241.68,0.18,17.55,17.34,17.69,17.11,1.3,25.32,42.07,21.05,
10/6/2016,1254.74,1267.73,1269.94,1250.2,-0.94,17.32,17.75,17.88,17.12,-2.37,92.69,97.27,89.25,
10/5/2016,1266.7,1269.41,1277.51,1262.12,-0.13,17.74,17.81,18.05,17.55,-0.4,119.91,119.54,132.95,
10/4/2016,1268.3,1312.18,1313.52,1266.81,-3.33,17.81,18.81,18.93,17.7,-5,147.35,174.1,145.21,
10/3/2016,1311.96,1318.24,1320.11,1309.58,-0.3,18.75,19.17,19.33,18.7,-2.24,64.84,70.51,78.42,
9/30/2016,1315.96,1320.56,1328.23,1312.83,-0.33,19.18,19.11,19.73,19.07,0.34,120.29,175.27,107.72,
9/29/2016,1320.27,1322.08,1326.02,1315.89,-0.09,19.12,19.2,19.41,18.99,-0.38,104.66,127.01,90.81,
9/28/2016,1321.41,1326.9,1327.74,1317.89,-0.45,19.19,19.12,19.22,18.9,0.19,115.89,96.28,120.46,
9/27/2016,1327.36,1337.77,1339.78,1324.81,-0.79,19.15,19.43,19.55,18.95,-1.54,83.86,104.51,69.73,
9/26/2016,1337.97,1337.07,1342.46,1332.56,0.03,19.45,19.71,19.78,19.37,-1.17,133.84,144.55,120.57,
9/23/2016,1337.61,1337.69,1341.06,1333.59,0.02,19.68,19.89,19.97,19.58,-1.01,100.25,112.98,108.73,
9/22/2016,1337.3,1335.12,1344.27,1331.56,0.03,19.88,19.87,20.1,19.7,0.18,95.46,114.2,79.38,
9/21/2016,1336.85,1315.1,1337.22,1308.6,1.65,19.85,19.32,19.92,19.04,2.82,162.74,230.28,148.42,
9/20/2016,1315.1,1312.8,1318.5,1312.31,0.13,19.3,19.17,19.33,19.09,0.73,183.11,243.39,175.33,
9/19/2016,1313.39,1310.77,1318.32,1309.27,0.23,19.16,18.81,19.32,18.77,1.97,255.73,391.3,148.36,
9/16/2016,1310.43,1313.91,1318.43,1306.62,-0.29,18.79,18.98,19.04,18.67,-0.97,51.03,37,54.01,
9/15/2016,1314.25,1322.72,1327.53,1309.7,-0.66,18.98,18.97,19.22,18.82,0.01,99.24,75.38,117.88,
9/14/2016,1322.97,1318.88,1326.26,1316.13,0.3,18.97,18.89,19.14,18.77,0.53,115.55,134.4,88.08,
9/13/2016,1319.05,1327.99,1332.64,1315.72,-0.65,18.87,19.1,19.3,18.78,-1.18,122.26,127.68,125.86,
9/12/2016,1327.63,1328.29,1330.68,1320.79,-0.04,19.1,19.1,19.22,18.73,0.24,137.55,137.12,123.91,
9/9/2016,1328.15,1338.41,1340.03,1327.7,-0.76,19.06,19.61,19.67,19,-2.88,116.91,106.84,105.32,
9/8/2016,1338.35,1345.11,1349.78,1335.54,-0.51,19.62,19.81,19.96,19.54,-0.86,60.41,60.23,58.61,
9/7/2016,1345.24,1348.67,1353.01,1342.74,-0.34,19.79,20.04,20.16,19.72,-1.3,91.87,101.77,84.88,
9/6/2016,1349.88,1325.37,1352.16,1324.77,1.72,20.05,19.53,20.15,19.45,2.74,91.34,60.71,111.4,
9/5/2016,1327.08,1324.42,1329.32,1322.31,0.16,19.52,19.42,19.59,19.29,0.38,52.7,75.05,25.04,
9/2/2016,1325.01,1314.13,1329.09,1309.51,0.85,19.44,18.9,19.47,18.74,2.94,77.37,67.49,80.42,
9/1/2016,1313.79,1309.12,1315.38,1302.23,0.37,18.89,18.67,18.98,18.6,1.23,72.01,110.45,46.06,
8/31/2016,1308.95,1311.25,1316.54,1305.41,-0.17,18.66,18.64,18.91,18.54,0.23,86.18,128.87,53.75,
8/30/2016,1311.15,1323.2,1325.7,1309.15,-0.93,18.61,18.9,19,18.58,-1.41,79.75,97.85,51.01,
8/29/2016,1323.41,1320.47,1325.43,1315.1,0.16,18.88,18.68,18.93,18.4,1.23,151.2,219.24,91.44,
8/26/2016,1321.33,1321.89,1341.54,1318.89,-0.03,18.65,18.53,19.1,18.52,0.58,80.3,80.06,66.78,
8/25/2016,1321.7,1323.75,1327.5,1317.96,-0.15,18.54,18.57,18.71,18.51,-0.04,176.97,264.63,110.36,
8/24/2016,1323.75,1337.88,1340.52,1323.7,-1.07,18.55,18.88,19.03,18.55,-1.49,139.23,185.07,96.48,
8/23/2016,1338.1,1339.34,1345.45,1335.65,-0.07,18.83,18.94,19.17,18.83,-0.44,89.98,123.35,65.47,
8/22/2016,1339.02,1340.83,1341.65,1332.1,-0.21,18.91,19.01,19.15,18.82,-2.08,84.6,90.83,64.94,
8/19/2016,1341.78,1352.91,1353.44,1337.93,-0.78,19.32,19.8,19.81,19.26,-2.22,78.4,117.24,32.6,
8/18/2016,1352.34,1349.05,1356.6,1345.84,0.27,19.75,19.69,19.95,19.61,0.22,118.66,78.86,139.78,
8/17/2016,1348.66,1345.7,1352.07,1337.7,0.19,19.71,19.8,19.94,19.4,-0.43,61.16,91.45,50.85,
8/16/2016,1346.08,1339.69,1358.38,1339.47,0.5,19.8,19.83,20.13,19.72,-0.13,95.12,122.72,74.45,
8/15/2016,1339.36,1338.08,1344.21,1335.95,0.24,19.82,19.78,20.07,19.72,0.48,97.81,117.01,75.91,
8/12/2016,1336.19,1338.7,1356.28,1333.98,-0.2,19.73,19.97,20.25,19.66,-1.2,112.61,112.26,124.85,
8/11/2016,1338.87,1347.26,1353.78,1335.93,-0.58,19.97,20.11,20.35,19.93,-0.67,97.58,81.92,136.66,
8/10/2016,1346.67,1340.95,1357.57,1340.3,0.44,20.1,19.93,20.53,19.9,1.2,116.23,147.47,105.44,
8/9/2016,1340.75,1334.85,1343.24,1330.47,0.4,19.86,19.72,19.9,19.58,0.62,114.04,140.76,108.37,
8/8/2016,1335.38,1335.18,1338.53,1329.84,-0.03,19.74,19.6,19.89,19.59,0.17,116.03,150.37,96.48,
8/5/2016,1335.8,1360.72,1365.51,1334.87,-1.87,19.71,20.37,20.48,19.7,-3.07,93.31,120.93,93.11,
8/4/2016,1361.2,1358.41,1365.45,1348.9,0.24,20.33,20.42,20.55,20.06,-0.37,154.44,116.8,203.71,
8/3/2016,1357.9,1363.65,1366.85,1354.16,-0.42,20.41,20.68,20.77,20.39,-1.08,118.51,168.78,75.08,
8/2/2016,1363.68,1353.47,1367.81,1347.06,0.77,20.63,20.46,20.8,20.32,0.89,126.3,148.81,95.48,
8/1/2016,1353.21,1349.88,1355.22,1346.24,0.17,20.45,20.35,20.69,20.33,0.54,98.59,157.26,54.65,
7/29/2016,1350.91,1335.75,1355.42,1330,1.13,20.34,20.18,20.43,19.97,0.81,107.76,140.13,85.71,
7/28/2016,1335.79,1339.38,1345.53,1332.23,-0.3,20.17,20.35,20.54,20.11,-0.91,90.89,140.95,50.39,
7/27/2016,1339.86,1320.04,1342.62,1315.74,1.48,20.36,19.64,20.43,19.5,3.66,99.43,177.38,26.11,
7/26/2016,1320.32,1315.59,1325.08,1313.83,0.36,19.64,19.58,19.76,19.42,0.45,81.79,112.12,76.51,
7/25/2016,1315.56,1322.59,1324.12,1312.43,-0.52,19.55,19.66,19.73,19.3,-0.4,100.57,137.86,73.17,
7/22/2016,1322.38,1330.94,1334.22,1319.58,-0.65,19.63,19.76,19.97,19.56,-0.81,150.14,149.68,140.46,
7/21/2016,1331.09,1316.31,1334.38,1310.95,1.15,19.79,19.42,19.91,19.24,1.95,146.57,146.12,154.38,
7/20/2016,1315.95,1331.81,1336.34,1312.49,-1.21,19.41,19.91,19.99,19.32,-2.51,104.29,128.73,82.59,
7/19/2016,1332.13,1328.51,1335.29,1325.61,0.25,19.91,20.05,20.08,19.81,-0.66,190.25,167.35,214.03,
7/18/2016,1328.79,1332.81,1335.7,1323.84,-0.68,20.04,20.17,20.25,19.71,-0.91,158.04,201.67,126.16,
7/15/2016,1337.85,1336.31,1338.9,1322.55,0.21,20.23,20.35,20.37,19.99,-0.5,91.61,134.59,64.15,
7/14/2016,1335.1,1344.01,1347.1,1320.22,-0.58,20.33,20.41,20.57,20.01,-0.13,109.42,148.76,82.72,
7/13/2016,1342.85,1332.4,1345.6,1327.7,0.84,20.36,20.17,20.49,19.88,0.97,57.69,57.52,47.97,
7/12/2016,1331.65,1355.16,1358.2,1330.15,-1.74,20.16,20.32,20.57,19.98,-0.63,114.82,114.47,143.22,
7/11/2016,1355.25,1368.71,1375.11,1351.2,-0.85,20.29,20.36,20.7,20.12,0.01,90.25,84.68,97.11,
7/8/2016,1366.8,1359.21,1369.09,1336.08,0.46,20.29,19.68,20.35,19.22,3.03,131.03,146.95,136.19,
7/7/2016,1360.6,1363.56,1370.26,1350.8,-0.24,19.69,20.09,20.29,19.47,-2.02,141.48,175.09,121.7,
7/6/2016,1363.89,1356.74,1375.3,1356.23,0.57,20.1,19.99,20.53,19.86,0.77,107.65,126.83,105.79,
7/5/2016,1356.14,1351.15,1357.71,1338.43,0.4,19.94,20.3,20.49,19.55,-1.96,98.28,92.21,96.14,
7/4/2016,1350.78,1342.58,1357.97,1338.34,0.63,20.34,19.78,21.14,19.69,2.94,42.83,56.94,47.49,
7/1/2016,1342.3,1323.38,1344.6,1320.88,1.52,19.76,18.8,19.92,18.7,5.59,112.06,151.94,74.55,
6/30/2016,1322.18,1317.71,1324.11,1312.95,0.25,18.71,18.3,18.83,18.19,2.28,134.23,172.05,103.64,
6/29/2016,1318.89,1312.39,1328.23,1311.29,0.49,18.3,17.79,18.47,17.76,2.94,151.01,174.83,145.83,
6/28/2016,1312.51,1324.45,1326.39,1305.62,-0.93,17.77,17.74,17.87,17.53,0.19,96.44,50.16,118.55,
6/27/2016,1324.8,1326.26,1335.7,1317.85,0.67,17.74,17.83,17.94,17.63,0.03,109.87,76.67,118.77,
6/24/2016,1315.98,1253.86,1358.7,1251.66,4.8,17.74,17.16,18.36,17.16,2.57,67.6,70.94,76.92,
6/23/2016,1255.65,1264.31,1271.65,1255.46,-0.84,17.29,17.22,17.49,17.19,0.18,106.86,63.92,133.28,
6/22/2016,1266.31,1268.45,1271,1261.41,-0.17,17.26,17.31,17.35,17.1,-0.13,104.51,108.72,113.35,
6/21/2016,1268.44,1288.68,1294.38,1264.48,-1.68,17.28,17.51,17.59,17.18,-1.22,116.32,100.84,109.34,
6/20/2016,1290.15,1285.8,1292.36,1277.74,-0.65,17.5,17.4,17.65,17.28,0.02,90.83,85.22,97.74,
6/17/2016,1298.6,1279.35,1299.88,1277.19,1.52,17.49,17.2,17.54,17.18,1.91,99.29,125.98,67.55,
6/16/2016,1279.14,1293.51,1316.11,1278.77,-0.96,17.17,17.56,17.89,17.1,-2.03,78.98,111.16,54.09,
6/15/2016,1291.49,1285.14,1297.09,1278.43,0.44,17.52,17.4,17.62,17.34,0.74,129.71,129.31,141.04,
6/14/2016,1285.85,1283.39,1290.18,1276.38,0.14,17.39,17.44,17.5,17.2,-0.32,108.36,195.47,34.32,
6/13/2016,1284.05,1274.05,1287.4,1272.7,0.77,17.45,17.34,17.47,17.11,0.64,93.31,134.37,43.11,
6/10/2016,1274.2,1269.41,1278.1,1264.47,0.4,17.34,17.29,17.4,17.14,0.18,62.17,44.27,88.62,
6/9/2016,1269.15,1262.55,1272.06,1257.56,0.56,17.31,17.05,17.35,16.93,1.57,61.34,75.27,47.09,
6/8/2016,1262.14,1244.64,1264.19,1243.09,1.47,17.04,16.41,17.11,16.38,3.95,76.72,71.99,82.56,
6/7/2016,1243.85,1245.56,1246.66,1234.9,-0.11,16.39,16.47,16.5,16.18,-0.55,79.22,78.98,74.11,
6/6/2016,1245.24,1242.79,1248.79,1239.93,0.06,16.48,16.39,16.55,16.33,0.43,101.41,134.79,93.69,
6/3/2016,1244.49,1211.16,1244.91,1207.01,2.77,16.41,15.99,16.46,15.93,2.63,144.2,151.74,139.89,
6/2/2016,1210.95,1213.62,1218.05,1209.99,-0.2,15.99,15.96,16.06,15.89,0.19,94.64,141.53,47.22,
6/1/2016,1213.35,1216.4,1221.25,1206.5,-0.16,15.96,16,16.1,15.77,-0.19,100.84,140.74,75.47,
5/31/2016,1215.24,1206.45,1218.86,1206.2,0.8,15.99,16.01,16.17,15.93,-0.06,141.11,126.61,146.67,
5/30/2016,1205.58,1213.38,1213.83,1199.97,-0.56,16,16.22,16.24,15.86,-1.42,108.73,57.81,144.66,
5/27/2016,1212.4,1219.86,1223.7,1206.7,-0.64,16.23,16.3,16.37,16.09,-0.55,81.85,48,104.09,
5/26/2016,1220.15,1223.4,1234.01,1218.55,-0.33,16.32,16.26,16.59,16.19,0.18,68.92,82.44,61.13,
5/25/2016,1224.18,1227,1230.21,1217.65,-0.23,16.29,16.2,16.38,16.14,0.43,75.74,70.48,100.77,
5/24/2016,1227,1249.21,1251.26,1226.53,-1.78,16.22,16.37,16.45,16.17,-0.98,86.68,97.68,106.55,
5/23/2016,1249.24,1251.41,1256.36,1243.39,-0.24,16.38,16.48,16.58,16.27,-0.91,121.71,158.26,79.2,
5/20/2016,1252.3,1255.24,1259.98,1248.7,-0.22,16.53,16.48,16.67,16.39,0.24,115.9,164,68.4,
5/19/2016,1255.1,1258.6,1261.92,1245,-0.25,16.49,16.85,16.93,16.29,-2.25,73.92,82.9,84.52,
5/18/2016,1258.3,1279.71,1281.51,1255.05,-1.7,16.87,17.23,17.31,16.75,-2.2,92.4,73.69,107.57,
5/17/2016,1280,1274.06,1282.5,1269.5,0.48,17.25,17.13,17.36,17.02,0.64,88.4,51.84,121.08,
5/16/2016,1273.86,1272.51,1288.6,1271.33,0.02,17.14,17.06,17.41,17.04,0.18,66.87,51.28,76.99,
5/13/2016,1273.6,1263.61,1276.6,1263.51,0.8,17.11,16.97,17.2,16.83,0.77,88.22,79.15,88.03,
5/12/2016,1263.49,1277.8,1280.99,1263.49,-1.11,16.98,17.4,17.47,16.95,-2.47,101.36,119.42,91.94,
5/11/2016,1277.69,1265.73,1279.18,1264.79,0.89,17.41,17.11,17.6,17.07,1.69,113.59,124.2,109.69,
5/10/2016,1266.4,1264.11,1269.5,1257.65,0.2,17.12,17.01,17.18,16.88,0.53,72.8,51.84,112.43,
5/9/2016,1263.85,1284.93,1287.98,1261.09,-1.93,17.03,17.39,17.5,16.9,-2.52,100.38,84.27,96.65,
5/6/2016,1288.7,1278.5,1296.1,1274.4,0.83,17.47,17.33,17.62,17.19,0.75,79.37,91.62,55.58,
5/5/2016,1278.05,1279.85,1286.38,1269.24,-0.11,17.34,17.37,17.65,17.22,-0.17,103.83,69,115.11,
5/4/2016,1279.49,1285.99,1289.68,1271.64,-0.51,17.37,17.41,17.48,17.14,-0.34,104.37,171.9,45.28,
5/3/2016,1286,1291.76,1302.4,1282.46,-0.43,17.43,17.54,17.73,17.3,-0.63,71.13,131.69,33.8,
5/2/2016,1291.6,1293.69,1303.98,1287.48,-0.17,17.54,17.86,18.01,17.44,-1.68,99.32,58.24,116.59,
4/29/2016,1293.74,1266.27,1296.49,1265.14,2.15,17.84,17.57,17.98,17.54,1.59,77.54,60.12,85.97,
4/28/2016,1266.48,1245.66,1270.1,1238.05,1.64,17.56,17.23,17.67,17.12,1.86,105.86,79.15,146.71,
4/27/2016,1246.1,1242.6,1251.3,1240.66,0.21,17.24,17.16,17.43,17.03,0.41,74.16,88.72,65.78,
4/26/2016,1243.44,1238.57,1245.15,1231.95,0.45,17.17,16.98,17.18,16.8,1,80.3,100.07,66.78,
4/25/2016,1237.9,1232.1,1242.3,1230.1,0.45,17,16.93,17.12,16.77,0.24,80.27,106.7,62.3,
4/22/2016,1232.3,1247.44,1252.98,1227.35,-1.33,16.96,16.99,17.36,16.82,-0.24,76.72,89.98,75.05,
4/21/2016,1248.85,1243.49,1270.48,1242.88,0.39,17,16.94,17.7,16.72,0.24,93.31,120.93,100.87,
4/20/2016,1244.05,1251,1258.75,1242.6,-0.52,16.96,16.94,17.26,16.81,0.12,93.18,102.18,77.48,
4/19/2016,1250.5,1232.46,1257.2,1227.7,1.54,16.94,16.23,17.08,16.14,4.37,90.25,84.68,105.94,
4/18/2016,1231.55,1234.1,1242,1230.16,-0.2,16.23,16.25,16.33,16.09,-0.06,52.3,57.94,48.32,
4/15/2016,1234.05,1227.55,1236.29,1225.29,0.54,16.24,16.16,16.4,16.07,0.5,86.41,65.64,116.34,
4/14/2016,1227.39,1242.05,1244.38,1223.79,-1.27,16.16,16.2,16.27,15.88,-0.37,96.78,61.4,124.37,
4/13/2016,1243.14,1255.88,1257.18,1240.24,-1.02,16.22,16.18,16.34,15.97,0.19,97.7,64.93,116.06,
4/12/2016,1255.94,1259.05,1262.98,1251.29,-0.16,16.19,15.93,16.24,15.77,1.63,79.82,89.52,74.67,
4/11/2016,1257.95,1239.79,1259.1,1239.79,1.42,15.93,15.37,15.99,15.34,3.71,95.74,122.17,70.06,
4/8/2016,1240.39,1240.18,1243.18,1229.62,-0.02,15.36,15.22,15.41,15.09,0.79,46.48,50.55,35.13,
4/7/2016,1240.69,1223.16,1243.9,1222.7,1.5,15.24,15.06,15.39,15.02,1.13,93.88,71.31,104.08,
4/6/2016,1222.35,1231.86,1232.41,1217.2,-0.71,15.07,15.13,15.21,14.89,-0.46,101.51,117.18,79.97,
4/5/2016,1231.14,1215.31,1237.05,1214.9,1.3,15.14,14.93,15.23,14.88,1.68,89.26,128.54,57.73,
4/4/2016,1215.4,1220.35,1223.35,1214.7,-0.58,14.89,15.01,15.13,14.86,-1.06,113.14,100.26,114.99,
4/1/2016,1222.49,1232.68,1235.36,1208.84,-0.83,15.05,15.43,15.49,14.75,-2.53,156.7,182.26,152.02,
3/31/2016,1232.7,1226.06,1240.05,1224.81,0.64,15.44,15.21,15.55,15.16,1.45,131.28,130.87,145.55,
3/30/2016,1224.85,1241.3,1243.3,1223.33,-1.42,15.22,15.36,15.46,15.16,-0.91,140.48,135.53,158.26,
3/29/2016,1242.55,1221.4,1243.65,1215.65,1.76,15.36,15.22,15.38,15.03,0.79,168.96,285.83,76.63,
3/28/2016,1221.05,1214.51,1222.96,1208.55,0.38,15.24,15.18,15.38,15.11,0.46,157.19,243.76,96.82,
3/25/2016,1216.47,1216.47,1216.47,1216.47,-0.04,15.17,15.14,15.17,15.14,-0.13,186.76,195.99,179.82,
3/24/2016,1216.99,1221.2,1224.4,1213.01,-0.26,15.19,15.19,15.35,15.13,-0.39,141.85,241.23,90.2,
3/23/2016,1220.17,1248.18,1249.47,1215.47,-2.26,15.25,15.87,15.94,15.19,-3.97,245.38,366.93,188.34,
3/22/2016,1248.38,1244.22,1259.97,1242.47,0.37,15.88,15.83,16.03,15.74,0.25,76.37,104.69,55.57,
3/21/2016,1243.74,1254.7,1256.12,1240.76,-0.92,15.84,15.82,15.91,15.67,0.25,112.46,132.5,110.52,
3/18/2016,1255.3,1258.16,1267.22,1248.3,-0.21,15.8,15.93,16.16,15.7,-0.69,104.47,121.51,94.11,
3/17/2016,1257.9,1261.7,1271.65,1254.65,-0.41,15.91,15.62,16.07,15.52,1.86,79.67,75.24,69.73,
3/16/2016,1263.08,1232.84,1264.38,1227.24,2.49,15.62,15.26,15.67,15.16,2.23,100.38,104.84,95.39,
3/15/2016,1232.38,1234.68,1237.58,1226.08,-0.23,15.28,15.36,15.42,15.16,-0.39,132.5,121.09,119.36,
3/14/2016,1235.28,1250.98,1261.09,1229.28,-1.05,15.34,15.48,15.84,15.26,-0.84,134.75,212.7,65.36,
3/11/2016,1248.44,1271.44,1282.89,1248.44,-1.81,15.47,15.59,15.73,15.43,-0.77,58.51,62.82,52.4,
3/10/2016,1271.44,1252.89,1273.79,1237.44,1.48,15.59,15.29,15.64,15.13,1.96,99.95,56.94,126.64,
3/9/2016,1252.94,1261.3,1264.99,1243.87,-0.65,15.29,15.3,15.44,15.18,-0.26,91.76,73.18,99.19,
3/8/2016,1261.1,1267.49,1278.19,1260.04,-0.5,15.33,15.64,15.75,15.3,-2.04,103.06,136.99,65.29,
3/7/2016,1267.39,1259.48,1273.29,1256.68,0.63,15.65,15.52,15.8,15.44,0.84,67.18,20.61,103.13,
3/4/2016,1259.44,1263.89,1279.98,1250.29,-0.34,15.52,15.24,15.82,15.1,1.84,72.01,44.87,82.34,
3/3/2016,1263.69,1240.3,1267.44,1237.34,1.89,15.24,14.96,15.32,14.81,1.94,131.78,117.78,136.02,
3/2/2016,1240.3,1232.35,1244.29,1224.48,0.65,14.95,14.84,15.04,14.71,0.74,81.85,57.6,112.1,
3/1/2016,1232.26,1238.19,1249,1227.44,-0.47,14.84,14.87,15.07,14.69,-0.34,123.24,108.11,139.36,
2/29/2016,1238.14,1222.73,1241.29,1217.98,1.27,14.89,14.66,14.93,14.57,1.22,59.73,75.79,36.12,
2/26/2016,1222.6,1234.44,1240.05,1211.59,-0.98,14.71,15.14,15.25,14.64,-2.97,88.87,96.65,87.34,
2/25/2016,1234.64,1229.44,1243.09,1221.18,0.43,15.16,15.24,15.34,15,-0.59,57.19,61.4,51.21,
2/24/2016,1229.35,1227.39,1253.3,1221.93,0.15,15.25,15.3,15.58,15.15,-0.39,115.61,110.25,117.04,
2/23/2016,1227.46,1208.76,1227.56,1207.2,1.55,15.31,15.18,15.33,15.13,0.79,150.36,187.37,117.21,
2/22/2016,1208.74,1226.14,1226.35,1202.02,-1.58,15.19,15.34,15.37,14.9,-1.11,104.66,156.51,52.22,
2/19/2016,1228.19,1233.12,1234.79,1219.79,-0.34,15.36,15.41,15.5,15.24,-0.32,161.59,228.92,148.51,
2/18/2016,1232.35,1209.16,1239.9,1200.75,1.92,15.41,15.27,15.55,15.17,0.78,118.96,136.84,114.14,
2/17/2016,1209.14,1200.19,1213.88,1195.79,0.73,15.29,15.22,15.39,15.13,0.39,134.09,138.63,132.15,
2/16/2016,1200.35,1209.32,1217.18,1190.79,-0.79,15.23,15.34,15.43,15.11,-0.65,128.85,149.86,98.22,
2/15/2016,1209.95,1232.81,1234.82,1202.3,-2.27,15.33,15.74,15.74,15.18,-2.54,81.19,86.34,63.01,
2/12/2016,1238.05,1246.94,1249.05,1232.23,-0.71,15.73,15.49,15.82,15.59,-0.13,106.14,158.73,58.84,
2/11/2016,1246.89,1197.44,1260.98,1196.21,4.13,15.75,15.28,15.96,15.24,3.08,118.48,141.73,94.58,
2/10/2016,1197.49,1188.95,1197.74,1181.29,0.73,15.28,15.23,15.3,15.06,0.26,99.33,79.22,140.41,
2/9/2016,1188.85,1191.14,1199.29,1185.48,-0.19,15.24,15.3,15.45,15.17,-0.59,77.6,58.02,80.66,
2/8/2016,1191.14,1170.89,1200.98,1164.09,1.49,15.33,14.99,15.48,14.85,2.2,139.53,82.43,171.89,
2/5/2016,1173.69,1155.74,1174.9,1145.36,1.55,15,14.87,15.08,14.63,0.81,109.38,135,77.96,
2/4/2016,1155.74,1142.95,1157.59,1139.43,1.12,14.88,14.68,14.91,14.61,1.36,96.65,122.63,80.37,
2/3/2016,1142.93,1129.16,1146,1124.35,1.22,14.68,14.3,14.8,14.22,2.59,104.03,87.34,109.27,
2/2/2016,1129.12,1128.82,1130.7,1122.44,0.02,14.31,14.31,14.42,14.2,-0.21,103.52,103.2,86.08,
2/1/2016,1128.85,1117.88,1130.09,1116.24,0.97,14.34,14.24,14.44,14.18,0.56,132.71,101.77,161.28,
1/29/2016,1118.04,1115.16,1118.5,1108.9,0.26,14.26,14.25,14.31,14.14,0.07,83.25,69.89,87.44,
1/28/2016,1115.14,1125.57,1126.01,1111.96,-0.93,14.25,14.48,14.54,14.12,-1.59,76.84,59.58,92.29,
1/27/2016,1125.59,1120.36,1128.2,1114.9,0.45,14.48,14.5,14.57,14.33,-0.14,93.97,81.97,97.68,
1/26/2016,1120.57,1108.02,1123.3,1107.17,1.13,14.5,14.24,14.56,14.15,1.83,72.01,92.3,59.88,
1/25/2016,1108.05,1097.85,1109.05,1097.35,0.89,14.24,14.05,14.3,14,1.5,82.81,30.96,120.51,
1/22/2016,1098.3,1101.6,1102.98,1093.98,-0.3,14.03,14.08,14.36,14.01,-0.43,110.86,97.26,118,
1/21/2016,1101.6,1101.04,1104.98,1092.54,0.05,14.09,14.15,14.22,13.85,-0.49,87.87,131.39,65.76,
1/20/2016,1101.02,1087.1,1109.6,1086.73,1.28,14.16,14.02,14.21,13.97,1,194.34,228.96,198.32,
1/19/2016,1087.12,1088.84,1094.7,1082.95,-0.16,14.02,13.94,14.19,13.86,0.43,154.42,99.32,182.25,
1/18/2016,1088.9,1089.51,1093.26,1087.25,-0.02,13.96,13.91,14.02,13.81,0.22,147.98,102.14,170.38,
1/15/2016,1089.1,1077.94,1097.59,1076.18,1.03,13.93,13.85,14.14,13.73,0.58,112.73,129.67,86.53,
1/14/2016,1078,1093.52,1095.36,1071.4,-1.42,13.85,14.13,14.2,13.71,-2.05,125.48,141.77,118.25,
1/13/2016,1093.49,1087.29,1095.68,1079.64,0.59,14.14,13.79,14.22,13.74,2.46,139.33,80.65,179.4,
1/12/2016,1087.05,1094.3,1099.54,1083.61,-0.66,13.8,13.85,13.93,13.72,-0.43,106.39,67.49,144.76,
1/11/2016,1094.26,1104.19,1108.51,1093.91,-0.9,13.86,13.96,14.08,13.81,-0.65,95.25,52.75,114.4,
1/8/2016,1104.24,1109.45,1112.4,1093.93,-0.45,13.95,14.3,14.34,13.86,-2.52,181.01,162.41,203.2,
1/7/2016,1109.25,1094.45,1110.2,1091.09,1.35,14.31,14,14.39,13.9,2.14,205.2,116.9,264.66,
1/6/2016,1094.45,1077.55,1095.45,1074.7,1.56,14.01,13.95,14.15,13.88,0.21,161.47,175.61,138.34,
1/5/2016,1077.66,1074.66,1082.3,1072.7,0.28,13.98,13.85,14.09,13.79,0.72,205.16,129.7,266.3,
1/4/2016,1074.7,1065.36,1083.7,1061.9,1.32,13.88,13.82,14.22,13.79,0.51,133.57,138.49,133.28,
1/1/2016,1060.74,1061.21,1061.41,1060.74,-0.05,13.81,13.85,13.87,13.79,-0.29,208.84,315.88,155.69,
12/31/2015,1061.3,1061.38,1063.68,1058.38,-0.01,13.85,13.85,14,13.74,-0.22,70.11,69.89,68.01,
12/30/2015,1061.45,1069.38,1072.85,1059.55,-0.71,13.88,13.95,14.02,13.73,-0.57,141.56,203.22,84.75,
12/29/2015,1068.99,1069.2,1075.79,1067.29,-0.01,13.96,13.95,14.08,13.88,0.14,109.35,128.25,106.97,
12/28/2015,1069.05,1076,1077.15,1066.3,-0.63,13.94,14.33,14.44,13.81,-2.99,147.82,160.76,156.44,
12/25/2015,1075.88,1075.88,1075.88,1075.88,0,14.37,14.36,14.4,14.34,-0.07,160.93,240.66,111.52,
12/24/2015,1075.88,1070.9,1077.85,1070.05,0.52,14.38,14.3,14.45,14.23,0.49,111.12,137.16,96.8,
12/23/2015,1070.35,1072.21,1075.75,1068.25,-0.19,14.31,14.26,14.37,14.17,0.35,73.74,90.48,47.17,
12/22/2015,1072.36,1078.41,1081,1071.85,-0.56,14.26,14.26,14.4,14.17,-0.07,143.28,194.26,95.31,
12/21/2015,1078.44,1065.94,1081.88,1063.88,1.15,14.27,14.1,14.33,14.02,1.28,165.02,207.16,132.13,
12/18/2015,1066.19,1051.72,1070.79,1051.05,1.37,14.09,13.71,14.23,13.67,2.77,134.48,196.62,104.37,
12/17/2015,1051.74,1072.85,1073.09,1047.64,-1.98,13.71,14.17,14.21,13.63,-3.31,162.98,194.97,196.51,
12/16/2015,1072.94,1060.73,1078.59,1060.64,1.15,14.18,13.75,14.31,13.74,2.98,170.6,179.53,173.39,
12/15/2015,1060.74,1062.89,1068.89,1059.59,-0.2,13.77,13.7,13.85,13.63,0.44,142.26,212.73,101.39,
12/14/2015,1062.9,1073.69,1077.7,1062.77,-1.12,13.71,13.91,13.99,13.6,-1.58,119.42,175.99,86.35,
12/11/2015,1074.89,1071.6,1079.98,1062.38,0.31,13.93,14.12,14.17,13.76,-1.35,150,207.7,110.87,
12/10/2015,1071.54,1073.21,1076.46,1069.7,-0.16,14.12,14.14,14.24,14.06,-0.28,147.41,236.76,68.1,
12/9/2015,1073.21,1074.74,1085.6,1069.59,-0.14,14.16,14.14,14.38,14.09,0,199.5,240.51,162.03,
12/8/2015,1074.69,1070.49,1078.85,1067.63,0.4,14.16,14.24,14.34,14.05,-0.56,197.98,298.47,136.52,
12/7/2015,1070.39,1086.01,1087,1070.06,-1.53,14.24,14.58,14.66,14.2,-2.13,197.37,308.43,168.55,
12/4/2015,1086.99,1062.39,1089.09,1058.14,2.3,14.55,14.08,14.62,14.01,3.12,156.33,210.61,126.48,
12/3/2015,1062.57,1053.71,1065.8,1046.25,0.84,14.11,14.02,14.17,13.79,0.64,157.92,222.72,121.71,
12/2/2015,1053.69,1069.49,1071.55,1050.63,-1.48,14.02,14.2,14.23,13.89,-1.27,192.7,265.29,129.71,
12/1/2015,1069.49,1064.55,1074.72,1063.38,0.48,14.2,14.09,14.25,14.03,0.78,170.5,223.4,121.52,
11/30/2015,1064.42,1057.8,1068.9,1053.1,0.53,14.09,14.04,14.2,13.95,-0.07,100.23,109.91,100.01,
11/27/2015,1058.81,1071.59,1073.9,1052.86,-1.25,14.1,14.27,14.35,13.92,-1.26,237.59,300.63,212.76,
11/26/2015,1072.25,1071.91,1075.46,1070.35,0.08,14.28,14.17,14.41,14.1,0.71,172.98,206.94,165.41,
11/25/2015,1071.39,1075.55,1080.85,1067.75,-0.38,14.18,14.18,14.31,14,-0.21,247.62,394.97,155.57,
11/24/2015,1075.49,1069.24,1080.89,1068.99,0.58,14.21,14.12,14.31,14.01,0.5,246.84,334.67,238.09,
11/23/2015,1069.34,1077.01,1077.01,1067,-0.81,14.14,14.14,14.22,13.86,-0.42,170.01,236.25,128.51,
11/20/2015,1078.1,1082.3,1087.8,1075.68,-0.4,14.2,14.23,14.44,14.04,-0.42,212.19,329.06,130.7,
11/19/2015,1082.4,1071.15,1086.5,1069.75,1.05,14.26,14.17,14.43,14.08,0.49,242.89,384.09,153.22,
11/18/2015,1071.14,1070.3,1073.18,1065.34,0.07,14.19,14.17,14.28,13.99,-0.07,309.5,520.67,168.89,
11/17/2015,1070.37,1082.86,1084.82,1065.59,-1.15,14.2,14.23,14.32,14.08,-0.35,354.05,551.2,266.17, Paris Terrorist Attacks
11/16/2015,1082.85,1088.14,1098.29,1081.32,-0.07,14.25,14.34,14.47,14.17,-0.07,291.99,401.5,251.17,
11/13/2015,1083.64,1085.05,1088.29,1080.04,-0.13,14.26,14.29,14.39,14.15,-0.28,61.57,73.66,40.96,
11/12/2015,1085.05,1086.26,1089.6,1074.66,-0.1,14.3,14.29,14.51,14.17,-0.07,44.12,43.98,42.8,
11/11/2015,1086.14,1089.85,1093.69,1084.04,-0.35,14.31,14.4,14.55,14.22,-0.83,51.98,75.38,31.44,
11/10/2015,1089.91,1092.01,1094.9,1085.45,-0.2,14.43,14.55,14.61,14.27,-0.89,85.3,103.94,63.05,
11/9/2015,1092.1,1089.94,1095.88,1088.34,0.32,14.56,14.73,14.81,14.39,-1.36,87.31,61.44,93.95,
11/6/2015,1088.64,1103.89,1110.68,1085.29,-1.39,14.76,14.95,15.09,14.65,-1.47,89.18,110.08,84.75,
11/5/2015,1103.95,1107.56,1111.61,1102.75,-0.32,14.98,15.04,15.12,14.9,-0.53,60.45,72.31,40.21,
11/4/2015,1107.44,1117.63,1122.85,1106.38,-0.91,15.06,15.26,15.36,15.03,-1.5,96.48,146.57,53.49,
11/3/2015,1117.6,1133.6,1138.3,1114.48,-1.42,15.29,15.41,15.48,15.19,-0.84,53.27,48.28,48.32,
11/2/2015,1133.75,1141.49,1143.01,1132.75,-0.76,15.42,15.52,15.58,15.22,-0.77,109.92,149.43,74.78,
10/30/2015,1142.38,1148.04,1150.47,1139.48,-0.31,15.54,15.59,15.69,15.45,-0.32,91.51,91.23,76.09,
10/29/2015,1145.91,1156.09,1162.76,1144.6,-0.88,15.59,15.9,16.03,15.51,-2.2,62.65,54.65,71.63,
10/28/2015,1156.1,1166.75,1182.9,1152.4,-0.93,15.94,15.85,16.38,15.7,0.38,68.04,110.22,35.36,
10/27/2015,1166.95,1162.96,1168.9,1160.91,0.32,15.88,15.83,15.99,15.74,0.13,49.44,39.43,57.56,
10/26/2015,1163.2,1164.45,1169.6,1162.3,-0.09,15.86,15.8,15.99,15.74,0.19,83.86,83.6,87.17,
10/23/2015,1164.26,1165.61,1179.8,1159.16,-0.15,15.83,15.81,16.1,15.68,-0.06,79.14,90.17,75.21,
10/22/2015,1166.05,1167.06,1172.2,1162.9,-0.09,15.84,15.69,15.94,15.61,0.83,68.85,61.01,63.61,
10/21/2015,1167.1,1175.81,1179.6,1163.9,-0.77,15.71,15.88,15.97,15.59,-1.26,69.37,77.8,50.48,
10/20/2015,1176.11,1171,1180.7,1167.15,0.48,15.91,15.83,16.01,15.7,0.38,70.16,99.92,41.67,
10/19/2015,1170.45,1176,1177.9,1168.25,-0.57,15.85,16,16.06,15.71,-1.31,85.07,74.21,97.27,
10/16/2015,1177.2,1182.21,1184.5,1174.25,-0.5,16.06,16.09,16.16,15.89,-0.31,90.19,81.74,81.82,
10/15/2015,1183.11,1184.1,1191.04,1176.37,-0.18,16.11,16.1,16.22,15.89,-0.25,84.32,56.04,113.52,
10/14/2015,1185.19,1168.59,1190.38,1164.05,1.4,16.15,15.9,16.21,15.75,1.38,105.44,122.63,94.98,
10/13/2015,1168.8,1163.55,1169,1151.56,0.41,15.93,15.82,16.02,15.6,0.57,80.69,89.37,67.09,
10/12/2015,1164,1155.71,1169.4,1154.9,0.56,15.84,15.78,16.08,15.75,0,79.32,93.02,62.07,
10/9/2015,1157.53,1139.1,1160.2,1138.8,1.63,15.84,15.68,16.04,15.56,0.89,88.39,137.92,51.13,
10/8/2015,1138.96,1145.49,1151.6,1136.9,-0.56,15.7,16.03,16.11,15.36,-2.48,70.64,81.54,49.46,
10/7/2015,1145.4,1146.96,1153.7,1141.96,-0.15,16.1,15.86,16.13,15.79,1.26,110.68,118.22,111.76,
10/6/2015,1147.11,1135.65,1151.61,1135.11,1,15.9,15.62,16.11,15.54,1.73,113.13,171.43,52.68,
10/5/2015,1135.75,1137.71,1141.95,1129.73,-0.21,15.63,15.24,15.74,15.07,2.36,91.1,132.09,61.98,
10/2/2015,1138.14,1114.08,1141.9,1104.52,2.21,15.27,14.52,15.32,14.35,5.38,180.35,205.48,165.27,
10/1/2015,1113.55,1115.14,1119.29,1111.13,-0.13,14.49,14.51,14.72,14.42,-0.34,128.45,139.7,155.37,
9/30/2015,1115,1127.46,1128.2,1112,-1.11,14.54,14.62,14.76,14.43,-0.75,101.28,84.14,112.29,
9/29/2015,1127.46,1132.25,1134.9,1124.35,-0.41,14.65,14.59,14.76,14.44,0.41,111.61,71.21,148.49,
9/28/2015,1132.05,1145.8,1148.3,1128.1,-1.24,14.59,15.07,15.14,14.45,-3.38,92.13,41.75,125.36,
9/25/2015,1146.24,1150.97,1151.18,1140.84,-0.67,15.1,15.06,15.19,14.92,-0.33,81.84,85.47,90.74,
9/24/2015,1154.01,1130.61,1156.7,1130.45,2.09,15.15,14.78,15.22,14.72,2.43,88.7,61.51,121.85,
9/23/2015,1130.4,1124.1,1134.4,1121.75,0.5,14.79,14.76,14.95,14.66,0.14,85.78,57.01,101.89,
9/22/2015,1124.8,1133.16,1136.6,1121.18,-0.75,14.77,15.18,15.29,14.67,-2.83,188.75,131.72,219.73,
9/21/2015,1133.3,1139.4,1140.1,1130,-0.54,15.2,15.17,15.28,15.06,0.07,86.41,57.43,127.75,
9/18/2015,1139.4,1130.85,1141.9,1127.3,0.71,15.19,15.12,15.45,14.98,0.33,83.91,79.67,86.39,
9/17/2015,1131.4,1118.89,1133.4,1115.4,1.06,15.14,14.9,15.26,14.75,1.54,83.41,71.27,99.08,
9/16/2015,1119.55,1105.5,1124.7,1103.95,1.28,14.91,14.4,14.96,14.29,3.4,83.47,43.8,109.6,
9/15/2015,1105.4,1108.19,1109.8,1102.91,-0.31,14.42,14.38,14.47,14.24,-0.14,122.69,144.96,113.35,
9/14/2015,1108.8,1107.8,1110.7,1103.4,0.08,14.44,14.59,14.62,14.31,-1.3,79.94,89.66,91.4,
9/11/2015,1107.9,1111.56,1113.4,1098.75,-0.33,14.63,14.68,14.79,14.25,-0.48,118.87,126.41,118.61,
9/10/2015,1111.55,1106.81,1115.3,1104,0.49,14.7,14.59,14.89,14.52,0.34,143.31,89.8,183.86,
9/9/2015,1106.1,1121.96,1125.8,1101.51,-1.4,14.65,14.78,14.98,14.54,-1.35,142.71,163.83,129.45,
9/8/2015,1121.8,1119.3,1126.8,1118.45,0.21,14.85,14.49,14.93,14.41,1.85,117.95,127.39,114.43,
9/7/2015,1119.47,1123.22,1124.88,1116.58,-0.31,14.58,14.61,14.69,14.44,-0.07,84.08,67.05,83.89,
9/4/2015,1123,1125.25,1130.2,1117.15,-0.2,14.59,14.7,14.82,14.46,-1.42,98.03,40.72,129.06,
9/3/2015,1125.25,1134.01,1134.5,1121.75,-0.78,14.8,14.67,14.98,14.53,0.54,85.49,68.18,92.41,
9/2/2015,1134.05,1139.49,1143,1132.31,-0.53,14.72,14.56,14.84,14.41,0.82,75.72,56.61,78.7,
9/1/2015,1140.11,1135.01,1147.57,1134.51,0.49,14.6,14.62,14.79,14.47,-0.14,96.33,32.01,142.4,
8/31/2015,1134.5,1133.25,1136.8,1125.96,0.05,14.62,14.59,14.71,14.37,0.07,79.25,42.14,105.44,
8/28/2015,1133.96,1125.8,1141.2,1123.7,0.73,14.61,14.51,14.7,14.35,0.69,52.89,28.76,79.96,
8/27/2015,1125.71,1125.65,1129.8,1118.15,0.01,14.51,14.11,14.62,14.08,2.69,85.71,111.08,71.27,
8/26/2015,1125.55,1141.15,1147,1117.75,-1.32,14.13,14.71,14.79,13.93,-4.01,79.11,88.72,65.78,
8/25/2015,1140.65,1155.45,1157.2,1134.9,-1.25,14.72,14.82,15,14.52,-0.61,58.12,92.7,28.99,
8/24/2015,1155.05,1162.35,1167.9,1146.75,-0.52,14.81,15.36,15.42,14.57,-3.46,103.36,72.13,120.32,
8/21/2015,1161.05,1153.91,1168.8,1148.85,0.68,15.34,15.54,15.7,15.11,-1.54,86.26,34.4,129.12,
8/20/2015,1153.16,1133.95,1154.5,1132.81,1.65,15.58,15.3,15.6,15.26,1.7,28.85,19.17,31.98,
8/19/2015,1134.46,1118.01,1134.66,1116.35,1.47,15.32,14.89,15.36,14.78,2.89,121.07,115.87,120.81,
8/18/2015,1118.01,1117.91,1121.6,1109.55,0.03,14.89,15.32,15.37,14.7,-2.93,88.54,93.46,77.96,
8/17/2015,1117.66,1114.35,1123.05,1113.7,0.32,15.34,15.25,15.43,15.17,0.59,95.61,56.07,121.59,
8/14/2015,1114.11,1115.16,1121.4,1111.81,-0.08,15.25,15.43,15.66,15.15,-1.36,78.32,64.3,84.28,
8/13/2015,1115.05,1125.46,1126.71,1113.42,-0.91,15.46,15.51,15.61,15.27,-0.51,110.11,155.51,68.67,
8/12/2015,1125.3,1108.91,1125.8,1101.75,1.47,15.54,15.32,15.63,15.13,1.44,97.43,135.98,64.81,
8/11/2015,1109.01,1104.41,1119.4,1093.65,0.41,15.32,15.22,15.45,15.07,0.46,93.8,78.75,90.31,
8/10/2015,1104.51,1094.39,1109.2,1089.8,0.94,15.25,14.8,15.41,14.71,2.49,88.93,66.49,92.43,
8/7/2015,1094.2,1089.4,1099.9,1083.16,0.44,14.88,14.65,15.05,14.58,1.78,90.14,62.9,97.44,
8/6/2015,1089.41,1084.9,1094.3,1083.6,0.4,14.62,14.53,14.81,14.49,0.21,128.8,88.28,167.35,
8/5/2015,1085.05,1087.59,1092.16,1082.85,-0.22,14.59,14.58,14.73,14.46,-0.14,77.83,87.29,80.9,
8/4/2015,1087.45,1086.18,1095.05,1081.05,0.09,14.61,14.48,14.68,14.36,0.69,155.1,77.31,202.67,
8/3/2015,1086.5,1095.61,1098.15,1085.92,-0.84,14.51,14.78,14.81,14.39,-2.09,28.46,11.35,37.86,
7/31/2015,1095.65,1088.66,1103.38,1079.75,0.61,14.82,14.72,15.03,14.5,0.82,72.27,72.05,66.78,
7/30/2015,1088.99,1097.76,1099.82,1083.36,-0.7,14.7,14.79,14.89,14.59,-0.47,74.98,43.97,88.03,
7/29/2015,1096.69,1095.48,1101.85,1090.21,0.12,14.77,14.71,14.93,14.57,0.48,99.95,37.96,150.39,
7/28/2015,1095.35,1094.31,1099,1091.4,0.08,14.7,14.56,14.74,14.5,0.89,132.93,148.42,114.96,
7/27/2015,1094.42,1099.55,1105.3,1089.19,-0.43,14.57,14.72,14.79,14.5,-0.75,171.44,209.5,147.15,
7/24/2015,1099.1,1090.85,1102.35,1077.75,0.76,14.68,14.63,14.75,14.33,0,113.36,142.31,111.72,
7/23/2015,1090.8,1094.5,1106,1087.01,-0.24,14.68,14.78,15,14.54,-0.88,87.72,41.64,131.99,
7/22/2015,1093.45,1101.06,1103.56,1087.39,-0.72,14.81,14.83,14.92,14.59,-0.34,152.95,148.13,167.16,
7/21/2015,1101.41,1098.55,1109.87,1097.05,0.41,14.86,14.64,14.98,14.62,1.23,193.98,178.51,231.61,
7/20/2015,1096.95,1133.35,1133.35,1088.45,-3.28,14.68,14.86,15.02,14.51,-1.34,125.31,108.63,144.97,
7/17/2015,1134.1,1145.61,1146.1,1131.2,-0.96,14.88,14.99,15.06,14.8,-0.8,146.96,134.63,138.72,
7/16/2015,1145.15,1148.86,1149.9,1142.6,-0.39,15,15.09,15.19,14.86,-0.79,117.65,21.99,183.43,
7/15/2015,1149.65,1155.9,1156.96,1143.83,-0.51,15.12,15.36,15.41,14.97,-1.69,229.98,35.27,367.76,
7/14/2015,1155.53,1158.06,1159.96,1153.04,-0.21,15.38,15.49,15.54,15.24,-0.97,67.7,19.28,104.55,
7/13/2015,1158,1163.3,1164.6,1151.18,-0.51,15.53,15.53,15.74,15.29,-0.64,123.07,92.02,153.5,
7/10/2015,1163.96,1159.75,1165.5,1157.9,0.37,15.63,15.38,15.69,15.36,1.56,107.39,82.35,123.64,
7/9/2015,1159.65,1158.62,1167.46,1156.2,0.12,15.39,15.14,15.59,15.02,1.52,58.63,21.92,79.22,
7/8/2015,1158.28,1155.18,1165.03,1147.18,0.24,15.16,15.06,15.27,14.71,0.53,61.78,37.9,79.04,
7/7/2015,1155.55,1170.5,1170.65,1148.45,-1.25,15.08,15.72,15.77,14.65,-4.25,82.09,86.65,64.24,
7/6/2015,1170.15,1173.3,1175.2,1163.3,0.19,15.75,15.68,15.86,15.5,0.25,109.33,65.39,127.27,
7/3/2015,1167.94,1166.29,1170.5,1164.96,0.15,15.71,15.68,15.75,15.55,0,86.95,57.79,110.18,
7/2/2015,1166.15,1168.8,1169.11,1157.25,-0.23,15.71,15.54,15.81,15.45,0.9,84.56,87.97,73.37,
7/1/2015,1168.8,1172.7,1175.3,1167.43,-0.32,15.57,15.7,15.77,15.48,-1.33,93.14,96.89,87.55,
6/30/2015,1172.6,1180.06,1180.8,1166.75,-0.66,15.78,15.76,15.91,15.4,-0.06,169.32,173.13,187.73,
6/29/2015,1180.36,1184.96,1187.32,1173.99,0.45,15.79,16.01,16.08,15.64,-0.06,136.93,178.51,87.58,
6/26/2015,1175.07,1173.35,1179.09,1168.74,0.15,15.8,15.84,15.95,15.51,-0.5,81.49,89.36,60.99,
6/25/2015,1173.33,1175.29,1178.7,1171.52,-0.16,15.88,15.85,16,15.73,-0.44,131.01,67.17,174.3,
6/24/2015,1175.2,1178.25,1180.3,1171.43,-0.27,15.95,15.83,15.95,15.72,0.95,84.82,75.16,86.2,
6/23/2015,1178.44,1185.86,1188.7,1176.32,-0.59,15.8,16.16,16.24,15.71,-2.11,103.52,88.46,106.57,
6/22/2015,1185.45,1200.61,1201.5,1182.65,-1.25,16.14,16.11,16.29,16,0.19,90.68,116.99,70.97,
6/19/2015,1200.51,1202.36,1204.75,1198.7,-0.08,16.11,16.16,16.27,15.92,-0.49,44.27,48.15,46.86,
6/18/2015,1201.42,1185.26,1206,1183.81,1.35,16.19,16.09,16.47,16.03,0.37,83.09,100.84,78.1,
6/17/2015,1185.45,1181.9,1189.4,1174.48,0.3,16.13,16.01,16.29,15.88,0.62,79.93,79.68,81.23,
6/16/2015,1181.86,1186.06,1188.11,1176.13,-0.38,16.03,16.06,16.15,15.85,-0.62,114.23,100.21,113.98,
6/15/2015,1186.4,1181.5,1190.8,1173.02,0.47,16.13,15.94,16.29,15.81,1.13,63.2,84,43.79,
6/12/2015,1180.8,1182.01,1184.7,1176.93,-0.13,15.95,16.03,16.09,15.81,-0.62,41.64,45.29,37.78,
6/11/2015,1182.3,1186.61,1188.21,1176.16,-0.35,16.05,16.01,16.07,15.8,0.19,54.97,21.92,79.22,
6/10/2015,1186.48,1176.75,1192.6,1175.35,0.83,16.02,15.96,16.26,15.93,0.38,48.58,26.42,58.76,
6/9/2015,1176.7,1174.36,1183.4,1172.75,0.23,15.96,15.94,16.2,15.91,0,95.46,76.14,103.19,
6/8/2015,1173.95,1169.45,1178.1,1169.2,0.17,15.96,16.06,16.2,15.88,-0.87,81.79,40.77,110.52,
6/5/2015,1172,1177.24,1179.35,1163.1,-0.36,16.1,16.1,16.24,15.94,0.06,62.5,65.97,61.14,
6/4/2015,1176.26,1185.51,1186.41,1172.76,-0.78,16.09,16.49,16.56,16.04,-2.78,84.13,97.85,58.3,
6/3/2015,1185.5,1193.86,1195.81,1180.18,-0.66,16.55,16.77,16.83,16.35,-1.37,129.12,142.04,118.47,
6/2/2015,1193.38,1188.95,1196.12,1185.48,0.36,16.78,16.73,16.86,16.59,0.3,65.35,60.13,66.88,
6/1/2015,1189.15,1191,1204.81,1184.6,-0.11,16.73,16.7,17.18,16.55,-0.06,106.23,154.05,88.34,
5/29/2015,1190.5,1188.65,1193.81,1187.08,0.17,16.74,16.67,16.83,16.61,0.24,55.47,71.1,32.95,
5/28/2015,1188.45,1188.21,1192.75,1181.3,0.03,16.7,16.67,16.8,16.51,0,55.89,37.15,74.36,
5/27/2015,1188.15,1187.44,1191.55,1184.51,0.07,16.7,16.73,16.84,16.55,-0.36,83.28,92.25,76.94,
5/26/2015,1187.3,1207.3,1208,1186.1,-1.65,16.76,17.11,17.17,16.62,-2.27,37.4,42.61,35.54,
5/25/2015,1207.17,1205.12,1208.97,1202.92,0.07,17.15,17.03,17.2,16.95,0,86.68,111.11,61.78,
5/22/2015,1206.38,1206.75,1215.2,1201.7,-0.01,17.15,17.13,17.37,16.92,-0.06,84.29,92.43,70.09,
5/21/2015,1206.45,1210.11,1212.95,1201.91,-0.23,17.16,17.1,17.27,16.98,0.29,56.79,37.74,62.96,
5/20/2015,1209.28,1208.01,1213.47,1203.02,0.15,17.11,17.09,17.3,16.9,0.23,71.46,58.67,76.9,
5/19/2015,1207.51,1225.27,1225.57,1205.56,-1.49,17.07,17.69,17.75,16.86,-3.56,128.44,138.71,151.3,
5/18/2015,1225.74,1223.3,1232.7,1221.5,0.15,17.7,17.49,17.8,17.42,0.85,112.12,81.29,152.56,
5/15/2015,1223.85,1221.76,1226.75,1211.55,0.19,17.55,17.43,17.61,17.17,0.4,95.24,74.3,117.07,
5/14/2015,1221.52,1215.71,1227.44,1212.05,0.48,17.48,17.14,17.59,17.02,1.81,77.47,73.55,67.48,
5/13/2015,1215.73,1193.45,1219.3,1191.3,1.86,17.17,16.51,17.25,16.45,3.56,114.38,100.35,129.36,
5/12/2015,1193.5,1183.8,1197,1181.05,0.79,16.58,16.29,16.61,16.11,1.66,62.17,35.41,88.62,
5/11/2015,1184.2,1188.95,1192.1,1179.5,-0.33,16.31,16.42,16.56,16.17,-0.97,118.67,72.01,145.88,
5/8/2015,1188.15,1184.66,1193.61,1182.13,0.28,16.47,16.32,16.56,16.25,0.8,71.75,55.64,86.18,
5/7/2015,1184.8,1191.8,1193.3,1179.16,-0.59,16.34,16.52,16.58,16.15,-1.09,64.28,67.86,69.18,
5/6/2015,1191.8,1193.19,1197.9,1188.3,-0.13,16.52,16.53,16.66,16.35,-0.18,99.69,108.42,82.9,
5/5/2015,1193.33,1188.56,1200.1,1185.9,0.43,16.55,16.42,16.72,16.31,0.85,44.76,39.67,49.63,
5/4/2015,1188.25,1178.95,1193.45,1177.88,0.83,16.41,16.15,16.75,16.11,1.55,70.6,64.96,63.22,
5/1/2015,1178.5,1184.56,1185.26,1170.6,-0.5,16.16,16.14,16.28,15.87,0.06,76.24,38,95.09,
4/30/2015,1184.37,1205.18,1207.52,1177.32,-1.7,16.15,16.55,16.74,15.79,-2.89,52.75,49.08,52.63,
4/29/2015,1204.8,1212.1,1213.7,1201.63,-0.6,16.63,16.61,16.74,16.38,0,84.1,93.16,62.16,
4/28/2015,1212.1,1202.75,1215.5,1199.3,0.84,16.63,16.38,16.72,16.27,1.34,46.01,27.52,61.21,
4/27/2015,1202,1179.76,1207.46,1178.75,1.92,16.41,15.74,16.52,15.69,4.26,76.04,85.28,71.13,
4/24/2015,1179.38,1194.16,1196.51,1175.24,-1.22,15.74,15.9,15.97,15.56,-0.94,156.4,183.91,126.72,
4/23/2015,1194,1187.56,1198.4,1184.05,0.56,15.89,15.78,15.96,15.71,0.44,61.08,35.82,83.65,
4/22/2015,1187.3,1202.75,1205.2,1185.73,-1.28,15.82,15.92,16.16,15.66,-1.25,75.59,70.92,96.13,
4/21/2015,1202.68,1196.81,1204.4,1193.3,0.52,16.02,15.96,16.23,15.87,0.44,85.28,107.39,82.11,
4/20/2015,1196.5,1204.9,1209.4,1191.54,-0.68,15.95,16.28,16.42,15.83,-1.91,91.73,60.97,118.66,
4/17/2015,1204.65,1198.6,1208.1,1197.28,0.58,16.26,16.29,16.55,16.17,-0.25,99.06,94.8,92.26,
4/16/2015,1197.65,1202.45,1209.6,1195.06,-0.37,16.3,16.29,16.53,16.1,-0.24,104.72,97.44,133.52,
4/15/2015,1202.05,1193.21,1205.35,1189.38,0.71,16.34,16.14,16.45,16.02,1.05,143.66,134.79,175.67,
4/14/2015,1193.58,1199.2,1202.1,1184.18,-0.44,16.17,16.26,16.41,15.96,-1.1,121.65,83.96,147.84,
4/13/2015,1198.85,1207.38,1209.83,1196.81,-0.76,16.35,16.43,16.56,16.21,-0.73,79.22,78.98,98.82,
4/10/2015,1208.05,1194.3,1211.1,1193.3,1.09,16.47,16.15,16.7,16.13,1.92,142.14,86.59,183.85,
4/9/2015,1195.01,1203.07,1203.76,1192.86,-0.65,16.16,16.51,16.58,16.1,-2,134.81,138.24,128.12,
4/8/2015,1202.8,1208.85,1212.6,1197.85,-0.48,16.49,16.82,16.95,16.35,-2.14,166.76,143.78,209.87,
4/7/2015,1208.6,1214.69,1215.91,1207.45,-0.5,16.85,16.94,17.01,16.7,-0.82,110.13,70.26,146.52,
4/6/2015,1214.7,1215.63,1224.5,1213.85,0.31,16.99,17,17.33,16.91,-0.76,116.79,148.18,97.11,
4/3/2015,1210.9,1201.74,1212.74,1200.11,0.69,17.12,16.73,17.12,16.64,2.21,150.14,112.26,202.88,
4/2/2015,1202.59,1204.95,1208.15,1195.75,-0.13,16.75,16.95,17.04,16.56,-1.18,113.85,146.45,85.51,
4/1/2015,1204.1,1183.35,1209,1180.35,1.74,16.95,16.6,17.13,16.47,1.74,138.93,112.53,158.84,
3/31/2015,1183.5,1185.4,1191.2,1178.45,-0.23,16.66,16.68,16.85,16.41,-0.24,131.06,63.07,165.35,
3/30/2015,1186.2,1198.85,1199.5,1182.55,-1.09,16.7,16.93,17.01,16.59,-1.65,123.24,78.63,172.16,
3/27/2015,1199.3,1204.25,1206.7,1192.91,-0.42,16.98,17.08,17.22,16.85,-0.76,199.25,215.19,214.01,
3/26/2015,1204.38,1195.55,1219.8,1194.5,0.75,17.11,16.94,17.42,16.89,0.77,103.41,120.86,94.88,
3/25/2015,1195.45,1192.9,1199.9,1186.65,0.19,16.98,16.93,17.16,16.82,0.18,105.38,100.49,91.44,
3/24/2015,1193.13,1189.35,1195.7,1185.25,0.32,16.95,16.92,17.1,16.78,-0.18,100.38,90.97,106.23,
3/23/2015,1189.3,1185.96,1192.1,1179.45,0.56,16.98,16.74,17.15,16.59,1.25,98.3,39.2,130.78,
3/20/2015,1182.68,1170.7,1188.3,1168.55,0.97,16.77,16.11,16.93,16.04,3.84,94.76,90.36,102.78,
3/19/2015,1171.3,1167.25,1177.86,1160.06,0.35,16.15,15.94,16.23,15.8,1.38,55.87,39.31,65.58,
3/18/2015,1167.25,1149.25,1174.61,1145.9,1.56,15.93,15.55,16.13,15.42,2.38,117.37,69.34,144.59,
3/17/2015,1149.3,1154.55,1159.85,1143.61,-0.46,15.56,15.64,15.78,15.34,-0.64,97.29,46.19,130.98,
3/16/2015,1154.59,1158.5,1164.46,1150.6,-0.42,15.66,15.63,15.82,15.48,0,109.26,99.02,107.37,
3/13/2015,1159.48,1153.9,1162.55,1151.8,0.5,15.66,15.56,15.71,15.44,0.38,67.85,63.66,59.74,
3/12/2015,1153.7,1154.6,1166.7,1148.9,-0.1,15.6,15.5,15.73,15.38,0.65,105.61,112.3,81.96,
3/11/2015,1154.8,1162.15,1165.95,1147.85,-0.61,15.5,15.63,15.79,15.26,-0.96,78.04,77.8,72.11,
3/10/2015,1161.93,1167.1,1171.35,1156.35,-0.46,15.65,15.72,15.88,15.57,-0.76,89.77,62.65,104.51,
3/9/2015,1167.3,1168.65,1176.15,1166.15,0.01,15.77,15.89,16.02,15.69,-0.76,79.82,29.84,116.15,
3/6/2015,1167.21,1198.65,1201.29,1163.94,-2.62,15.89,16.16,16.29,15.74,-1.97,86.04,93.57,91.06,
3/5/2015,1198.6,1199.75,1209.7,1196.4,-0.1,16.21,16.21,16.4,16.11,-0.12,77.49,84.97,64.43,
3/4/2015,1199.85,1203.75,1209.4,1198.25,-0.33,16.23,16.25,16.41,16.04,-0.31,218.32,125.57,279.29,
3/3/2015,1203.8,1207.19,1215.09,1195.39,-0.27,16.28,16.36,16.62,16.04,-0.73,149.37,105.12,175.35,
3/2/2015,1207.1,1213.8,1223.6,1204.6,-0.5,16.4,16.57,16.83,16.31,-1.32,105.47,28.67,151.48,
2/27/2015,1213.15,1209.45,1219.9,1204.65,0.34,16.62,16.53,16.7,16.37,0.42,105.94,97.49,115.19,
2/26/2015,1209.05,1205.16,1220.75,1203.95,0.35,16.55,16.53,16.91,16.46,-0.12,95.06,58.32,121.61,
2/25/2015,1204.8,1199.55,1212.2,1199.5,0.41,16.57,16.24,16.74,16.21,1.91,114.38,96.48,124.37,
2/24/2015,1199.89,1201.71,1204.6,1191.3,-0.17,16.26,16.28,16.52,16.07,-0.43,149.09,130.05,154.97,
2/23/2015,1201.92,1201.89,1210.7,1191.51,-0.04,16.33,16.24,16.63,16.04,0.37,168.18,162.58,161.03,
2/20/2015,1202.39,1207.41,1215.39,1198.43,-0.42,16.27,16.37,16.59,16.14,-0.79,136.85,128.4,147.26,
2/19/2015,1207.45,1212.7,1223.5,1205.4,-0.46,16.4,16.45,16.82,16.32,-0.61,143.86,158.51,157.4,
2/18/2015,1212.99,1209.41,1212.99,1197.95,0.3,16.5,16.47,16.59,16.23,-0.12,154.67,171.33,135.76,
2/17/2015,1209.4,1231.05,1234.15,1203.7,-1.79,16.52,17.29,17.35,16.24,-4.4,123.75,151.83,134.56,
2/16/2015,1231.47,1228.58,1236.88,1228.01,0.14,17.28,17.33,17.48,17.2,-0.35,102.52,166.08,53.28,
2/13/2015,1229.7,1222.38,1235.7,1221.01,0.59,17.34,16.82,17.48,16.8,2.79,139.64,77.34,174.17,
2/12/2015,1222.5,1218.73,1232.9,1216.75,0.27,16.87,16.78,17.1,16.58,0.42,76.61,116.38,54.6,
2/11/2015,1219.16,1233.75,1239.3,1218.26,-1.2,16.8,16.89,17.12,16.69,-0.83,110.85,136,113.44,
2/10/2015,1234,1239.55,1246,1230.7,-0.46,16.94,16.98,17.14,16.69,-0.47,134.23,95.58,183.37,
2/9/2015,1239.68,1235.18,1244.35,1234.54,0.48,17.02,16.76,17.19,16.65,1.73,128.99,61.73,163.04,
2/6/2015,1233.72,1264.82,1269.3,1228.75,-2.45,16.73,17.24,17.39,16.53,-3.13,166.44,161.88,168.78,
2/5/2015,1264.7,1269.9,1274,1256.52,-0.42,17.27,17.36,17.49,16.89,-0.63,89.43,59.44,99.15,
2/4/2015,1270.05,1260.25,1272.2,1256.85,0.78,17.38,17.29,17.65,17.13,0.46,90.7,51.67,122.1,
2/3/2015,1260.2,1275.4,1285.59,1255.7,-1.19,17.3,17.2,17.75,17.04,0.41,141.25,190.78,136.4,
2/2/2015,1275.44,1281.81,1283.85,1266.93,-0.63,17.23,17.16,17.34,16.94,-0.17,101.15,121,109.34,
1/30/2015,1283.55,1257.61,1285.35,1257.25,2.09,17.26,16.94,17.34,16.77,1.71,126.52,107.02,133.9,
1/29/2015,1257.25,1285.35,1286.25,1252.61,-2.17,16.97,17.96,18.09,16.71,-5.62,105.28,89.96,125.06,
1/28/2015,1285.1,1292.35,1294.55,1281.5,-0.56,17.98,18.02,18.16,17.87,-0.5,146.46,197.54,107.46,
1/27/2015,1292.35,1281.08,1297.77,1272.58,0.87,18.07,17.88,18.23,17.65,0.84,95.16,126.49,67.83,
1/26/2015,1281.24,1293.68,1299.14,1276.14,-1.03,17.92,18.3,18.51,17.82,-2.02,135.93,200.75,117.21,
1/23/2015,1294.55,1301.38,1302.9,1284.66,-0.55,18.29,18.32,18.41,18.09,-0.27,109.12,124.32,97.22,
1/22/2015,1301.73,1293.2,1306.7,1279.55,0.64,18.34,18.08,18.51,17.89,1.16,98.54,136.02,69.34,
1/21/2015,1293.44,1293.64,1305.38,1285.59,-0.04,18.13,17.94,18.5,17.86,0.83,148.51,189.18,123.49,
1/20/2015,1293.94,1276.54,1297.23,1274.09,1.32,17.98,17.66,18.07,17.58,1.58,175.29,250.93,119.6,
1/19/2015,1277.08,1279.67,1281.63,1272.22,-0.25,17.7,17.7,18.02,17.45,-0.39,120.26,130.79,109.09,
1/16/2015,1280.3,1262.05,1281.99,1255.37,1.48,17.77,16.89,17.84,16.85,5.15,156.11,258.12,82.32,
1/15/2015,1261.64,1229.95,1266.59,1226.18,2.58,16.9,16.81,17.23,16.66,0.3,132.79,257.61,23.87,
1/14/2015,1229.95,1230.76,1244.4,1224.95,-0.08,16.85,17.02,17.09,16.5,-1.17,88.39,151.06,77,
1/13/2015,1230.88,1233.62,1244.12,1227.53,-0.22,17.05,16.53,17.24,16.49,2.83,151.56,259.01,79.21,
1/12/2015,1233.64,1223,1236.29,1218.56,0.84,16.58,16.48,16.7,16.38,0.24,148.08,240.57,91.21,
1/9/2015,1223.4,1209.65,1224,1207.45,1.19,16.54,16.31,16.65,16.16,1.1,64.71,112.9,26.91,
1/8/2015,1208.98,1210.51,1216.65,1204.67,-0.15,16.36,16.49,16.69,16.26,-1.03,168.64,232.17,133.55,
1/7/2015,1210.8,1219.55,1219.85,1209.2,-0.69,16.53,16.51,16.68,16.24,-0.18,78.76,92.37,61.64,
1/6/2015,1219.2,1204.85,1223.15,1201.85,1.22,16.56,16.17,16.72,16.07,2.29,66.82,104.69,31.75,
1/5/2015,1204.45,1189.34,1208.15,1183.45,1.28,16.19,15.73,16.29,15.6,2.66,100.72,111.57,74.45,
1/2/2015,1189.18,1182.7,1194.6,1168.75,0.61,15.77,15.72,16.1,15.49,0.7,106.86,117.18,97.74,
1/1/2015,1181.97,1183.78,1184.53,1181.97,-0.17,15.66,15.65,15.72,15.6,-0.32,74.58,49.57,82.69,
12/31/2014,1183.95,1200.26,1204,1179.55,-1.36,15.71,16.25,16.35,15.51,-3.62,93.75,62.31,112.61,
12/30/2014,1200.24,1183.37,1210.29,1180.89,1.45,16.3,15.76,16.49,15.72,3.23,69.62,69.4,57.89,
12/29/2014,1183.1,1195.71,1197.79,1179.35,-1.03,15.79,15.97,16.29,15.68,-1.68,92.94,79.42,88.32,
12/26/2014,1195.4,1173.45,1199.75,1173.45,1.84,16.06,15.72,16.35,15.69,2.03,114.02,167.51,49.9,
12/24/2014,1173.8,1175.7,1181.8,1173.05,-0.16,15.72,15.67,15.9,15.64,0.06,123.64,123.26,154.22,
12/23/2014,1175.68,1175.03,1185.49,1172.59,0.05,15.71,15.62,15.9,15.54,0.32,56.85,82.43,42.97,
12/22/2014,1175.05,1195.33,1202.18,1170.56,-1.75,15.66,16.03,16.2,15.49,-2.55,74.2,95.11,70.52,
12/19/2014,1195.95,1198.55,1202.1,1193.9,-0.2,16.07,15.84,16.13,15.79,1.13,110.97,106.53,136.7,
12/18/2014,1198.4,1188.7,1213.55,1188.65,0.82,15.89,15.7,16.26,15.69,0.95,122.82,111.94,151.73,
12/17/2014,1188.7,1196.69,1203.4,1184.23,-0.66,15.74,15.67,16.07,15.59,0.19,144.74,131.93,165.06,
12/16/2014,1196.6,1192.59,1221.79,1188.8,0.34,15.71,16.12,16.66,15.5,-2.78,136.07,102.91,179.47,
12/15/2014,1192.6,1222.25,1224.24,1190.97,-2.45,16.16,17.01,17.09,16.08,-5.11,66.97,102.72,51.41,
12/12/2014,1222.6,1227.99,1228.38,1215.98,-0.44,17.03,17.06,17.26,16.94,-0.41,77.55,80.99,67.56,
12/11/2014,1227.95,1226.75,1233.2,1216.3,0.1,17.1,17.05,17.23,16.87,0.12,81.71,122.18,67.94,
12/10/2014,1226.75,1230.43,1238.25,1224.78,-0.33,17.08,17.06,17.35,16.91,-0.06,107.79,173.59,75.84,
12/9/2014,1230.85,1203.64,1238.55,1199.45,2.3,17.09,16.33,17.23,16.23,4.53,72.48,110.5,49.63,
12/8/2014,1203.2,1193.09,1208.59,1187.31,0.94,16.35,16.22,16.45,16.14,0.31,109.47,123.36,110.81,
12/5/2014,1192.05,1205.7,1208.2,1186.5,-1.14,16.3,16.43,16.59,16.17,-0.97,62.5,70.1,51.97,
12/4/2014,1205.78,1209.7,1213.7,1201.53,-0.32,16.46,16.37,16.69,16.32,0.3,89.81,103.31,74.68,
12/3/2014,1209.64,1199.01,1214.95,1194.65,0.89,16.41,16.45,16.59,16.19,-0.42,88.44,48.09,113.66,
12/2/2014,1199.01,1210.74,1213.05,1192.32,-0.98,16.48,16.43,16.58,16.02,0.06,108.91,144.76,60.37,
12/1/2014,1210.9,1167.06,1221.46,1143.38,3.73,16.47,15.43,16.81,14.42,6.53,57.56,52.17,60.92,
11/28/2014,1167.35,1190.7,1191.56,1165.35,-2.05,15.46,16.17,16.31,15.36,-4.86,90.87,115.29,75.56,
11/27/2014,1191.75,1198.2,1200.1,1185.95,-0.51,16.25,16.46,16.59,16.12,-1.52,80.79,88.6,60.46,
11/26/2014,1197.9,1200.96,1202.61,1195.02,-0.27,16.5,16.65,16.71,16.46,-1.2,119.09,140.71,117.37,
11/25/2014,1201.19,1197.55,1203.4,1190.8,0.32,16.7,16.45,16.76,16.41,1.33,163.64,105.82,183.88,
11/24/2014,1197.4,1201.53,1204.24,1192.85,-0.33,16.48,16.39,16.53,16.22,0.24,142.11,127.01,154.84,
11/21/2014,1201.4,1193.78,1208.01,1186.95,0.64,16.44,16.23,16.68,16.09,1.04,110.54,88.16,128.69,
11/20/2014,1193.75,1183.36,1197.31,1176.87,0.88,16.27,16.13,16.38,15.93,0.74,89.16,82.05,114.06,
11/19/2014,1183.3,1197.57,1202.77,1175.97,-1.19,16.15,16.16,16.55,15.87,-0.37,92.24,103.95,73.36,
11/18/2014,1197.55,1186.42,1205,1183.3,0.93,16.21,16.1,16.46,15.95,0.37,87.4,104.56,101.75,
11/17/2014,1186.55,1188.75,1194.26,1181.62,-0.14,16.15,16.27,16.5,15.99,-0.92,136.55,100.84,159.8,
11/14/2014,1188.25,1162.09,1193.74,1147.04,2.26,16.3,15.6,16.43,15.23,4.15,77.45,84.23,81.96,
11/13/2014,1161.96,1160.84,1168.12,1154.24,0.09,15.65,15.63,15.84,15.53,-0.06,61.54,14.44,90.31,
11/12/2014,1160.92,1164.67,1170.37,1157.51,-0.33,15.66,15.7,15.81,15.53,-0.45,57.42,35.23,80.8,
11/11/2014,1164.8,1150.65,1173.6,1146.32,1.23,15.73,15.56,15.94,15.43,0.77,77.04,81.32,60.29,
11/10/2014,1150.6,1179.41,1179.41,1147.45,-2.21,15.61,15.78,15.92,15.47,-0.95,57.86,67.3,40.09,
11/7/2014,1176.65,1141.2,1178.99,1132.25,3.11,15.76,15.39,15.82,15.03,2.2,90.21,71.95,96.02,
11/6/2014,1141.2,1141.45,1149.7,1138.1,-0.02,15.42,15.32,15.51,15.19,0.33,41.02,13.63,56.85,
11/5/2014,1141.4,1168.19,1169.85,1137.7,-2.3,15.37,15.99,16.08,15.13,-4.12,103.52,81.09,110.67,
11/4/2014,1168.3,1165.55,1174.3,1164,0.25,16.03,16.1,16.21,15.89,-0.68,79.88,93.68,62.51,
11/3/2014,1165.35,1173.76,1174.17,1162.17,-0.77,16.14,16.14,16.25,15.72,-0.31,80.91,47.45,94.98,
10/31/2014,1174.42,1198.91,1203.3,1161.75,-2.04,16.19,16.49,16.58,15.76,-1.7,89.83,97.02,74.7,
10/30/2014,1198.9,1211.5,1216.76,1195.96,-1.06,16.47,17.05,17.27,16.3,-3.63,103.4,95.72,104.41,
10/29/2014,1211.8,1228.21,1230.86,1208.52,-1.35,17.09,17.17,17.37,16.99,-0.64,92.37,83.71,118.7,
10/28/2014,1228.4,1225.76,1235.81,1222.9,0.24,17.2,17.08,17.44,17.02,0.41,139.38,101.9,146.8,
10/27/2014,1225.4,1231.5,1232.26,1225.06,-0.49,17.13,17.13,17.27,17.03,-0.29,96.68,142.04,59.24,
10/24/2014,1231.46,1232.59,1234.7,1229.1,-0.06,17.18,17.15,17.39,17.1,-0.12,91.68,87.43,86.18,
10/23/2014,1232.15,1240.85,1244.96,1226.43,-0.72,17.2,17.07,17.29,17.01,0.47,74.29,114.46,50.54,
10/22/2014,1241.03,1249.57,1250.08,1240.66,-0.66,17.12,17.47,17.58,17.07,-2.28,78.5,78.26,84.85,
10/21/2014,1249.3,1246.99,1255.6,1245.4,0.22,17.52,17.38,17.7,17.31,0.57,60.74,64.59,60.61,
10/20/2014,1246.6,1238.54,1248.94,1234.7,0.68,17.42,17.23,17.55,17.21,0.81,75.86,50.42,92.52,
10/17/2014,1238.19,1239.69,1242.3,1231.99,-0.07,17.28,17.32,17.48,17.2,-0.52,86.51,86.24,83.92,
10/16/2014,1239.1,1241.67,1245.6,1235.75,-0.16,17.37,17.41,17.59,17.16,-0.46,68.58,34.19,85.54,
10/15/2014,1241.07,1233.65,1249.8,1222.17,0.67,17.45,17.39,17.85,17.01,0.06,89.53,62.09,97.1,
10/14/2014,1232.75,1237.08,1238.3,1231.25,-0.36,17.44,17.45,17.58,17.29,-0.34,70.29,43.8,80.37,
10/13/2014,1237.15,1223.54,1237.65,1223.34,1.12,17.5,17.33,17.64,17.24,0.63,80.68,66.24,86.82,
10/10/2014,1223.48,1224.49,1225.84,1217.6,-0.05,17.39,17.3,17.45,17.16,0.23,121.7,98.58,132.82,
10/9/2014,1224.15,1221.84,1233.6,1219.15,0.2,17.35,17.34,17.76,17.29,-0.23,75.36,54.64,91.15,
10/8/2014,1221.7,1209.39,1223.84,1205.12,1.05,17.39,17.14,17.51,17.01,1.16,80.98,76.89,96.2,
10/7/2014,1209,1207.15,1213.06,1202.91,0.15,17.19,17.29,17.66,17.07,-0.87,67.6,71.36,59.52,
10/6/2014,1207.15,1191.79,1209.2,1183.96,1.34,17.34,16.8,17.41,16.66,2.91,95.29,126.67,75.47,
10/3/2014,1191.2,1213.84,1215.9,1190.14,-1.84,16.85,17.05,17.2,16.69,-1.46,103.98,96.26,104.99,
10/2/2014,1213.5,1213.34,1221.84,1208.69,-0.01,17.1,17.14,17.4,16.91,-0.52,57.61,64.61,53.89,
10/1/2014,1213.65,1209,1219.66,1204.75,0.36,17.19,16.94,17.49,16.85,1.18,108.34,41.54,145.52,
9/30/2014,1209.24,1216.24,1219.96,1204.9,-0.55,16.99,17.46,17.63,16.83,-2.97,97.3,59.05,126.64,
9/29/2014,1215.95,1219.2,1223.76,1214.78,-0.29,17.51,17.61,17.68,17.41,-0.85,101.28,109.38,98.25,
9/26/2014,1219.51,1222.59,1230.5,1212.54,-0.25,17.66,17.46,17.78,17.4,0.86,151.31,163.08,129.22,
9/25/2014,1222.62,1217.02,1224.88,1207.03,0.46,17.51,17.65,17.74,17.32,-1.07,107.53,103.74,121.14,
9/24/2014,1217.05,1222.81,1226.16,1215.96,-0.48,17.7,17.75,17.92,17.47,-0.51,146.88,161.84,134.99,
9/23/2014,1222.95,1215.3,1235.06,1214.11,0.65,17.79,17.7,18.03,17.58,0.23,179.18,182.98,159.89,
9/22/2014,1215.05,1216.54,1220.7,1208.72,-0.12,17.75,17.77,17.94,17.3,-0.34,80.68,141.94,47.36,
9/19/2014,1216.45,1225.5,1228.86,1213.87,-0.73,17.81,18.47,18.62,17.71,-3.83,132.81,90.79,176.69,
9/18/2014,1225.45,1223.2,1228.06,1216.27,0.18,18.52,18.47,18.66,18.27,0,118.06,96.92,127.04,
9/17/2014,1223.25,1234.95,1239.46,1221.67,-0.97,18.52,18.7,18.81,18.44,-1.23,159.8,189.45,150.83,
9/16/2014,1235.2,1233.1,1242.16,1231.92,0.18,18.75,18.57,18.92,18.56,0.7,157.35,140.35,179.04,
9/15/2014,1233,1228.4,1238.56,1225.56,0.36,18.62,18.55,18.74,18.5,0,112.87,136.99,97.94,
9/12/2014,1228.63,1240.59,1242.04,1227.75,-0.98,18.62,18.64,18.75,18.42,-0.37,168.17,171.55,175.61,
9/11/2014,1240.75,1248.68,1250.46,1234.97,-0.64,18.69,18.92,19.01,18.54,-1.37,118.18,76.24,156.08,
9/10/2014,1248.75,1256.19,1258.15,1243.91,-0.59,18.95,19.03,19.17,18.85,-0.68,131.68,155.89,116.34,
9/9/2014,1256.2,1255.43,1258.25,1247.41,0.04,19.08,18.98,19.17,18.83,0.26,110.56,118.7,99.01,
9/8/2014,1255.7,1268.75,1271.85,1251.5,-1.04,19.03,19.14,19.36,18.88,-0.83,147.02,128.25,160.46,
9/5/2014,1268.85,1260.96,1273.71,1257.16,0.61,19.19,19,19.4,18.94,0.73,117.67,85.31,142.32,
9/4/2014,1261.1,1268.8,1276.76,1260.26,-0.63,19.05,19.13,19.4,18.95,-0.68,219.84,133.73,297.45,
9/3/2014,1269.07,1266.14,1271.8,1261.69,0.25,19.18,19.1,19.29,19.07,0.16,184.26,133.6,215.9,
9/2/2014,1265.9,1287.59,1288.1,1262.92,-1.66,19.15,19.46,19.54,19.03,-1.74,219.28,139.54,294.85,
9/1/2014,1287.3,1287.05,1290.36,1282.8,-0.02,19.49,19.45,19.57,19.33,0.05,227.85,139.78,310.91,
8/29/2014,1287.57,1290.29,1291.8,1283.66,-0.19,19.48,19.55,19.67,19.36,-0.61,157.34,84.78,219.23,
8/28/2014,1290,1282.75,1296.76,1283.02,0.55,19.6,19.42,19.94,19.4,0.67,97.53,72.03,120.15,
8/27/2014,1282.95,1281.09,1288,1280.4,0.16,19.47,19.34,19.55,19.29,0.41,143.08,138.32,165.85,
8/26/2014,1280.9,1276.55,1291.06,1275.5,0.34,19.39,19.34,19.71,19.26,0,118.14,81.54,136.02,
8/25/2014,1276.6,1279.67,1281.06,1274.42,-0.36,19.39,19.41,19.54,19.25,-0.31,167.6,167.08,139.36,
8/22/2014,1281.23,1276.64,1283.5,1274.49,0.31,19.45,19.42,19.63,19.26,-0.05,109.58,92.43,126.16,
8/21/2014,1277.25,1291.8,1291.8,1273.32,-1.15,19.46,19.45,19.53,19.25,-0.21,153.54,214.29,127.67,
8/20/2014,1292.15,1295.6,1297.91,1288.04,-0.26,19.5,19.43,19.65,19.35,0.1,123.03,145.36,113.67,
8/19/2014,1295.5,1297.65,1302.61,1293.96,-0.15,19.48,19.62,19.75,19.33,-0.81,216.15,140.07,260.62,
8/18/2014,1297.46,1303.91,1304.07,1295.72,-0.55,19.64,19.59,19.7,19.44,0,115.86,73.5,140.13,
8/15/2014,1304.6,1312.95,1315.41,1292.61,-0.66,19.64,19.79,20,19.46,-1.01,131.82,84.78,155.58,
8/14/2014,1313.24,1312.86,1319.6,1309.19,0.03,19.84,19.79,20.06,19.74,0,106.74,56.75,136.1,
8/13/2014,1312.86,1308.69,1315.6,1304.9,0.33,19.84,19.85,20.09,19.65,-0.3,165.85,95.72,210.49,
8/12/2014,1308.6,1307.9,1317.86,1305.46,0.04,19.9,19.95,20.19,19.8,-0.6,150.57,131.34,187.81,
8/11/2014,1308.1,1309.35,1311.66,1304.96,-0.11,20.02,19.88,20.1,19.76,0.3,206.7,158.51,246.8,
8/8/2014,1309.6,1313.5,1322.86,1306.16,-0.3,19.96,19.91,20.2,19.78,0,212.4,105.87,285.3,
8/7/2014,1313.55,1305.89,1314.75,1302.11,0.56,19.96,19.98,20.16,19.84,-0.35,177.73,128.17,226.4,
8/6/2014,1306.25,1288.05,1309.86,1287.46,1.42,20.03,19.69,20.12,19.69,1.47,159.54,125.57,195.5,
8/5/2014,1288,1287.91,1293.66,1282.56,-0.03,19.74,20.16,20.31,19.69,-2.33,172.58,210.28,151.48,
8/4/2014,1288.35,1293.98,1295.81,1286.17,-0.44,20.21,20.26,20.5,20.1,-0.59,155.7,192.68,151.79,
8/1/2014,1294.1,1282.24,1297.2,1280.9,0.92,20.33,20.35,20.58,20.18,-0.34,151.3,142.89,152.29,
7/31/2014,1282.35,1294.86,1297.56,1281.02,-0.98,20.4,20.57,20.78,20.3,-1.16,141.77,103.41,166.77,
7/30/2014,1295.05,1298.94,1302.76,1291.85,-0.28,20.64,20.52,20.74,20.41,0.34,202.23,112.9,269.06,
7/29/2014,1298.75,1304.59,1312.75,1295.85,-0.42,20.57,20.58,20.84,20.43,-0.29,169.99,164.89,175.74,
7/28/2014,1304.25,1308.25,1309.46,1301.42,-0.29,20.63,20.68,20.77,20.46,-0.43,149.44,158.91,165.68,
7/25/2014,1308.05,1294,1308.5,1290.16,1.14,20.72,20.31,20.78,20.27,1.67,180.28,127.3,212.37,
7/24/2014,1293.35,1304.14,1305.35,1287.81,-0.83,20.38,20.89,20.96,20.26,-2.58,119.6,101.17,126.57,
7/23/2014,1304.15,1307.7,1311.31,1302.61,-0.24,20.92,20.88,21.08,20.85,-0.05,217.15,102.34,308.61,
7/22/2014,1307.35,1311.89,1315.2,1301.75,-0.35,20.93,20.89,21.1,20.71,-0.05,208.98,106.39,303.18,
7/21/2014,1311.9,1311.05,1318.51,1307.01,0.08,20.94,20.83,21.14,20.77,0.43,203.45,93.61,286.29,
7/18/2014,1310.9,1318.7,1324.75,1304.57,-0.56,20.85,21.06,21.29,20.7,-1.23,207.28,241.73,273.17,
7/17/2014,1318.25,1300.24,1324.65,1297.85,1.45,21.11,20.67,21.27,20.65,1.88,147.45,143.58,165.38,
7/16/2014,1299.37,1294.4,1304.4,1292.9,0.38,20.72,20.65,20.86,20.55,0.1,160.09,130.95,184.32,
7/15/2014,1294.45,1306.85,1314.25,1292.05,-0.97,20.7,20.88,21.1,20.63,-1.1,97.3,67.48,133.68,
7/14/2014,1307.15,1338.45,1339.71,1303.21,-2.32,20.93,21.42,21.49,20.81,-2.38,151.03,200.75,150.7,
7/11/2014,1338.15,1335.81,1339.54,1333.87,0.19,21.44,21.39,21.53,21.32,0,116.43,82.37,137.41,
7/10/2014,1335.55,1319.34,1345.65,1319.34,0.67,21.44,21.05,21.6,21.03,1.61,75.13,68.09,68.15,
7/9/2014,1326.7,1319.69,1332.69,1318.5,0.59,21.1,21,21.25,20.96,0.24,109.21,96.77,147.98,
7/8/2014,1318.95,1319.75,1325.35,1313.45,-0.09,21.05,21.03,21.22,20.87,-0.09,114.52,143.77,112.86,
7/7/2014,1320.2,1320.16,1320.3,1311.9,-0.03,21.07,21.12,21.16,20.79,-0.47,124.03,175.16,120.32,
7/4/2014,1320.55,1320.29,1323.8,1318.8,0.06,21.17,21.09,21.26,21.03,0.14,92.02,45.87,122.42,
7/3/2014,1319.8,1327.7,1327.7,1309.95,-0.58,21.14,21.09,21.21,20.75,0,93.11,99.96,83.38,
7/2/2014,1327.45,1325.58,1332.21,1321.32,0.13,21.14,21.01,21.32,20.89,0.38,134.72,118.51,138.38,
7/1/2014,1325.75,1327.15,1332.41,1323.72,-0.13,21.06,20.97,21.26,20.93,0.19,127.72,106.79,143.89,
6/30/2014,1327.5,1315.8,1329.41,1310.21,0.92,21.02,20.95,21.15,20.97,-0.19,84.1,111.79,77.7,
6/27/2014,1315.35,1317.91,1322.31,1312.76,-0.2,21.06,21.05,21.23,20.9,-0.19,136.64,125.17,159.68,
6/26/2014,1317.95,1318.65,1320.15,1306.25,-0.12,21.1,20.98,21.16,20.75,0.33,95.02,84.93,103.53,
6/25/2014,1319.5,1318.74,1325.15,1310.8,0.09,21.03,20.87,21.18,20.66,0.53,94.64,125.8,98.38,
6/24/2014,1318.3,1318.54,1326.6,1314.15,0.02,20.92,20.83,21.19,20.74,0.19,155.02,146.41,162.83,
6/23/2014,1318.1,1313.7,1318.61,1309.91,0.25,20.88,20.85,20.98,20.69,-0.1,129,101.05,137.92,
6/20/2014,1314.82,1320.2,1322.4,1306.75,-0.4,20.9,20.71,21.01,20.53,0.72,143.7,158.33,188.66,
6/19/2014,1320.1,1278.44,1322.1,1276.01,3.26,20.75,19.86,20.96,19.79,4.22,104.75,110.95,97.99,
6/18/2014,1278.4,1271.3,1280,1266.96,0.54,19.91,19.69,19.96,19.63,0.86,144.56,189.41,123.64,
6/17/2014,1271.5,1271.65,1273.56,1259.16,-0.01,19.74,19.6,19.81,19.42,0.46,207.04,228.36,205.12,
6/16/2014,1271.6,1277.06,1285.16,1270.51,-0.42,19.65,19.7,19.93,19.55,-0.1,135.31,159.87,108.35,
6/13/2014,1277,1273.69,1278.2,1271,0.29,19.67,19.49,19.76,19.45,0.67,99.45,102.56,91.25,
6/12/2014,1273.36,1261.49,1275,1260.05,1,19.54,19.14,19.6,19.12,1.82,87.97,107.94,84.41,
6/11/2014,1260.74,1260.49,1265.5,1258,0,19.19,19.12,19.36,19.1,0.1,130.06,153.98,114.91,
6/10/2014,1260.8,1252.15,1263.31,1250.21,0.7,19.17,19.12,19.28,18.94,0.52,114.52,126.85,84.65,
6/9/2014,1252.08,1253.79,1257.7,1251.76,-0.05,19.07,19.01,19.23,18.96,0.26,75.93,75.7,63.14,
6/6/2014,1252.73,1253.69,1258,1246.31,-0.07,19.02,19,19.23,18.86,-0.16,52.97,49.29,46.99,
6/5/2014,1253.6,1243.8,1256.81,1241.21,0.79,19.05,18.76,19.15,18.67,1.28,107.98,138.9,75.31,
6/4/2014,1243.8,1245.24,1250,1243.5,-0.07,18.81,18.76,18.93,18.68,0,76.47,88.28,60.24,
6/3/2014,1244.65,1244.39,1248.15,1241.06,0.02,18.81,18.71,18.97,18.66,0.27,84.4,109.38,70.18,
6/2/2014,1244.35,1250.89,1250.89,1241.04,-0.54,18.76,18.79,18.92,18.62,0.16,57.28,38.07,79.38,
5/30/2014,1251.05,1256,1260.46,1242.35,-0.4,18.73,18.97,19.15,18.6,-1.52,64.88,38.05,82.51,
5/29/2014,1256.05,1258.79,1260.5,1251.55,-0.19,19.02,19.02,19.15,18.76,-0.26,114.97,114.62,119.5,
5/28/2014,1258.5,1263.7,1267.69,1256.02,-0.41,19.07,19.05,19.2,18.96,-0.16,96.48,64.12,113.66,
5/27/2014,1263.7,1292.95,1293.7,1263.5,-2.27,19.1,19.4,19.48,19,-1.8,68.71,68.49,57.13,
5/26/2014,1293.05,1292.71,1294.41,1290.91,0,19.45,19.43,19.68,19.33,0,43.23,32.32,44.93,
5/23/2014,1293.11,1294.04,1295.95,1287.99,-0.06,19.45,19.46,19.56,19.27,-0.31,110.17,139.12,103.83,
5/22/2014,1293.85,1292.04,1303.85,1290.05,0.15,19.51,19.38,19.85,19.29,0.41,58.46,64.75,48.61,
5/21/2014,1291.85,1294.15,1296.6,1283.45,-0.19,19.43,19.36,19.54,19.21,0.1,94.75,113.35,88.24,
5/20/2014,1294.25,1292.15,1297.05,1286.15,0.18,19.41,19.32,19.48,19.17,0.21,77.74,34.44,107.74,
5/19/2014,1291.95,1293.42,1305.25,1289.66,-0.14,19.37,19.25,19.72,19.24,0.31,56.46,103.2,23.48,
5/16/2014,1293.7,1296.61,1298.76,1287.85,-0.2,19.31,19.46,19.56,19.22,-1.03,79.41,82.94,100.62,
5/15/2014,1296.35,1305.45,1307.35,1291.15,-0.71,19.51,19.72,19.86,19.37,-1.32,60.23,66.71,50.08,
5/14/2014,1305.6,1294.46,1309.4,1291.79,0.95,19.77,19.48,20.02,19.44,1.23,113.31,105.43,119.35,
5/13/2014,1293.35,1295.91,1299.21,1289.25,-0.19,19.53,19.5,19.64,19.29,-0.1,114.08,78.73,131.34,
5/12/2014,1295.8,1289.2,1304.3,1280.1,0.5,19.55,19.08,19.71,18.97,2.09,93.84,74.84,93.64,
5/9/2014,1289.33,1289.5,1294.9,1285.64,-0.02,19.15,19.13,19.35,19,-0.16,119.73,137.45,102.58,
5/8/2014,1289.6,1289.74,1295.3,1285.74,0,19.18,19.3,19.42,19.05,-0.88,121.4,55.33,167.29,
5/7/2014,1289.55,1308.01,1315.31,1287,-1.38,19.35,19.52,19.79,19.24,-1.12,80.21,23.99,113.38,
5/6/2014,1307.65,1309.9,1314.71,1305,-0.17,19.57,19.53,19.74,19.41,-0.05,111.76,124.79,126.39,
5/5/2014,1309.85,1300.74,1315.95,1299.61,0.73,19.58,19.53,19.76,19.39,0.36,63.88,45.49,75.88,
5/2/2014,1300.32,1284.19,1304.9,1277.1,1.26,19.51,19,19.69,18.86,2.41,92.12,44.08,134.81,
5/1/2014,1284.1,1291.65,1293.21,1277.7,-0.6,19.05,19.11,19.27,18.82,-0.57,79.18,52.63,104.25,
4/30/2014,1291.9,1296.01,1298.01,1285.8,-0.35,19.16,19.47,19.52,19.02,-1.84,182.05,94.69,230.36,
4/29/2014,1296.48,1296.04,1301.4,1286.49,0.03,19.52,19.56,19.65,19.27,-0.46,125.79,83.6,167.36,
4/28/2014,1296.1,1303.2,1306.61,1292.3,-0.56,19.61,19.57,19.79,19.36,-0.25,116.31,46.38,170.22,
4/25/2014,1303.45,1294.01,1305.61,1290.6,0.74,19.66,19.6,19.82,19.48,0.05,125.74,94.02,150.31,
4/24/2014,1293.85,1284.01,1298.51,1268.85,0.77,19.65,19.4,19.92,18.91,1.03,66.79,39.95,88.85,
4/23/2014,1283.9,1283.51,1289.22,1281.05,0.03,19.45,19.36,19.58,19.35,0.21,114.79,65.39,150,
4/22/2014,1283.5,1290.24,1293,1277.6,-0.52,19.41,19.39,19.58,19.25,-0.15,135.49,121.1,124.32,
4/21/2014,1290.15,1294.67,1301.51,1282.01,-0.28,19.44,19.58,19.74,19.21,-1.02,89.93,99.62,66.47,
4/18/2014,1293.78,1293.78,1293.78,1293.78,-0.08,19.64,19.59,19.64,19.59,0,95.14,43.11,129.45,
4/17/2014,1294.85,1302.4,1304.8,1293.24,-0.61,19.64,19.6,19.76,19.46,-0.05,82.81,55.04,114.77,
4/16/2014,1302.8,1302.84,1307.6,1293.59,0.01,19.65,19.57,19.84,19.31,0.15,143.85,119.51,172.78,
4/15/2014,1302.65,1326.81,1328.51,1290.95,-1.79,19.62,19.92,20.07,19.24,-1.75,129.57,60.28,172.38,
4/14/2014,1326.4,1318.94,1331.2,1318.84,0.6,19.97,19.84,20.18,19.7,-0.15,125,62.31,170.76,
4/11/2014,1318.47,1317.94,1324.33,1314.24,-0.03,20,20,20.22,19.86,-0.25,52.94,37.7,62.89,
4/10/2014,1318.92,1311.64,1324.9,1310.84,0.54,20.05,19.85,20.41,19.83,0.75,85.11,52.21,108.87,
4/9/2014,1311.9,1308.25,1315.3,1300.94,0.24,19.9,19.99,20.13,19.58,-0.7,142.43,81.14,189.5,
4/8/2014,1308.72,1296.29,1314.93,1296.29,0.93,20.04,19.82,20.22,19.79,0.86,115.94,66.05,137.73,
4/7/2014,1296.65,1302.9,1304.8,1295.8,-0.46,19.87,19.95,20.06,19.75,-0.35,56.96,43.68,65.58,
4/4/2014,1302.7,1286.62,1307.09,1284.33,1.2,19.94,19.79,20.27,19.74,0.5,59.55,96.47,30.95,
4/3/2014,1287.3,1289.89,1294.2,1281.59,-0.19,19.84,19.94,20.11,19.64,-0.75,63.3,56.09,58.48,
4/2/2014,1289.8,1279.85,1295.21,1278.65,0.83,19.99,19.7,20.18,19.66,1.22,94.75,58.13,109.09,
4/1/2014,1279.15,1283.79,1288.25,1277.44,-0.4,19.75,19.71,19.94,19.6,-0.05,120.93,86.11,129.29,
3/31/2014,1284.25,1294.3,1298.81,1282.65,-0.75,19.76,19.82,20.04,19.68,-0.3,85.82,34.22,114.18,
3/28/2014,1294,1293.64,1299.2,1285.84,0.22,19.82,19.66,19.96,19.6,0.56,112.16,82,136.79,
3/27/2014,1291.14,1304.14,1307.15,1289.3,-0.99,19.71,19.68,19.89,19.54,-0.1,87.17,45.06,112.76,
3/26/2014,1304.1,1311.25,1317.01,1298.9,-0.53,19.73,19.92,20.17,19.63,-1.2,108.48,108.15,122.42,
3/25/2014,1311.05,1309.6,1317.86,1306.2,0.11,19.97,19.89,20.24,19.85,0.15,140.59,52.56,197.27,
3/24/2014,1309.62,1334.74,1334.86,1308.04,-1.87,19.94,20.25,20.33,19.84,-1.82,122.18,117.3,135.47,
3/21/2014,1334.55,1328.55,1343.04,1328.45,0.46,20.31,20.22,20.61,20.18,0.2,117.65,80.64,134.52,
3/20/2014,1328.5,1331.05,1335.21,1320.85,-0.22,20.27,20.55,20.75,20.1,-1.6,97.97,54.94,117.1,
3/19/2014,1331.45,1355.95,1360.26,1328,-1.83,20.6,20.77,20.99,20.46,-1.06,153.07,93.91,189.29,
3/18/2014,1356.25,1366.8,1367.77,1350.8,-0.78,20.82,21.13,21.27,20.59,-1.7,194.08,35.18,300.76,
3/17/2014,1366.95,1382.07,1392.37,1362.53,-1.11,21.18,21.46,21.67,21.08,-1.44,135.21,101.09,175.67,
3/14/2014,1382.24,1370.59,1388.4,1368.06,0.85,21.49,21.13,21.81,21.09,1.46,103.85,78.54,142.94,
3/13/2014,1370.6,1367.5,1375.46,1364.65,0.26,21.18,21.24,21.49,21.07,-0.52,84.94,58.62,92.36,
3/12/2014,1367.08,1349.39,1371.1,1345.44,1.27,21.29,20.82,21.44,20.76,2.01,124.27,100.66,142.08,
3/11/2014,1349.95,1339.35,1353.11,1338,0.81,20.87,20.8,21.34,20.62,0.1,115.14,97.13,132.57,
3/10/2014,1339.15,1339.27,1345.41,1329.47,-0.08,20.85,20.79,21.07,20.58,-0.38,118.64,56.77,149.96,
3/7/2014,1340.25,1351.21,1352.9,1329.75,-0.82,20.93,21.42,21.61,20.67,-2.47,165.26,131.8,189.33,
3/6/2014,1351.35,1337.45,1353.37,1331.35,1.04,21.46,21.15,21.63,21.05,1.32,142.99,61.09,186.84,
3/5/2014,1337.39,1334.83,1341.88,1332.58,0.19,21.18,21.17,21.32,21.08,-0.05,213.84,64.36,322.09,
3/4/2014,1334.9,1350.95,1352.61,1331.54,-1.18,21.19,21.38,21.55,20.98,-1.12,213.07,112.22,267.43,
3/3/2014,1350.9,1326.5,1355.41,1326.5,1.85,21.43,21.2,21.72,21.19,0.94,180.03,188.45,232.04,
2/28/2014,1326.4,1331.67,1333.91,1320.22,-0.38,21.23,21.25,21.43,21.03,-0.28,70.88,59.5,86.85,
2/27/2014,1331.44,1330.58,1336.48,1323.97,0.05,21.29,21.21,21.5,20.96,0.14,65.92,72.29,54.82,
2/26/2014,1330.75,1340.31,1345.4,1322.14,-0.75,21.26,21.83,22.07,21.04,-2.66,71.67,39.69,86.08,
2/25/2014,1340.75,1337,1344.01,1331.72,0.28,21.84,21.97,22.02,21.63,-0.77,61.57,90.03,40.96,
2/24/2014,1337,1324.99,1339,1319.11,1.03,22.01,21.81,22.21,21.49,0.82,69.37,77.8,50.48,
2/21/2014,1323.39,1322.72,1328.79,1316.12,0.04,21.83,21.8,21.96,21.56,0.05,116.56,74.97,156.33,
2/20/2014,1322.89,1311.64,1325.18,1307.85,0.85,21.82,21.52,21.91,21.39,1.3,115.87,81.54,153.03,
2/19/2014,1311.8,1321.84,1323.39,1308.93,-0.74,21.54,21.88,22.03,21.35,-1.78,85.04,56.52,94.29,
2/18/2014,1321.6,1329.2,1332.71,1312.95,-0.56,21.93,21.64,22.01,21.29,1.11,95.14,86.22,93.49,
2/17/2014,1329.1,1319.15,1330.37,1318.65,0.77,21.69,21.44,22.01,21.44,0.98,84.4,63.1,87.72,
2/14/2014,1318.93,1302.83,1321.34,1299.97,1.25,21.48,20.45,21.49,20.39,4.78,61.68,50.64,66.37,
2/13/2014,1302.7,1291.11,1302.8,1286.14,0.89,20.5,20.2,20.56,20.08,1.23,68.09,61.09,62.28,
2/12/2014,1291.25,1292.02,1296.52,1284.4,-0.05,20.25,20.21,20.39,20.06,0,59.72,31.75,72.84,
2/11/2014,1291.85,1274.79,1293.83,1273.8,1.33,20.25,20.03,20.28,19.9,0.85,77.7,81.54,68.01,
2/10/2014,1274.9,1266.31,1278.31,1265.4,0.62,20.08,20.02,20.32,19.94,0.25,55.36,73.59,30.69,
2/7/2014,1267.06,1257.68,1272.18,1256.22,0.75,20.03,19.91,20.11,19.73,0.35,60.64,52.9,63.03,
2/6/2014,1257.64,1258.14,1266.98,1252.88,-0.03,19.96,19.86,20.2,19.76,0.4,43.72,26.82,61.52,
2/5/2014,1258.01,1254.86,1273.73,1252.51,0.24,19.88,19.45,20.21,19.41,1.95,91.35,87.11,85.87,
2/4/2014,1255,1257.99,1260.93,1247.62,-0.21,19.5,19.3,19.56,19.23,0.78,51.89,86.22,28.77,
2/3/2014,1257.64,1245.14,1266.54,1240.68,1.11,19.35,19.13,19.63,19.04,1.04,156.58,87.8,187.16,
1/31/2014,1243.8,1244.07,1255.51,1238.75,0.01,19.15,19.14,19.51,19.05,-0.05,75.72,37.74,94.44,
1/30/2014,1243.7,1268.24,1268.53,1238.39,-1.95,19.16,19.71,19.8,18.97,-3.04,45.56,32.44,59.53,
1/29/2014,1268.4,1256.9,1270.27,1249.65,0.94,19.76,19.55,19.98,19.42,0.87,66.8,47.01,78.42,
1/28/2014,1256.55,1257.01,1261.51,1249.36,-0.04,19.59,19.68,19.86,19.42,-0.66,64.61,42.94,78.8,
1/27/2014,1257.07,1268.85,1278.48,1252.16,-0.96,19.72,19.9,20.09,19.54,-0.95,105.47,143.37,71.75,
1/24/2014,1269.25,1264.67,1273.31,1257.2,0.39,19.91,19.99,20.32,19.67,-0.65,106.38,73.14,122.02,
1/23/2014,1264.35,1236.64,1265.8,1231.76,2.25,20.04,19.73,20.34,19.61,1.31,61.22,54.25,67.87,
1/22/2014,1236.49,1241.55,1244.14,1236.14,-0.4,19.78,19.85,19.98,19.71,-0.6,81.95,77.4,71.73,
1/21/2014,1241.49,1254.18,1256.24,1236.07,-1.03,19.9,20.26,20.37,19.65,-2.02,125.09,129.32,100.16,
1/20/2014,1254.35,1254.01,1261,1251.32,0.04,20.31,20.27,20.46,20.23,0.15,85.71,110.58,50.31,
1/17/2014,1253.82,1242.53,1255.28,1238.05,0.91,20.28,20.08,20.43,19.94,0.9,64.95,76.18,76.25,
1/16/2014,1242.55,1241.49,1245.26,1236.55,0.07,20.1,20.17,20.29,19.93,-0.45,60.78,47.13,61.77,
1/15/2014,1241.74,1245.1,1245.39,1234.49,-0.27,20.19,20.21,20.3,19.9,-0.35,87.8,79.58,86.29,
1/14/2014,1245.1,1253.12,1255.38,1241.83,-0.67,20.26,20.39,20.63,20.11,-0.69,91.65,78.32,101.62,
1/13/2014,1253.44,1248.28,1255.18,1243.72,0.51,20.4,20.12,20.49,19.92,1.34,108.97,121.67,101.48,
1/10/2014,1247.1,1228.01,1248.81,1226.94,1.56,20.13,19.55,20.27,19.48,2.76,96.66,96.37,92.74,
1/9/2014,1228,1226.17,1231.91,1224.02,0.15,19.59,19.5,19.73,19.38,0.2,61.47,74.9,51.11,
1/8/2014,1226.1,1231.97,1232.84,1218.83,-0.49,19.55,19.83,19.91,19.28,-1.66,93.83,154.54,47.49,
1/7/2014,1232.1,1238.17,1245.86,1225.2,-0.48,19.88,20.15,20.28,19.61,-1.44,91.53,165.12,21.75,
1/6/2014,1238.05,1236.93,1248.76,1233.1,0.12,20.17,20.14,20.35,19.91,0.15,103.52,137.6,65.58,
1/3/2014,1236.55,1224.94,1240.38,1222.14,0.95,20.14,19.97,20.32,19.9,0.6,117.95,97.99,130.78,
1/2/2014,1224.89,1204.88,1231.04,1203.72,1.57,20.02,19.35,20.24,19.34,3.46,82.13,90.97,68.29,
1/1/2014,1205.9,1210.41,1210.61,1199.4,0.03,19.35,19.35,19.83,18.8,-0.57,112.16,178.91,37.31,
12/31/2013,1205.55,1196.62,1214.21,1185.11,0.76,19.46,19.53,19.85,18.8,-0.61,121.71,158.26,79.2,
12/30/2013,1196.4,1212.15,1216.26,1195.39,-1.38,19.58,20.02,20.2,19.45,-2.49,68.65,34.22,104.66,
12/27/2013,1213.19,1210.59,1219.04,1209.03,0.21,20.08,19.72,20.15,19.7,1.57,115.09,99.77,124.83,
12/26/2013,1210.7,1204.99,1216.1,1201.24,0.5,19.77,19.46,20.06,19.38,1.33,104.83,135.86,61.02,
12/25/2013,1204.7,1204.69,1205.1,1203.29,0.03,19.51,19.45,19.54,19.45,0.52,92.75,158.51,44.07,
12/24/2013,1204.35,1199.44,1206.36,1197.01,0.46,19.41,19.4,19.61,19.28,-0.21,75.74,80.55,75.58,
12/23/2013,1198.84,1203.52,1206.38,1192.77,-0.37,19.45,19.34,19.54,19.25,0.36,47.47,42.07,43.86,
12/20/2013,1203.25,1190.51,1207.6,1185.71,1.1,19.38,19.27,19.53,19.1,0.62,106.17,70.56,147.14,
12/19/2013,1190.1,1217.96,1226.76,1186.8,-2.3,19.26,19.73,19.91,19.09,-2.58,67.33,80.55,61.58,
12/18/2013,1218.07,1231.54,1244.7,1216.15,-0.98,19.77,19.87,20.29,19.62,-0.75,112.79,124.93,97.26,
12/17/2013,1230.1,1240.3,1248.6,1227.8,-0.84,19.92,19.93,20.27,19.65,-0.3,116,137.06,92.89,
12/16/2013,1240.57,1238.08,1251.89,1227.59,0.18,19.98,19.63,20.32,19.42,1.42,41.46,0,68.96,
12/13/2013,1238.3,1223.8,1239,1220.6,1.18,19.7,19.48,19.79,19.27,1.08,45.22,15.03,62.67,
12/12/2013,1223.8,1251.3,1257.4,1223.5,-2.23,19.49,20.28,20.37,19.39,-3.99,57.64,42.34,65.58,
12/11/2013,1251.75,1260.91,1263.4,1250.5,-0.71,20.3,20.37,20.48,20.19,-0.49,67.52,15.84,99.08,
12/10/2013,1260.72,1240.82,1267.74,1237.97,1.59,20.4,19.84,20.47,19.71,2.67,61.12,56.87,60.99,
12/9/2013,1240.94,1229.58,1243.19,1225.38,0.98,19.87,19.44,20,19.4,1.9,65.9,35.04,80.37,
12/6/2013,1228.85,1225.22,1243.61,1212.41,0.32,19.5,19.33,19.8,19.21,0.62,49.92,56.88,41.51,
12/5/2013,1224.88,1243.77,1244,1217.3,-1.51,19.38,19.67,19.77,19.19,-1.57,44.55,31.72,58.21,
12/4/2013,1243.66,1223.89,1250.75,1211.89,1.62,19.69,19.11,19.89,18.86,2.82,99.3,95.03,112.29,
12/3/2013,1223.89,1220.04,1226.38,1215.98,0.31,19.15,19.14,19.35,18.94,-0.05,81.95,94.6,64.56,
12/2/2013,1220.05,1251.42,1251.42,1217.78,-2.67,19.16,19.93,19.97,19.08,-4.15,37.75,9.41,54.93,
11/29/2013,1253.49,1246.24,1256.11,1242.26,0.75,19.99,19.61,20.11,19.61,1.32,76.1,55.9,79.94,
11/28/2013,1244.15,1237.76,1245.82,1235.32,0.55,19.73,19.64,19.81,19.52,0.31,57.8,21.61,78.1,
11/27/2013,1237.4,1243.42,1254.81,1236.65,-0.47,19.67,19.85,20.13,19.58,-1.06,67.52,42.07,91.23,
11/26/2013,1243.3,1252.6,1256.89,1239.89,-0.74,19.88,20.27,20.33,19.75,-2.17,186.74,97.13,243.04,
11/25/2013,1252.6,1242.08,1253.54,1227.72,0.72,20.32,19.81,20.32,19.54,2.21,164.52,17.73,273.6,
11/22/2013,1243.6,1243.01,1249.32,1241.55,0.07,19.88,19.93,20.07,19.79,-0.45,76.55,55.5,81.01,
11/21/2013,1242.75,1243.19,1250.01,1236.69,-0.04,19.97,19.82,20.09,19.68,0.66,62.15,43.37,77.52,
11/20/2013,1243.2,1275.62,1276.67,1241.3,-2.51,19.84,20.35,20.51,19.76,-2.6,81.34,58.97,98.38,
11/19/2013,1275.25,1274.71,1279.02,1269.3,0.07,20.37,20.37,20.53,20.15,-0.2,94.16,85.33,85.41,
11/18/2013,1274.35,1290.45,1290.61,1270.35,-1.22,20.41,20.74,20.84,20.27,-1.92,83.28,46.12,100.02,
11/15/2013,1290.05,1287.04,1291.14,1280.42,0.21,20.81,20.78,20.88,20.54,0.1,92.95,51.89,129.84,
11/14/2013,1287.39,1278.67,1294.38,1278.53,0.66,20.79,20.54,20.94,20.53,0.97,99.48,79.34,110.29,
11/13/2013,1278.99,1267.58,1279.24,1265.89,0.87,20.59,20.67,20.88,20.4,-0.63,45.27,22.57,56.47,
11/12/2013,1267.99,1283.07,1285.3,1261.28,-1.19,20.72,21.34,21.37,20.54,-3.04,88.02,23.93,126.41,
11/11/2013,1283.28,1288.76,1288.91,1279.39,-0.38,21.37,21.46,21.5,21.21,-0.65,91.38,72.88,91.18,
11/8/2013,1288.2,1307.84,1313.06,1281.4,-1.51,21.51,21.64,21.85,21.22,-0.69,120.52,43.69,163.99,
11/7/2013,1307.95,1318.16,1325.71,1298.71,-0.79,21.66,21.8,22,21.36,-0.73,53.58,56.56,57.66,
11/6/2013,1318.4,1311.97,1322.31,1309.45,0.52,21.82,21.68,22.06,21.58,0.55,76.1,55.9,79.94,
11/5/2013,1311.6,1314.85,1319.77,1306.75,-0.24,21.7,21.61,21.78,21.52,0.14,59.76,68.09,42.6,
11/4/2013,1314.74,1315.12,1322.24,1311.74,-0.05,21.67,21.83,21.95,21.55,-0.87,55.29,36.74,61.3,
11/1/2013,1315.35,1323.7,1327.86,1306.3,-0.64,21.86,21.79,22.02,21.66,-0.18,64.67,64.47,59.75,
10/31/2013,1323.8,1343.3,1343.4,1319.4,-1.41,21.9,22.69,22.74,21.79,-3.69,60.23,106.74,11.13,
10/30/2013,1342.8,1344.05,1359.77,1334.81,-0.11,22.74,22.54,23.16,22.33,0.75,88.23,111.94,93.37,
10/29/2013,1344.3,1352.1,1360.67,1340.87,-0.58,22.57,22.47,22.65,22.26,0.22,65.84,82.05,41.06,
10/28/2013,1352.2,1353.16,1362.21,1346.5,0.01,22.52,22.52,22.73,22.32,-0.22,73.31,100.49,45.72,
10/25/2013,1352.13,1346.73,1355.6,1336.54,0.37,22.57,22.67,22.78,22.23,-0.62,50.85,57.94,36.24,
10/24/2013,1347.15,1332.35,1352.22,1330.6,1.11,22.71,22.43,22.9,22.43,0.75,60.84,40.44,73.08,
10/23/2013,1332.35,1340.75,1342.57,1329.8,-0.62,22.54,22.65,22.84,22.43,-0.62,88.34,96.07,80.13,
10/22/2013,1340.65,1315.5,1345.07,1310.45,1.89,22.68,22.18,22.85,21.95,1.98,70.65,93.91,45.69,
10/21/2013,1315.75,1316.66,1324.42,1313.56,-0.04,22.24,21.9,22.35,21.81,1.41,133.98,119.75,145.98,
10/18/2013,1316.24,1319.18,1325.7,1311.95,-0.26,21.93,21.8,22.06,21.69,0.18,72.72,58,78.61,
10/17/2013,1319.7,1282.3,1324.67,1274.8,2.97,21.89,21.34,22.21,21.06,2.34,63.64,63.45,68.8,
10/16/2013,1281.6,1280.6,1287.51,1269.57,0.06,21.39,21.29,21.46,21.04,0.42,66.41,31.15,84.45,
10/15/2013,1280.8,1273.15,1288.51,1252.27,0.58,21.3,21.25,21.54,20.48,0,102.45,119.16,70.99,
10/14/2013,1273.4,1272.8,1289.47,1268.8,0.02,21.3,21.19,21.71,21.07,0.33,85.28,80.55,89.58,
10/11/2013,1273.11,1286.93,1294.45,1262.63,-1.02,21.23,21.62,21.86,20.95,-2.03,66.39,55.74,69.73,
10/10/2013,1286.24,1307.22,1311.78,1283.03,-1.6,21.67,21.88,22.23,21.51,-1.1,57.74,54.53,70.76,
10/9/2013,1307.2,1319.06,1321.95,1294.65,-0.88,21.91,22.27,22.42,21.73,-1.7,87.78,53.26,107.9,
10/8/2013,1318.8,1321.49,1330.1,1316.3,-0.23,22.29,22.32,22.5,22.09,-0.27,93.83,138.28,67.84,
10/7/2013,1321.79,1311.04,1328.44,1308.81,0.8,22.35,21.76,22.48,21.59,2.76,125.09,203.22,53.93,
10/4/2013,1311.35,1317.15,1323.86,1306.56,-0.45,21.75,21.54,21.9,21.45,0.55,102.03,128.84,73.53,
10/3/2013,1317.3,1316.75,1321.31,1302.42,0.16,21.63,21.7,21.85,21.39,-0.6,40.21,43.17,51.44,
10/2/2013,1315.25,1286.75,1323.82,1278.85,2.23,21.76,21.12,22.04,20.93,2.84,65.56,53.82,76.96,
10/1/2013,1286.6,1327.75,1337.77,1283.2,-3.08,21.16,21.61,21.99,20.57,-2.44,132.82,147.98,116.94,
9/30/2013,1327.55,1335.9,1344.22,1323.56,-0.65,21.69,21.72,22.08,21.4,-0.41,116.46,94.6,143.46,
9/27/2013,1336.2,1323.64,1344.3,1320.43,0.94,21.78,21.68,22.15,21.45,0.28,131.37,84.95,171.23,
9/26/2013,1323.7,1333.5,1339.21,1319.15,-0.74,21.72,21.75,22.13,21.6,-0.37,129.27,109.54,145.12,
9/25/2013,1333.6,1322.8,1338.51,1317.11,0.79,21.8,21.72,21.97,21.44,0.32,124.93,104.45,127.34,
9/24/2013,1323.2,1321.35,1329.57,1306.51,0.08,21.73,21.59,22.04,21.28,0.37,174.12,216.98,130.31,
9/23/2013,1322.15,1326.2,1332.11,1314.26,-0.24,21.65,21.67,21.96,21.35,-0.87,164.71,228.06,152.18,
9/20/2013,1325.38,1366.18,1368.4,1324.86,-2.9,21.84,22.92,23.18,21.68,-5.37,90.8,73.76,100.67,
9/19/2013,1365,1365.55,1375.15,1358.8,-0.01,23.08,22.89,23.44,22.8,0.7,58.44,30.66,76.73,
9/18/2013,1365.15,1309.7,1367.77,1291.95,4.24,22.92,21.62,23.26,21.18,5.48,83.11,102.58,59.24,
9/17/2013,1309.65,1313.6,1323.92,1306.5,-0.33,21.73,21.75,22.13,21.6,-0.32,112.64,91.5,111.01,
9/16/2013,1314,1329.6,1332.92,1304.46,-0.96,21.8,22.19,22.36,21.63,-2.02,127.76,109.17,129,
9/13/2013,1326.72,1321.36,1331.03,1305.03,0.43,22.25,21.71,22.28,21.35,2.11,95.27,116.9,79.22,
9/12/2013,1321.05,1367.4,1367.5,1321.05,-3.34,21.79,23.13,23.23,21.69,-6.08,76.3,95.08,74.02,
9/11/2013,1366.75,1364.25,1368.51,1357.46,0.17,23.2,22.96,23.24,22.75,0.96,110.55,98.81,139.47,
9/10/2013,1364.45,1387.95,1391.52,1358.2,-1.63,22.98,23.66,23.8,22.78,-3.08,66.75,74.86,62.44,
9/9/2013,1387.05,1391.45,1391.45,1382.83,-0.33,23.71,23.87,23.96,23.42,-0.67,111.56,154,64.22,
9/6/2013,1391.61,1365.72,1393.2,1363.28,1.74,23.87,23.08,23.96,22.98,2.89,126.08,129.5,114.37,
9/5/2013,1367.85,1392.1,1399.92,1365.77,-1.7,23.2,23.38,23.69,22.98,-1.23,89.53,82.88,85.08,
9/4/2013,1391.45,1412.1,1415.22,1384.85,-1.5,23.49,24.25,24.43,23.31,-3.21,50.25,66.8,41.79,
9/3/2013,1412.65,1391.6,1416.61,1384.7,1.27,24.27,24.17,24.57,23.95,0.37,105.58,96.48,124.37,
9/2/2013,1394.9,1396.46,1398.31,1380.05,-0.11,24.18,23.4,24.39,23.05,2.85,104.61,46.35,144.97,
8/30/2013,1396.4,1408.55,1411.62,1392.77,-0.84,23.51,23.84,24.03,23.36,-1.55,122.4,114.4,120.87,
8/29/2013,1408.25,1418.05,1418.52,1403.17,-0.72,23.88,24.32,24.45,23.65,-2.09,187.64,179.87,198.04,
8/28/2013,1418.5,1417.1,1434.17,1413.9,0.13,24.39,24.45,25.13,24.21,-0.49,140.36,159.92,120.05,
8/27/2013,1416.65,1405.16,1424.02,1396.75,0.84,24.51,24.3,24.71,23.94,0.78,154.75,202.48,112.59,
8/26/2013,1404.9,1398.88,1404.86,1391.44,0.58,24.32,23.99,24.42,23.89,1.33,110.1,133.62,71.65,
8/23/2013,1396.85,1375.79,1400.21,1369.14,1.53,24,23.09,24.13,22.87,3.67,98.12,164.34,52.22,
8/22/2013,1375.85,1366.5,1381.61,1355.8,0.7,23.15,22.81,23.36,22.43,1.18,58.66,75.68,45.91,
8/21/2013,1366.35,1371.8,1378.81,1360.1,-0.35,22.88,22.94,23.38,22.72,-0.65,62.34,82.87,55.3,
8/20/2013,1371.17,1366.39,1376.2,1355.26,0.38,23.03,23.13,23.29,22.48,-0.56,96.35,73.18,99.19,
8/19/2013,1365.98,1376.35,1384.6,1362.49,-0.76,23.16,23.23,23.64,22.94,-0.39,113.09,159.72,62.69,
8/16/2013,1376.4,1367.3,1380.21,1357.95,0.76,23.25,22.94,23.45,22.74,1.09,48.6,74.55,49.74,
8/15/2013,1366.05,1335.19,1369.9,1319.31,2.31,23,21.89,23.19,21.71,5.17,75.86,63.02,84.11,
8/14/2013,1335.2,1321.4,1337.3,1316.55,1.05,21.87,21.44,21.91,21.25,1.91,42.36,33.78,42.27,
8/13/2013,1321.3,1336.9,1341.72,1319.27,-1.13,21.46,21.37,21.81,21.11,0.28,78.56,78.32,65.32,
8/12/2013,1336.4,1314.6,1343.67,1314.6,1.67,21.4,20.57,21.5,20.53,4.04,84.81,99.47,82.97,
8/9/2013,1314.5,1312.09,1317,1305.56,0.19,20.57,20.22,20.61,20.06,1.58,81.24,117.81,67.56,
8/8/2013,1312,1287.7,1314.56,1283.85,1.88,20.25,19.55,20.38,19.5,3.37,95.33,88.24,101.91,
8/7/2013,1287.75,1281.95,1289.42,1273.25,0.46,19.59,19.48,19.66,19.13,0.36,128.68,182.09,131.17,
8/6/2013,1281.9,1303.85,1307.27,1279.85,-1.69,19.52,19.7,19.83,19.44,-1.06,65.87,93.82,62.6,
8/5/2013,1303.95,1313.1,1319.91,1297.86,-0.61,19.73,19.89,20.04,19.53,-1.05,85.84,70.48,92.38,
8/2/2013,1312,1307.79,1318.4,1283.19,0.23,19.94,19.6,20.31,19.19,1.63,43.64,31.64,52.78,
8/1/2013,1308.95,1322.7,1330.77,1307.2,-1.07,19.62,19.82,20.03,19.53,-1.16,45.96,65.46,27.3,
7/31/2013,1323.1,1326.9,1338.87,1305.91,-0.32,19.85,19.74,20.16,19.36,0.51,50.38,58.6,34.91,
7/30/2013,1327.3,1328,1330.38,1318.5,-0.02,19.75,19.81,19.93,19.52,-0.5,96.22,82.22,106.68,
7/29/2013,1327.6,1333.91,1338.71,1323.32,-0.47,19.85,19.99,20.25,19.66,-0.75,101.85,135.38,56.46,
7/26/2013,1333.9,1333.96,1340.82,1312.82,0.02,20,20.21,20.37,19.65,-1.23,87.67,68.4,95.09,
7/25/2013,1333.65,1321.4,1338.02,1309.35,0.93,20.25,20.12,20.35,19.77,0.3,54.64,68.09,39.76,
7/24/2013,1321.3,1347.8,1348.3,1313.55,-1.99,20.19,20.48,20.55,19.97,-1.46,49.38,65.64,41.06,
7/23/2013,1348.1,1335.25,1348.3,1327.15,0.91,20.49,20.52,20.55,20.09,-0.39,74.89,105.39,58.61,
7/22/2013,1335.9,1297.4,1339.77,1311.76,3.05,20.57,19.55,20.65,19.64,5.43,78.06,77.82,64.91,
7/19/2013,1296.35,1285.2,1297.95,1282.55,0.88,19.51,19.38,19.66,19.29,0.62,83.67,98.58,75.9,
7/18/2013,1285.1,1276.1,1288.7,1275.05,0.71,19.39,19.25,19.61,19.21,0.52,55.37,25.98,81.25,
7/17/2013,1276,1293,1297.61,1274.21,-1.28,19.29,19.98,20.12,19.28,-3.65,117.41,108.69,118.55,
7/16/2013,1292.6,1282.3,1295.95,1277.56,0.78,20.02,19.92,20.09,19.66,0.4,100.76,75.34,111.72,
7/15/2013,1282.6,1285.45,1294.32,1276.26,-0.18,19.94,19.9,20.18,19.65,0.15,125.86,110.41,117.21,
7/12/2013,1284.9,1286.67,1288.86,1267.9,-0.03,19.91,20.13,20.26,19.62,-1.19,75.11,102.46,39.44,
7/11/2013,1285.3,1264.8,1298.97,1278.81,1.67,20.15,19.33,20.31,19.65,3.97,77.26,70.6,80.31,
7/10/2013,1264.25,1250.5,1266.22,1244.47,1.14,19.38,19.24,19.57,19,0.52,87.17,104.29,65.24,
7/9/2013,1249.95,1237.4,1261.02,1233.9,1.05,19.28,19.06,19.54,18.97,1,98.95,111.51,78.7,
7/8/2013,1237,1223.21,1239.41,1215.95,1.08,19.09,18.96,19.34,18.68,1.22,87.94,87.67,81.25,
7/5/2013,1223.8,1249.28,1250.86,1207.99,-2.12,18.86,19.56,19.65,18.64,-3.58,67.95,33.87,91.82,
7/4/2013,1250.3,1251.3,1257.82,1245.4,-0.16,19.56,19.72,19.89,19.37,-0.91,77.55,58.91,79.84,
7/3/2013,1252.3,1242.65,1260.71,1237.05,0.79,19.74,19.38,19.94,19.32,1.91,84.94,48.39,114.35,
7/2/2013,1242.5,1253.35,1266.55,1241.8,-0.86,19.37,19.64,19.83,19.28,-1.22,107.83,77.4,129.12,
7/1/2013,1253.3,1233.49,1261.11,1226.31,1.54,19.61,19.59,19.97,19.39,-0.25,71.91,114.7,39.86,
6/28/2013,1234.25,1200.3,1245.61,1181.82,2.79,19.66,18.41,19.72,18.19,6.27,39.44,42.89,41.73,
6/27/2013,1200.75,1226.6,1245.46,1198.06,-2.09,18.5,18.5,19.02,18.34,-0.32,39.09,32.47,43.34,
6/26/2013,1226.35,1278.1,1277.62,1222.91,-3.99,18.56,19.59,19.68,18.39,-5.45,96.84,104.58,80.52,
6/25/2013,1277.35,1282.1,1289.41,1271.92,-0.35,19.63,19.65,19.89,19.43,-0.36,85.93,94.23,71.45,
6/24/2013,1281.9,1297.3,1301.62,1276.35,-1.18,19.7,20.1,20.25,19.43,-2.14,89.89,125.46,52.32,
6/21/2013,1297.25,1278.34,1348.41,1269.39,1.51,20.13,19.61,21.35,19.35,2.65,73.69,95.51,61.28,
6/20/2013,1278,1351.51,1348.52,1276.8,-5.42,19.61,21.33,21.35,19.56,-8.19,91.32,94.17,89.02,
6/19/2013,1351.3,1367.7,1376.02,1349.35,-1.25,21.36,21.66,21.85,21.23,-1.52,116.44,136.1,113.52,
6/18/2013,1368.4,1384.9,1386.16,1361.15,-1.19,21.69,21.84,21.99,21.49,-0.87,124.22,99.07,130.84,
6/17/2013,1384.85,1391.29,1392.11,1380.94,-0.42,21.88,22.03,22.09,21.65,-0.95,149.3,102.33,178.46,
6/14/2013,1390.7,1385.89,1392.11,1378.54,0.34,22.09,21.85,22.35,21.66,1.1,79.86,62.31,86.62,
6/13/2013,1386.05,1388.26,1395.27,1374.7,-0.17,21.85,21.76,22.03,21.55,-0.14,82.1,132.22,68.27,
6/12/2013,1388.4,1379.5,1394.87,1374.35,0.64,21.88,21.62,22.03,21.56,1.02,80.89,76.8,70.46,
6/11/2013,1379.6,1387.01,1387.12,1367.26,-0.53,21.66,21.82,21.98,21.45,-1.37,126.31,146.23,94.87,
6/10/2013,1386.9,1378.89,1389.06,1376.49,0.18,21.96,21.43,22.13,21.37,1.24,97.7,120.59,77.37,
6/7/2013,1384.47,1413.72,1418.03,1377.86,-2.06,21.69,22.59,22.85,21.51,-4.2,156.53,188.71,145.29,
6/6/2013,1413.65,1403.3,1423.66,1391.84,0.74,22.64,22.54,22.94,22.3,0.31,80.58,101.15,69.48,
6/5/2013,1403.3,1398.94,1410.51,1395.69,0.24,22.57,22.45,22.79,22.31,0.31,58.66,38.99,65.04,
6/4/2013,1399.9,1412,1415.62,1389.86,-0.83,22.5,22.71,22.82,22.26,-1.14,110.15,73.21,128.91,
6/3/2013,1411.6,1389.09,1416.61,1388.94,1.78,22.76,22.26,23.01,22.23,2.25,62.93,53.77,59.8,
5/31/2013,1386.9,1413.75,1421.5,1384.64,-1.9,22.26,22.73,22.95,22.12,-2.28,67.15,59.5,80.65,
5/30/2013,1413.75,1392.95,1418.31,1388.69,1.49,22.78,22.47,23.14,22.35,1.24,95.19,94.9,89.71,
5/29/2013,1392.95,1380.79,1395.16,1379.99,0.88,22.5,22.22,22.54,22.15,1.03,108.15,95.84,139.89,
5/28/2013,1380.85,1394.24,1400.55,1374.14,-1,22.27,22.62,22.69,22.11,-1.81,157.53,139.6,189.21,
5/27/2013,1394.78,1388.15,1396.9,1384.24,0.63,22.68,22.4,22.81,22.31,1.11,126.39,126,140.13,
5/24/2013,1386.05,1391.2,1398.45,1382.7,-0.37,22.43,22.56,22.69,22.28,-0.8,104.99,158.8,54.19,
5/23/2013,1391.2,1369.2,1397.85,1356.74,1.59,22.61,22.19,22.72,21.94,1.66,100.92,136.12,74.05,
5/22/2013,1369.4,1376.95,1415.11,1355.47,-0.5,22.24,22.38,23.35,22.16,-0.85,76.77,76.53,70.22,
5/21/2013,1376.3,1394.75,1401.76,1360.3,-1.28,22.43,22.92,22.99,22.05,-2.35,95.36,90.93,117.21,
5/20/2013,1394.15,1363.09,1399.1,1339.45,2.57,22.97,22.22,23.13,20.84,3.1,123.03,154.44,106.09,
5/17/2013,1359.2,1387.39,1392.96,1355.6,-1.95,22.28,22.66,22.84,22.12,-1.85,105.8,138.2,97.08,
5/16/2013,1386.3,1392.71,1398.52,1369.9,-0.47,22.7,22.57,22.84,22.09,0.35,89.79,121.48,74.66,
5/15/2013,1392.9,1426.5,1430.85,1389.65,-2.32,22.62,23.36,23.53,22.47,-3.37,44.51,59.17,30.85,
5/14/2013,1426,1431.1,1445.57,1422.26,-0.32,23.41,23.6,23.83,23.11,-1.01,86.74,74.12,89.3,
5/13/2013,1430.55,1448.69,1448.69,1426.34,-1.22,23.65,23.85,23.92,23.47,-0.92,78.76,110.85,53.93,
5/10/2013,1448.2,1458.79,1462.36,1421.11,-0.69,23.87,23.65,23.95,23.15,0.72,61.08,71.63,41.83,
5/9/2013,1458.2,1473.3,1476.01,1453.7,-0.99,23.7,23.92,24.22,23.53,-1,65.07,80.32,51.53,
5/8/2013,1472.8,1452.7,1476.97,1447.9,1.39,23.94,23.89,24.12,23.64,0,84.94,46.19,102.73,
5/7/2013,1452.6,1470.2,1470.78,1441.72,-1.15,23.94,23.98,24.1,23.43,-0.37,83.02,99.32,82.84,
5/6/2013,1469.5,1470.5,1479.06,1465.1,-0.08,24.03,24.12,24.47,23.82,-0.37,88.4,139.14,61.9,
5/3/2013,1470.7,1467.45,1488.3,1456.4,0.25,24.12,23.79,24.4,23.4,1.17,82.3,136.74,28.51,
5/2/2013,1467.1,1457.65,1474.26,1449.3,0.65,23.84,23.53,24.23,23.37,1.1,70.48,76.65,74.59,
5/1/2013,1457.6,1476.55,1478.57,1440.6,-1.32,23.58,24.28,24.39,23.21,-3.08,68.93,76.36,63.69,
4/30/2013,1477.1,1475.99,1479.31,1460.99,0.03,24.33,24.52,24.57,24.01,-0.94,74.63,90.93,55.16,
4/29/2013,1476.65,1464.85,1478.56,1462.45,0.93,24.56,23.93,24.63,23.93,2.21,89.41,98.05,66.91,
4/26/2013,1463,1467.95,1485.31,1448.69,-0.33,24.03,24.33,24.87,23.61,-1.44,98.46,91.15,99.42,
4/25/2013,1467.85,1431.45,1469.46,1427.25,2.55,24.38,23.09,24.43,23.05,5.36,76.64,124.51,61.37,
4/24/2013,1431.3,1412.69,1433.4,1411.79,1.27,23.14,22.9,23.38,22.79,0.83,104.45,111.57,93.06,
4/23/2013,1413.35,1426.86,1432.42,1406.55,-0.9,22.95,23.38,23.49,22.57,-2.05,153.32,152.85,134.2,
4/22/2013,1426.25,1405.17,1439.77,1404.61,1.56,23.43,23.23,23.73,23.09,0.9,165.17,137.22,160.23,
4/19/2013,1404.35,1391.21,1425.01,1386.46,0.94,23.22,23.24,23.89,22.87,-0.3,91.21,50.92,115.28,
4/18/2013,1391.25,1376.8,1401.96,1340.36,1.03,23.29,23.27,23.72,22.46,-0.13,82.5,88.57,84.43,
4/17/2013,1377,1369.3,1395.1,1365.1,0.59,23.32,23.37,23.77,22.83,-0.43,153.72,245.19,70.3,
4/16/2013,1368.9,1353.86,1402.35,1322.46,1.16,23.42,22.58,23.98,22.04,3.49,108.67,144.45,113.79,
4/15/2013,1353.25,1478.3,1495.66,1336.54,-8.49,22.63,25.85,26.13,22.54,-12.59,105.31,76.36,111.45,
4/12/2013,1478.85,1560.69,1564.86,1477.5,-5.28,25.89,27.61,27.73,25.74,-6.33,97.21,44.73,149.23,
4/11/2013,1561.35,1559.3,1568.42,1553.71,0.17,27.64,27.61,27.87,27.4,-0.04,54.7,42.42,60.65,
4/10/2013,1558.75,1584.95,1588.91,1556,-1.67,27.65,27.93,28.05,27.49,-1.14,92.13,63.89,106.58,
4/9/2013,1585.2,1572.94,1590.5,1570.44,0.73,27.97,27.25,28.11,27.18,2.49,82.03,70.1,97.45,
4/8/2013,1573.7,1581.25,1583.37,1567.55,-0.52,27.29,27.32,27.46,27.12,-0.18,121.85,80.98,172.63,
4/5/2013,1582,1553.32,1582.05,1549.34,1.85,27.34,26.9,27.37,26.76,1.52,99.52,49.61,130.04,
4/4/2013,1553.32,1557.96,1559.87,1540.35,-0.29,26.93,26.92,27.1,26.62,-0.11,123.72,80.17,149.17,
4/3/2013,1557.85,1576.04,1577.41,1550.19,-1.14,26.96,27.21,27.39,26.72,-1.03,77.13,56.66,81.01,
4/2/2013,1575.85,1599.6,1604.21,1574,-1.44,27.24,28.01,28.21,27.16,-2.89,72.48,25.5,99.26,
4/1/2013,1598.9,1597.74,1601.31,1594.94,0.14,28.05,28.25,28.42,27.85,-1.13,99.56,36.09,142.99,
3/28/2013,1596.74,1605.76,1607.88,1594.06,-0.54,28.37,28.63,28.87,28.18,-1.05,57.27,48.08,60.15,
3/27/2013,1605.4,1599.31,1608.61,1591.5,0.39,28.67,28.71,28.84,28.09,-0.28,100.5,160.31,60.17,
3/26/2013,1599.2,1605.6,1606.27,1594.85,-0.39,28.75,28.81,28.9,28.61,-0.35,87.94,116.9,48.75,
3/25/2013,1605.4,1609.3,1613.76,1589.99,-0.19,28.85,28.73,28.94,28.44,0.49,102.82,89.13,111.52,
3/22/2013,1608.45,1614.7,1616.35,1603.79,-0.39,28.71,29.13,29.21,28.53,-1.58,109.62,129.77,113.94,
3/21/2013,1614.7,1606.58,1616.97,1604.65,0.51,29.17,28.78,29.36,28.72,1.28,85.62,53.35,102.35,
3/20/2013,1606.5,1613.5,1615.21,1603.55,-0.43,28.8,28.87,29.04,28.6,-0.38,72.51,83.7,50.77,
3/19/2013,1613.4,1605.41,1615.77,1600.15,0.5,28.91,28.84,29.12,28.64,0.1,82.03,70.1,84.45,
3/18/2013,1605.3,1597.26,1611.31,1592.56,0.81,28.88,28.81,29.16,28.58,0.38,107.29,115.87,96.65,
3/15/2013,1592.45,1590.41,1598.81,1588.9,0.14,28.77,28.78,29.05,28.69,-0.17,86.63,62.18,121.01,
3/14/2013,1590.3,1587.9,1593.5,1576.99,0.16,28.82,28.87,29,28.53,-0.31,49.97,29.3,63.55,
3/13/2013,1587.8,1592.91,1599.61,1585.55,-0.31,28.91,29.11,29.37,28.83,-0.79,104.33,66.86,136.33,
3/12/2013,1592.7,1582.01,1598.81,1580.25,0.74,29.14,28.95,29.39,28.86,0.52,92.6,109.1,91,
3/11/2013,1581,1578.4,1583.61,1575.65,0.17,28.99,28.93,29.12,28.69,0.03,70.57,99.32,62.13,
3/8/2013,1578.35,1579.12,1583.51,1561.41,-0.03,28.98,28.86,29.26,28.31,0.28,92.4,75.05,108.13,
3/7/2013,1578.9,1583.59,1585.89,1574.94,-0.3,28.9,29.02,29.09,28.73,-0.48,89.29,94.95,89.09,
3/6/2013,1583.69,1575.28,1584.79,1567.53,0.52,29.04,28.67,29.08,28.54,1.22,89.93,52.3,112.17,
3/5/2013,1575.44,1573.88,1586.3,1571.72,0.09,28.69,28.54,29.15,28.49,0.38,85.88,73.39,88.42,
3/4/2013,1573.95,1579.01,1585.11,1569.65,-0.08,28.58,28.5,28.83,28.4,0,45.38,54.29,52.83,
3/1/2013,1575.24,1580.18,1587.29,1564.83,-0.31,28.58,28.5,28.79,27.94,0.18,56.75,42.43,70.78,
2/28/2013,1580.14,1597.38,1602.98,1574.72,-1.09,28.53,28.99,29.18,28.38,-1.69,66.07,11.98,99.89,
2/27/2013,1597.6,1613.39,1614.89,1592.33,-0.98,29.02,29.38,29.44,28.82,-1.26,119.16,95.03,151.93,
2/26/2013,1613.49,1593.93,1620.05,1584.6,1.21,29.39,29.01,29.48,28.58,1.24,114.36,102.22,111.49,
2/25/2013,1594.24,1581.29,1597.18,1575.18,0.86,29.03,28.71,29.26,28.56,1.11,49.63,57.72,41.27,
2/22/2013,1580.7,1576,1587.25,1570.16,0.3,28.71,28.64,28.94,28.35,0.17,81.15,95.61,61.35,
2/21/2013,1576.05,1563.09,1584.88,1554.88,0.84,28.66,28.53,28.91,28.3,0.39,33.25,12.05,45.24,
2/20/2013,1562.9,1604.71,1609.82,1558.85,-2.6,28.55,29.4,29.66,28.26,-3.02,86.96,110.34,65.74,
2/19/2013,1604.6,1609.93,1615.34,1600.72,-0.34,29.44,29.84,30.15,29.2,-1.8,113.03,86.68,137.36,
2/18/2013,1610.05,1609.95,1619,1607.33,0.04,29.98,29.78,30.19,29.77,0.71,63.1,73.39,69.96,
2/15/2013,1609.44,1634.53,1636.1,1598.42,-1.55,29.77,30.38,30.48,29.65,-2.07,73.3,90.48,58.05,
2/14/2013,1634.85,1642.84,1650.05,1632.72,-0.48,30.4,30.75,31.09,30.2,-1.2,86.19,85.92,90.78,
2/13/2013,1642.74,1650.85,1653.59,1640.33,-0.49,30.77,31.09,31.23,30.7,-1.09,176.87,80.81,232.86,
2/12/2013,1650.8,1647.94,1653.5,1639.22,0.06,31.11,30.92,31.15,30.56,0.29,91.14,102.71,72.49,
2/11/2013,1649.74,1666.93,1669.7,1643.62,-1.07,31.02,31.4,31.54,30.79,-1.27,98.35,169.35,29.74,
2/8/2013,1667.5,1671.72,1673.91,1665.45,-0.23,31.42,31.44,31.7,31.31,-0.16,91.72,126.61,58.67,
2/7/2013,1671.3,1677.71,1683.51,1663.41,-0.37,31.47,31.8,31.92,31.26,-1.16,75.93,126.17,36.83,
2/6/2013,1677.49,1672.62,1679.49,1668.22,0.27,31.84,31.79,31.9,31.58,0.13,92.02,122.31,76.51,
2/5/2013,1673,1674.21,1684.9,1666.76,-0.08,31.8,31.72,32.12,31.59,0.19,81.39,89.25,67.68,
2/4/2013,1674.4,1667.55,1677.61,1661.79,0.43,31.74,31.82,31.92,31.36,-0.28,82.71,86.79,86.87,
2/1/2013,1667.15,1664.02,1682.31,1660.35,0.21,31.83,31.43,32.16,31.27,1.21,134.15,137.17,131.58,
1/31/2013,1663.6,1677.42,1681.01,1658.15,-0.8,31.45,32.01,32.15,31.1,-1.84,53.67,17.83,79.34,
1/30/2013,1677.1,1663.96,1683.79,1662.79,0.8,32.04,31.39,32.25,31.23,2.01,90.16,70.35,97.79,
1/29/2013,1663.85,1655.2,1666.06,1654.3,0.54,31.41,30.81,31.48,30.79,1.75,37.03,41.02,34.22,
1/28/2013,1654.95,1658.76,1662.81,1652.54,-0.23,30.87,31.15,31.33,30.71,-0.99,121.24,138.14,108.02,
1/25/2013,1658.69,1667.88,1672.59,1655.78,-0.54,31.18,31.62,31.8,31.09,-1.45,124.61,124.23,120.89,
1/24/2013,1667.74,1686.35,1686.45,1665.08,-1.07,31.64,32.23,32.27,31.58,-1.95,98.55,95.08,105.74,
1/23/2013,1685.75,1692.37,1695.61,1683.45,-0.38,32.27,32.19,32.47,32.08,0.12,116.96,90.27,144.31,
1/22/2013,1692.1,1690.05,1696.26,1686.64,0.12,32.23,31.99,32.38,31.8,0.62,151.14,175.79,181.54,
1/21/2013,1690.05,1684.9,1691.6,1684.9,0.36,32.03,31.83,32.14,31.83,0.47,121.65,130.6,155.62,
1/18/2013,1683.95,1687.25,1695.51,1683.6,-0.22,31.88,31.71,32.15,31.64,0.44,146.6,187.91,168.35,
1/17/2013,1687.64,1679.79,1695.94,1666.94,0.48,31.74,31.43,31.91,31.02,0.89,125.95,131.84,136.15,
1/16/2013,1679.5,1678.65,1685.11,1673.55,0.04,31.46,31.34,31.58,31.07,0.25,96.07,120.6,88.76,
1/15/2013,1678.9,1666.94,1685.3,1666.44,0.7,31.38,30.99,31.5,30.93,1.1,124.86,194.49,84.35,
1/14/2013,1667.2,1661.95,1674.8,1660.04,0.25,31.04,30.43,31.15,30.36,1.9,77.54,128.83,42.98,
1/11/2013,1663.05,1675.28,1677.05,1654.05,-0.73,30.46,30.82,30.93,30.17,-1.26,94.96,101.95,91.11,
1/10/2013,1675.25,1657.97,1679.21,1654.1,1.05,30.85,30.34,30.94,30.23,1.61,54.57,57.6,48.04,
1/9/2013,1657.9,1658.83,1666.41,1651.45,-0.07,30.36,30.34,30.59,30.03,-0.07,70.4,132.98,24.65,
1/8/2013,1659,1647.21,1662.3,1646.64,0.71,30.38,30.12,30.56,30.05,0.73,84.63,96.42,67.02,
1/7/2013,1647.25,1656.51,1662.71,1642.75,-0.58,30.16,30.17,30.48,29.81,-0.3,83.81,123.12,66.02,
1/4/2013,1656.85,1663.42,1664.42,1626.4,-0.39,30.25,30.14,30.34,29.2,0.3,80.4,112.22,46.8,
1/3/2013,1663.35,1686.54,1690,1660.89,-1.39,30.16,31,31.21,29.98,-2.68,78.43,119.14,43.48,
1/2/2013,1686.75,1675.03,1695.1,1670.39,0.69,30.99,30.32,31.52,30.18,2.28,82.33,67.59,88.6,
1/1/2013,1675.15,1675.26,1676.21,1664.55,0.01,30.3,30.31,30.34,30.28,-0.13,116.83,137.03,102.87,
12/31/2012,1674.95,1656.21,1680.71,1655.71,1.18,30.34,30.01,30.47,29.87,1.03,49.5,49.35,54.88,
12/28/2012,1655.4,1663.84,1666.49,1653.44,-0.51,30.03,30.14,30.35,29.85,-0.53,103.94,126.15,90.19,
12/27/2012,1663.9,1660.31,1665.76,1653.05,0.23,30.19,29.97,30.49,29.68,0.67,62,61.81,66.28,
12/26/2012,1660.14,1658.12,1667.89,1650.38,0.07,29.99,29.91,30.23,29.8,0.37,55.93,61.96,41.34,
12/25/2012,1658.9,1657.91,1663.15,1657.81,0.09,29.88,29.91,29.94,29.86,-0.1,105.4,180.13,25.04,
12/24/2012,1657.48,1657.79,1665.9,1652.13,0.03,29.91,29.97,30.35,29.8,-0.3,89.39,146.77,34.98,
12/21/2012,1656.99,1647.64,1659.68,1635.62,0.56,30,29.94,30.28,29.61,0.13,77.04,55.85,87.35,
12/20/2012,1647.75,1667.22,1672.12,1635.7,-1.15,29.96,30.98,31.24,29.6,-3.42,82.3,54.7,91.25,
12/19/2012,1666.94,1670.38,1676.99,1663.42,-0.19,31.02,31.62,31.81,30.99,-1.93,102.02,125.63,89.82,
12/18/2012,1670.15,1698.21,1703.47,1661.62,-1.64,31.63,32.25,32.54,31.33,-1.98,80.3,136.1,33.39,
12/17/2012,1697.93,1695.76,1700.03,1687.05,0.15,32.27,32.21,32.42,31.99,0.06,87.63,96.1,72.87,
12/14/2012,1695.47,1697.41,1700.74,1693.45,-0.11,32.25,32.51,32.73,32.15,-0.89,104.72,125.27,81.27,
12/13/2012,1697.3,1711.81,1712.11,1689.55,-0.86,32.54,33.44,33.48,32.21,-2.78,95.92,82.88,95.72,
12/12/2012,1711.95,1709.99,1723.41,1707.84,0.11,33.47,32.95,33.79,32.89,1.52,108.61,123.74,103.21,
12/11/2012,1710.1,1712.3,1714.6,1705.04,-0.01,32.97,33.19,33.29,32.74,-0.75,107.63,71.53,119.33,
12/10/2012,1710.25,1704.45,1717.6,1702.64,0.39,33.22,33.03,33.43,33.03,0.45,59.92,51.2,64.06,
12/7/2012,1703.65,1699.31,1705.61,1684.4,0.27,33.07,32.97,33.27,32.59,0.21,107.2,135.37,77.26,
12/6/2012,1699.14,1693.87,1703.38,1686.11,0.3,33,32.84,33.25,32.52,0.36,39.54,48.52,35.41,
12/5/2012,1693.99,1697.47,1707.18,1684.98,-0.2,32.88,32.91,33.27,32.49,-0.15,84.94,103.08,79.84,
12/4/2012,1697.35,1715.55,1717.67,1691.25,-1.04,32.93,33.62,33.68,32.65,-2.11,101.98,105.43,100.51,
12/3/2012,1715.25,1713.9,1722.11,1712.99,0.03,33.64,33.46,33.84,33.39,0.66,67.43,84.03,63.08,
11/30/2012,1714.8,1725.71,1731.9,1709.09,-0.61,33.42,34.22,34.37,33.14,-2.37,68.23,88.43,51.06,
11/29/2012,1725.4,1719.5,1728.71,1718.4,0.33,34.23,33.73,34.41,33.51,1.45,56.95,75.7,36.83,
11/28/2012,1719.69,1741.92,1743.23,1706.03,-1.28,33.74,34.01,34.05,32.89,-0.88,55.39,95.72,24.57,
11/27/2012,1742.05,1748.94,1751.8,1738.89,-0.4,34.04,34.11,34.28,33.9,-0.26,67.26,50.29,69.91,
11/26/2012,1749.1,1753.11,1753.11,1746.1,-0.22,34.13,34,34.23,33.88,-0.03,110.56,118.7,91.93,
11/23/2012,1753,1729.55,1754.6,1728.39,1.36,34.14,33.28,34.17,33.24,2.52,122.55,152.71,95.53,
11/22/2012,1729.55,1729.09,1732.75,1728.35,0.03,33.3,33.33,33.45,33.15,-0.18,121.63,142.65,124.93,
11/21/2012,1729.11,1728.57,1732.08,1720.91,0.03,33.36,33.16,33.42,32.85,0.51,116.18,125.21,114.88,
11/20/2012,1728.65,1732.11,1735.81,1722.4,-0.19,33.19,33.1,33.28,32.84,0.18,135.6,108.15,173.97,
11/19/2012,1731.94,1713.54,1735.34,1713.43,1.06,33.13,32.24,33.24,32.24,2.54,116.35,102.35,125.2,
11/16/2012,1713.7,1716.11,1717.51,1706.1,-0.12,32.31,32.59,32.7,32.02,-0.92,98.02,128.05,78.7,
11/15/2012,1715.8,1726.45,1727.96,1705.3,-0.62,32.61,32.65,32.78,32.16,-0.18,96.57,110.86,87.6,
11/14/2012,1726.45,1725.5,1733.4,1720.81,0.06,32.67,32.47,32.94,32.36,0.58,56.92,90.79,25.24,
11/13/2012,1725.5,1728.51,1733.21,1718.3,-0.16,32.48,32.37,32.82,32.11,0.22,61.27,68.72,57.32,
11/12/2012,1728.35,1732,1738.41,1725.9,-0.17,32.41,32.59,32.77,32.18,-0.61,108.34,91.39,110.87,
11/9/2012,1731.24,1731.64,1739.05,1727.05,0.01,32.61,32.33,32.78,32.06,0.83,72.01,58.74,81.66,
11/8/2012,1730.99,1717.32,1735.82,1713.61,0.83,32.34,31.78,32.42,31.62,1.73,59.49,43.7,67.69,
11/7/2012,1716.69,1715.98,1731.79,1702.97,0.04,31.79,31.95,32.42,31.2,-0.59,43.59,43.45,48.32,
11/6/2012,1715.95,1684.93,1721.01,1683.8,1.86,31.98,31.14,32.26,31.05,2.6,129.59,104.97,127.96,
11/5/2012,1684.6,1677.2,1686.57,1672.85,0.4,31.17,30.84,31.24,30.64,0.91,61.57,73.66,54.61,
11/2/2012,1677.85,1714.79,1717.06,1674.44,-2.15,30.89,32.25,32.38,30.77,-4.28,55.21,71.23,48.61,
11/1/2012,1714.7,1720.66,1727.11,1713.55,-0.34,32.27,32.21,32.69,32.16,0.06,53.59,66.78,38.99,
10/31/2012,1720.55,1709.96,1726.05,1709.54,0.65,32.25,31.8,32.44,31.72,1.35,75.2,128.52,23.82,
10/30/2012,1709.49,1710.06,1715.61,1705.2,-0.02,31.82,31.76,32.13,31.69,0.16,69.49,84.68,44.95,
10/29/2012,1709.85,1711.5,1717.57,1706,-0.09,31.77,32.02,32.2,31.65,-1,117.22,129.84,108.3,
10/26/2012,1711.35,1712,1718.91,1700.95,-0.03,32.09,32.08,32.37,31.58,-0.06,67.88,87.97,56.44,
10/25/2012,1711.8,1701.85,1718.21,1701.4,0.55,32.11,31.72,32.26,31.69,1.29,89.96,89.69,74.81,
10/24/2012,1702.43,1708.39,1714.56,1698.89,-0.37,31.7,31.65,32.06,31.51,0.06,74.36,81.54,68.01,
10/23/2012,1708.7,1728.4,1730.6,1704.11,-1.2,31.68,32.39,32.48,31.53,-2.25,106.5,95.19,116.04,
10/22/2012,1729.45,1721.8,1729.61,1714,0.5,32.41,31.88,32.46,31.69,1.09,163.36,171.9,158.48,
10/19/2012,1720.9,1740.59,1743.58,1716.29,-1.19,32.06,32.79,33.07,31.89,-2.26,103.82,135.85,70.14,
10/18/2012,1741.7,1749.91,1752.4,1738.41,-0.49,32.8,33.2,33.3,32.65,-1.2,109.91,121.75,101.55,
10/17/2012,1750.3,1748.4,1753.81,1743.2,0.14,33.2,32.94,33.29,32.84,0.76,95.45,112.78,76.43,
10/16/2012,1747.8,1736.3,1748.61,1734.9,0.67,32.95,32.69,33.05,32.61,0.73,79.96,30.37,107.65,
10/15/2012,1736.1,1753.6,1753.6,1729.36,-1.03,32.71,33.5,33.52,32.53,-2.27,129.81,124.62,111.94,
10/12/2012,1754.25,1768.79,1773.6,1752.34,-0.82,33.47,33.98,34.16,33.41,-1.59,81.25,87.23,88.35,
10/11/2012,1768.8,1761.8,1775.31,1758.7,0.35,34.01,33.96,34.35,33.76,0.06,89.17,79.02,98.87,
10/10/2012,1762.55,1764.26,1768.41,1757.47,-0.09,33.99,33.86,34.15,33.69,0.3,64.53,57.18,65.58,
10/9/2012,1764.15,1775.45,1779.96,1760.55,-0.61,33.89,33.99,34.25,33.52,-0.32,108.15,71.88,146.55,
10/8/2012,1774.9,1780.71,1780.9,1766.75,-0.34,34,34.47,34.58,33.72,-1.48,92.6,109.1,77,
10/5/2012,1780.98,1790.79,1796.19,1772.84,-0.53,34.51,34.95,35.12,34.27,-1.32,87.97,121.44,73.15,
10/4/2012,1790.55,1779.19,1796.9,1779.19,0.64,34.97,34.59,35.13,34.56,1.01,72.01,68.67,62.48,
10/3/2012,1779.15,1774.1,1782.31,1771,0.06,34.62,34.57,34.88,34.45,0.06,63.85,52.42,62.46,
10/2/2012,1778,1776.4,1784.81,1771.57,0.2,34.6,34.61,35.08,34.39,-0.23,81.34,117.94,67.63,
10/1/2012,1774.4,1771.2,1791.81,1763.55,0.18,34.68,34.44,35.4,34.15,0.52,52.1,69.25,43.32,
9/28/2012,1771.22,1777.72,1783.63,1767.53,-0.38,34.5,34.62,34.89,34.25,-0.49,89.98,59.8,116.39,
9/27/2012,1777.9,1754.9,1780.81,1751.36,1.47,34.67,33.92,34.77,33.83,2.06,106.64,132.89,94.22,
9/26/2012,1752.2,1760.5,1766.01,1738.11,-0.48,33.97,33.73,34.08,33.33,0.68,87.27,65.25,108.85,
9/25/2012,1760.65,1764.26,1775.51,1758.41,-0.2,33.74,33.94,34.51,33.63,-0.71,74.93,86.49,85.26,
9/24/2012,1764.15,1773.39,1773.39,1755.8,-0.5,33.98,34.47,34.56,33.6,-1.56,60.31,34.35,71.64,
9/21/2012,1773.05,1767.3,1787.81,1766.4,0.36,34.52,34.58,35.17,34.3,-0.32,67.9,85.5,59.43,
9/20/2012,1766.7,1769.85,1772.5,1756.1,-0.18,34.63,34.53,34.78,34.07,0.06,52.32,45.64,54.38,
9/19/2012,1769.8,1769.85,1768.35,1765.65,-0.06,34.61,34.78,35,34.25,-0.55,53.06,30.23,63.03,
9/18/2012,1770.95,1761.55,1773.61,1752.95,0.54,34.8,34.21,35.04,33.94,1.67,82.92,57.86,89.63,
9/17/2012,1761.45,1774.74,1776.76,1754.59,-0.62,34.23,34.66,34.87,33.78,-1.27,92.02,34.95,123.88,
9/14/2012,1772.48,1766.44,1778.01,1765.04,0.32,34.67,34.66,34.96,34.28,-0.03,76.23,48.36,92.2,
9/13/2012,1766.9,1730.65,1772.87,1717.25,2.04,34.68,33.27,34.82,32.66,4.18,65.81,68.73,57.33,
9/12/2012,1731.5,1732.54,1746.7,1725.79,-0.01,33.29,33.49,34.1,32.45,-0.69,99.16,73.22,103.83,
9/11/2012,1731.75,1726.1,1737.91,1725.45,0.34,33.52,33.34,33.84,33.32,0.57,79.34,63.28,79.17,
9/10/2012,1725.8,1735.85,1740.26,1724.91,-0.62,33.33,33.64,34,33.22,-1.07,66.43,70.64,73.65,
9/7/2012,1736.5,1701.94,1741.8,1689.2,2.05,33.69,32.66,33.75,31.95,3.15,69.74,88.48,57.99,
9/6/2012,1701.65,1693.45,1713.52,1691.65,0.47,32.66,32.25,33.02,32.18,1.24,54.94,45.11,53.75,
9/5/2012,1693.65,1695.05,1696.37,1687.65,-0.16,32.26,32.29,32.37,31.93,-0.34,81.7,96.26,67.94,
9/4/2012,1696.4,1692.99,1700.45,1689.96,0.24,32.37,32.1,32.47,31.89,0.75,83.34,91.39,62.37,
9/3/2012,1692.4,1692.2,1695.61,1685.7,0.07,32.13,31.68,32.35,31.51,1.26,57.53,76.47,39.86,
8/31/2012,1691.15,1656.15,1693.32,1647.34,2.11,31.73,30.46,31.8,30.23,4.24,69.29,52.63,76.82,
8/30/2012,1656.15,1656.55,1664.51,1651.8,-0.02,30.44,30.69,30.95,30.19,-0.91,84.22,97.95,75.87,
8/29/2012,1656.55,1667.25,1670.15,1652.97,-0.63,30.72,30.86,31.01,30.55,-0.52,65.18,61.16,70.14,
8/28/2012,1667.03,1663.44,1672.7,1657.44,0.18,30.88,30.74,31.03,30.51,0.49,73.71,34.58,100.95,
8/27/2012,1664.1,1671.44,1676.95,1663.09,-0.37,30.73,30.76,31.3,30.63,-0.26,83.16,110.54,61.47,
8/24/2012,1670.35,1670.14,1673.81,1662.79,-0.02,30.81,30.55,30.82,30.21,0.85,69.7,65.83,61.01,
8/23/2012,1670.65,1654,1675.41,1652.41,1.01,30.55,29.82,30.85,29.77,2.24,76.19,79.58,78.44,
8/22/2012,1654,1638.2,1656.41,1634.87,0.95,29.88,29.28,29.96,29.2,1.88,123.79,136.18,106.49,
8/21/2012,1638.5,1620.55,1641.81,1618.66,1.1,29.33,28.78,29.52,28.64,1.8,75.39,103.35,54.85,
8/20/2012,1620.7,1616.26,1623.01,1610.2,0.3,28.81,28.01,28.88,27.92,2.56,69.01,88.46,49.19,
8/17/2012,1615.8,1614.44,1620.1,1611.9,0.06,28.09,28.18,28.38,27.99,-0.46,104.33,104.01,105.35,
8/16/2012,1614.8,1604.14,1618.99,1600.79,0.71,28.22,27.82,28.33,27.72,1.47,95.7,66.05,116.3,
8/15/2012,1603.38,1598.64,1606.4,1590.19,0.3,27.81,27.8,28.02,27.5,0.07,94.53,32.78,129.86,
8/14/2012,1598.65,1610.16,1616.81,1594.71,-0.71,27.79,27.8,28.07,27.62,-0.14,109.06,108.72,90.68,
8/13/2012,1610.15,1620.35,1625.82,1607.71,-0.61,27.83,28.06,28.24,27.72,-1.03,89.93,99.62,74.78,
8/10/2012,1620.05,1617.64,1626.56,1605.7,0.15,28.12,28.13,28.36,27.58,-0.07,85.2,101.93,56.68,
8/9/2012,1617.7,1612.1,1618.72,1609.85,0.36,28.14,28,28.28,27.85,0.39,87.44,93.87,78.3,
8/8/2012,1611.9,1611.29,1617.01,1603.55,0.04,28.03,28.07,28.29,27.7,-0.28,75.29,39.5,112.03,
8/7/2012,1611.18,1610.99,1618.41,1609.09,0.01,28.11,27.85,28.27,27.76,0.75,114.61,110.57,110.67,
8/6/2012,1611,1605,1615.61,1602.85,0.42,27.9,27.78,28.04,27.6,0.32,99.59,138.14,72.01,
8/3/2012,1604.3,1590.28,1606.91,1586.74,0.88,27.81,27.1,27.94,27.03,2.47,74.24,98.68,47.04,
8/2/2012,1590.35,1599.25,1614.9,1585.1,-0.55,27.14,27.38,27.84,26.94,-0.99,52.75,49.08,52.63,
8/1/2012,1599.2,1599.25,1618.9,1592.35,-0.91,27.41,27.38,28.08,27.11,-1.93,67.75,42.66,88.95,
7/31/2012,1613.9,1621.3,1628.31,1610.95,-0.44,27.95,28.15,28.41,27.89,-0.82,65.1,61.08,63.69,
7/30/2012,1621.1,1625.1,1626.7,1614.85,-0.13,28.18,27.72,28.28,27.55,1.59,112.5,66.46,138.59,
7/27/2012,1623.28,1616.14,1629.6,1611.99,0.44,27.74,27.54,27.89,27.35,0.76,67.26,93.87,44.74,
7/26/2012,1616.2,1605,1622.02,1601.5,0.67,27.53,27.35,27.84,27.22,0.62,76.39,110.77,57.75,
7/25/2012,1605.38,1581.44,1611.41,1579.94,1.57,27.36,27.35,27.59,26.81,1.37,86.86,149.57,19.7,
7/24/2012,1580.5,1580.4,1584.66,1568.35,0.23,26.99,26.96,27.22,26.59,-0.18,109.74,170.18,60.84,
7/23/2012,1576.9,1582.64,1584.26,1564.49,-0.42,27.04,27.3,27.38,26.65,-1.1,80.69,93.14,70.63,
7/20/2012,1583.63,1582.01,1587.91,1574.04,0.1,27.34,27.26,27.48,26.78,0.18,166.37,147.43,202.9,
7/19/2012,1582.05,1573.89,1593,1573.64,0.52,27.29,27.16,27.65,27.11,0.22,147.79,208.42,125.89,
7/18/2012,1573.8,1584.29,1587.16,1568.84,-0.57,27.23,27.28,27.42,26.88,-0.29,104.49,84.87,122.28,
7/17/2012,1582.75,1591.19,1600.5,1572.66,-0.42,27.31,27.27,27.68,26.76,0.04,155.83,186.42,185.11,
7/16/2012,1589.35,1591.39,1595.3,1578.79,0.02,27.3,27.39,27.49,26.9,-0.07,54.23,63.07,52.61,
7/13/2012,1589.05,1571.2,1597.11,1566.25,1.06,27.32,27.16,27.59,27.08,0.33,107.78,64.47,143.4,
7/12/2012,1572.4,1576.85,1578.36,1554.95,-0.29,27.23,27.1,27.39,26.46,0.33,66.02,30.97,90.42,
7/11/2012,1576.9,1565.41,1583.41,1565.41,0.66,27.14,26.78,27.29,26.77,1.27,69.27,89.36,47.43,
7/10/2012,1566.5,1591.16,1602.9,1565.89,-1.3,26.8,27.34,27.62,26.72,-2.05,97.55,101.48,84.65,
7/9/2012,1587.15,1580.84,1593.3,1576.39,0.27,27.36,26.93,27.52,26.89,1,83.7,70.26,95.24,
7/6/2012,1582.9,1604.95,1610,1576.7,-1.36,27.09,27.67,27.84,26.92,-2.17,62.65,46.84,65.12,
7/5/2012,1604.75,1617.34,1625.8,1598.89,-0.67,27.69,28.12,28.42,27.5,-1.63,82.71,98.95,61.9,
7/4/2012,1615.63,1617.24,1620.59,1611.94,-0.06,28.15,28.19,28.37,28.02,-0.39,129.36,119.75,130.62,
7/3/2012,1616.65,1598.69,1626.7,1596.59,1.27,28.26,27.44,28.48,27.41,2.73,77.42,73.12,88.09,
7/2/2012,1596.35,1599.3,1602.51,1587.45,-0.14,27.51,27.47,27.64,27.19,0.15,45.32,36.14,45.22,
6/29/2012,1598.6,1551.39,1607.19,1550.94,3.01,27.47,26.33,27.94,26.25,4.17,80.06,79.82,66.57,
6/28/2012,1551.9,1573.61,1579.31,1547.85,-1.42,26.37,26.87,27.15,26.11,-2.08,92.02,110.08,67.33,
6/27/2012,1574.3,1572.5,1581.91,1563.15,0.14,26.93,27.04,27.36,26.64,-0.59,48.39,66.79,30.95,
6/26/2012,1572.15,1583.76,1587.31,1567.95,-0.79,27.09,27.47,27.59,26.78,-1.63,129.9,161.88,108.02,
6/25/2012,1584.6,1572,1588.51,1566.35,0.79,27.54,26.85,27.68,26.61,2.23,99.97,135.9,75.57,
6/22/2012,1572.15,1564.31,1573.81,1558.8,0.44,26.94,26.82,27.08,26.56,0.19,72.01,95.72,39.92,
6/21/2012,1565.3,1605.06,1607.29,1564.49,-2.53,26.89,28.03,28.14,26.82,-4.37,73.04,80.1,66.81,
6/20/2012,1605.9,1618.81,1623.01,1590.9,-0.75,28.12,28.36,28.64,27.7,-1.09,147.88,73.71,202.9,
6/19/2012,1618.07,1628.51,1633.51,1617.51,-0.63,28.43,28.69,28.97,28.3,-1.04,111.61,111.27,92.81,
6/18/2012,1628.4,1627.31,1630.31,1607.1,0.1,28.73,28.64,29.03,28.25,0,102.82,106.96,104.08,
6/15/2012,1626.76,1622.94,1633.7,1619.59,0.21,28.73,28.59,28.86,28.53,0.28,55.38,55.21,51.81,
6/14/2012,1623.32,1617.9,1627.79,1610,0.31,28.65,28.82,29.12,28.19,-0.66,112.46,101.93,119.02,
6/13/2012,1618.35,1609.26,1624.97,1606.2,0.52,28.84,28.91,29.15,28.71,-0.45,99.34,114.27,88.96,
6/12/2012,1610.05,1596.45,1618.01,1586.9,0.85,28.97,28.48,29.05,28.34,1.4,92.02,95.72,93.15,
6/11/2012,1596.45,1593.1,1608.35,1582.89,0.13,28.57,28.45,29.02,28.28,0.25,78.35,69.43,79.63,
6/8/2012,1594.45,1589.15,1595.47,1562.05,0.34,28.5,28.59,28.71,27.93,-0.38,92.91,85.5,89.14,
6/7/2012,1589,1620.2,1629.41,1579.75,-1.94,28.61,29.44,29.75,28.38,-2.75,102.94,117.29,91.71,
6/6/2012,1620.4,1617.2,1641.11,1614.34,0.2,29.42,28.48,29.91,28.43,3.16,69.87,90.14,47.84,
6/5/2012,1617.1,1619.25,1623.91,1612.71,-0.08,28.52,28.23,28.61,28.09,0.92,67.33,62.65,67.18,
6/4/2012,1618.4,1627.29,1629.69,1610.71,-0.48,28.26,28.61,28.73,27.96,-1.46,40.62,44.99,30.02,
6/1/2012,1626.25,1560.45,1630.02,1545.3,4.2,28.68,27.69,28.73,27.19,3.54,67.9,57,71.31,
5/31/2012,1560.7,1563.9,1574.3,1554.09,-0.11,27.7,27.91,28.25,27.53,-0.79,91.92,88.24,90.59,
5/30/2012,1562.45,1554.8,1569.77,1532.1,0.43,27.92,27.8,28.24,27.35,0.25,88.28,76.53,108.52,
5/29/2012,1555.75,1574.1,1582.9,1548.64,-1.12,27.85,28.39,28.75,27.73,-2.07,91.1,82.56,82.64,
5/28/2012,1573.33,1574.09,1584,1571.13,-0.01,28.44,28.43,28.81,28.28,-0.28,157.49,167.47,148.42,
5/25/2012,1573.45,1558.5,1574.57,1551.9,0.93,28.52,28.26,28.62,27.91,0.78,81.91,65.33,81.74,
5/24/2012,1559,1563.36,1579.5,1553.15,-0.19,28.3,27.8,28.56,27.61,1.73,113.44,67.86,138.35,
5/23/2012,1562,1569.19,1570.35,1535.41,-0.44,27.82,28.13,28.27,27.08,-1.31,86.14,62.46,91.17,
5/22/2012,1568.95,1593.53,1596.03,1563.29,-1.49,28.19,28.43,28.86,27.95,-1.05,115.74,127.32,99.56,
5/21/2012,1592.65,1593.65,1600.79,1586.8,-0.03,28.49,28.74,28.91,28.04,-0.84,59.07,72.48,37.78,
5/18/2012,1593.09,1574.78,1598.68,1569.05,1.21,28.73,27.96,28.95,27.8,2.46,147.15,71.56,196.96,
5/17/2012,1574,1540.39,1581.7,1538.8,2.2,28.04,27.16,28.37,27.16,2.86,53.89,64.47,59.75,
5/16/2012,1540.05,1546.1,1553.8,1529,-0.28,27.26,27.69,28.05,26.73,-1.77,67.07,59.44,68.17,
5/15/2012,1544.45,1557.15,1564.06,1541.6,-0.8,27.75,28.12,28.49,27.56,-1.46,92.66,61.58,109.15,
5/14/2012,1556.85,1580.6,1585.89,1556,-1.47,28.16,28.85,29.04,28.07,-2.63,65.92,57.5,61.67,
5/11/2012,1580.05,1593.87,1595.37,1573.9,-0.85,28.92,28.96,29.15,28.43,-0.45,110.31,106.64,105.62,
5/10/2012,1593.66,1589.69,1602.2,1586.07,0.27,29.05,29.22,29.49,28.93,-0.68,55.44,48.36,57.63,
5/9/2012,1589.34,1605.67,1606.64,1579.78,-0.98,29.25,29.43,29.52,28.6,-0.78,54.6,21.77,72.65,
5/8/2012,1605,1638.57,1639.52,1595.55,-2.08,29.48,30.03,30.16,29.11,-1.93,84.52,80.25,80.33,
5/7/2012,1639.15,1641.79,1644.4,1634.21,-0.22,30.06,30.22,30.4,29.66,-0.92,60.39,60.2,50.21,
5/4/2012,1642.83,1636,1647.27,1626.91,0.43,30.34,30.06,30.48,29.75,0.9,62.24,48.26,74.76,
5/3/2012,1635.76,1653.26,1653.72,1631.17,-1.07,30.07,30.61,30.69,29.85,-1.92,101.76,62.97,128.39,
5/2/2012,1653.5,1662.4,1663.4,1646.71,-0.52,30.66,30.91,31.06,30.38,-0.94,87.57,68.32,94.98,
5/1/2012,1662.1,1666.75,1673.2,1658.59,-0.14,30.95,31.02,31.38,30.75,-0.1,75.19,74.96,76.42,
4/30/2012,1664.36,1662.42,1666.58,1644.98,0.14,30.98,31.28,31.43,30.56,-0.93,99.85,121.19,79.42,
4/27/2012,1662.05,1657.15,1667.72,1650.55,0.31,31.27,30.98,31.47,30.89,0.61,84.5,74.13,84.32,
4/26/2012,1656.9,1645.98,1662.6,1643.15,0.74,31.08,30.7,31.45,30.6,1.14,118.68,125.27,104.49,
4/25/2012,1644.7,1641.41,1646.53,1624.47,0.23,30.73,30.81,31.02,29.92,-0.29,83.95,125.54,58.17,
4/24/2012,1641,1638.75,1649.52,1633.95,0.14,30.82,30.8,31.17,30.64,-0.03,93.37,64.75,114.77,
4/23/2012,1638.7,1643.44,1644.9,1621.99,-0.24,30.83,31.66,31.75,30.45,-2.71,90.46,85.89,78.8,
4/20/2012,1642.7,1643.55,1647.31,1638.95,-0.05,31.69,31.74,31.95,31.53,-0.31,100.38,55.21,132.4,
4/19/2012,1643.6,1643.49,1655,1632.8,0.09,31.79,31.56,32.08,31.29,0.54,65.09,36.05,90.21,
4/18/2012,1642.07,1651.24,1656.05,1639.29,-0.47,31.62,31.67,31.9,31.34,-0.28,99.27,109.96,91.71,
4/17/2012,1649.9,1652.9,1657.71,1635.05,-0.13,31.71,31.46,31.91,31.3,0.7,117.75,117.38,97.91,
4/16/2012,1652.1,1654.09,1657.8,1641.14,-0.42,31.49,31.46,31.73,31.16,-0.06,136.95,119.47,128.12,
4/13/2012,1659,1675.55,1678.31,1649.51,-0.98,31.51,32.34,32.47,31.3,-2.6,112.74,112.39,121.32,
4/12/2012,1675.48,1659.14,1680.2,1651.29,1.06,32.35,31.52,32.63,31.42,2.54,136.67,107.57,167.48,
4/11/2012,1657.95,1659.49,1662.9,1653.44,-0.14,31.55,31.71,31.85,31.35,-0.85,85.7,44.58,117.74,
4/10/2012,1660.35,1641.13,1663.1,1632.2,1.16,31.82,31.53,31.96,31.14,0.92,116.15,60.04,150.25,
4/9/2012,1641.28,1641.44,1649,1627.7,0.11,31.53,31.72,32.09,31.28,-0.54,126.88,99.39,135.65,
4/6/2012,1639.49,1628.95,1639.49,1628.49,0.51,31.7,31.66,31.75,31.66,0,88.28,76.53,89.37,
4/5/2012,1631.25,1620.36,1633.67,1620.15,0.68,31.7,31.31,31.84,31.2,1.12,116.87,126.5,94.41,
4/4/2012,1620.23,1644.64,1648.15,1612.3,-1.53,31.35,32.61,32.71,30.96,-4.01,126.08,182.83,114.37,
4/3/2012,1645.33,1676.59,1681.16,1639.24,-1.93,32.66,32.97,33.31,32.45,0,134.5,122.59,153.38,
4/2/2012,1677.75,1668.55,1680.09,1676.2,0.53,32.66,32.38,33.6,32.21,1.24,154.47,77,221.22,
3/30/2012,1668.9,1661.55,1671.11,1659.91,0.45,32.26,32.21,32.65,32.11,0.03,103.07,127.56,70.93,
3/29/2012,1661.38,1661.94,1665.29,1645.39,-0.05,32.25,31.97,32.34,31.61,0.72,83.45,86.81,72.41,
3/28/2012,1662.18,1680.21,1684.41,1655.11,-1.06,32.02,32.55,32.7,31.75,-1.72,149.58,145.48,133.48,
3/27/2012,1680.05,1690.3,1696.81,1679.11,-0.59,32.58,32.81,33.22,32.45,-0.79,116.37,77.34,135.47,
3/26/2012,1689.98,1661.81,1694,1655.6,1.67,32.84,32.2,32.95,32,1.96,79.67,83.6,90.65,
3/23/2012,1662.26,1645.41,1666.74,1642.38,1.06,32.21,31.55,32.3,31.43,1.99,93.31,146.18,60.96,
3/22/2012,1644.85,1652.05,1658.01,1629.68,-0.34,31.58,32.11,32.39,31.06,-1.89,67.6,96.28,42.83,
3/21/2012,1650.5,1651.11,1661.65,1646.91,0.01,32.19,32.1,32.4,31.85,0.09,124.38,123.99,144.79,
3/20/2012,1650.35,1666.04,1666.29,1643.29,-0.85,32.16,32.85,33.01,31.76,-2.31,104.61,139.05,57.99,
3/19/2012,1664.55,1654.98,1671.4,1654.14,0.23,32.92,32.52,33.13,32.31,1.04,107,128,85.41,
3/16/2012,1660.65,1659.71,1665.01,1639.8,0.15,32.58,32.5,32.77,32.09,0.12,72.73,79.1,60.48,
3/15/2012,1658.23,1642.89,1666.79,1636.59,0.89,32.54,32.08,32.88,31.91,1.15,64.95,47.71,79.59,
3/14/2012,1643.6,1675.74,1683.45,1635.59,-1.9,32.17,33.38,33.5,31.6,-3.77,69.16,82.73,57.51,
3/13/2012,1675.5,1699.66,1705.97,1662.6,-1.47,33.43,33.58,33.84,32.97,-0.54,64.65,91,50.6,
3/12/2012,1700.53,1709.08,1714.3,1692.84,-0.73,33.61,34.17,34.34,33.33,-1.73,71.49,47.52,85.87,
3/9/2012,1713.09,1700.2,1714.59,1677.84,0.73,34.2,33.86,34.4,33.13,0.94,132.38,131.97,120.56,
3/8/2012,1700.65,1685.09,1703.86,1682.85,0.93,33.88,33.39,34.16,33.31,1.5,154.15,122.94,176.61,
3/7/2012,1684.95,1674.6,1688.42,1671.35,0.65,33.38,32.91,33.57,32.69,1.43,138.18,99.49,178.74,
3/6/2012,1674,1705.97,1709,1664.35,-1.92,32.91,33.98,34.18,32.41,-3.26,110.79,95.72,110.55,
3/5/2012,1706.7,1711.05,1716.76,1694.64,-0.33,34.02,34.71,34.91,33.5,-2.19,116.52,49.78,152.26,
3/2/2012,1712.3,1717.7,1724.19,1705.19,-0.25,34.78,35.45,35.51,34.39,-1.95,99.76,48.01,131.58,
3/1/2012,1716.55,1696.2,1726.21,1694.7,1.26,35.47,34.59,35.65,34.38,2.43,91.45,87.79,84.49,
2/29/2012,1695.2,1784.59,1790.8,1688.49,-5.08,34.63,36.9,37.5,34.13,-6.2,146.9,124.48,152.69,
2/28/2012,1785.85,1767.05,1789.96,1766,1.11,36.92,35.36,37.24,35.31,4.32,113.57,98.13,125.92,
2/27/2012,1766.3,1773.28,1779.59,1762.24,-0.41,35.39,35.36,35.64,35.03,0,55,59.05,49.25,
2/24/2012,1773.49,1780.3,1783.11,1770.74,-0.37,35.39,35.34,35.73,35.16,0,152.73,121.81,163.69,
2/23/2012,1780.1,1776.24,1787.61,1772.29,0.14,35.39,34.26,35.63,34.2,3.06,68.3,47.66,85.19,
2/22/2012,1777.55,1759.59,1781.8,1749.54,1.05,34.34,34.3,34.5,33.89,-0.12,101.15,64.82,120.15,
2/21/2012,1759.15,1734.03,1760.21,1731.09,1.45,34.38,33.56,34.46,33.41,2.32,141.49,74.68,207.63,
2/20/2012,1734,1723.78,1737.3,1723.67,0.67,33.6,33.2,33.7,33.2,1.14,150.12,79.82,191.4,
2/17/2012,1722.45,1728.84,1735.95,1717.45,-0.36,33.22,33.48,33.7,33.03,-0.98,49.79,52.94,49.68,
2/16/2012,1728.7,1727.79,1730.01,1705.49,-0.02,33.55,33.37,33.58,32.64,0.42,81.79,67.95,102.02,
2/15/2012,1729.01,1719.62,1737.47,1718.52,0.52,33.41,33.55,33.97,33.08,-0.51,128.72,128.32,125.92,
2/14/2012,1720.1,1722.96,1727.81,1712.2,-0.14,33.58,33.69,33.86,33.23,-0.36,80.42,76.36,108.27,
2/13/2012,1722.5,1725.3,1733.61,1716.47,0.15,33.7,33.52,34.03,33.43,0.63,61.83,61.64,51.42,
2/10/2012,1719.85,1731.54,1734.8,1704.14,-0.56,33.49,33.9,34.06,33.16,-1.18,68.33,64.88,70.35,
2/9/2012,1729.6,1733.7,1751.9,1725.69,-0.23,33.89,33.96,34.44,33.64,-0.26,85.78,72.36,104.25,
2/8/2012,1733.55,1745.76,1751.86,1724.95,-0.74,33.98,34.15,34.52,33.63,-0.67,82.25,67.09,87.05,
2/7/2012,1746.5,1719.8,1750.2,1709.79,1.52,34.21,33.64,34.37,33.12,1.69,142.99,118.79,165.14,
2/6/2012,1720.3,1726.3,1738.09,1711.79,-0.29,33.64,33.59,33.86,32.97,0.03,124.92,120.24,143.28,
2/3/2012,1725.3,1760.06,1763.76,1724.35,-1.97,33.63,34.28,34.42,33.3,-2.07,102.98,82.13,119.89,
2/2/2012,1759.99,1744.2,1761.57,1741.49,0.94,34.34,33.69,34.41,33.43,1.84,57.82,81.37,62.22,
2/1/2012,1743.6,1738.75,1751.56,1732.95,0.24,33.72,33.15,33.99,33.08,1.75,134.97,146.09,166.75,
1/31/2012,1739.43,1729.19,1747.79,1726.8,0.54,33.14,33.45,34.1,32.93,-1.02,69.98,77.52,71.13,
1/30/2012,1730.05,1738.05,1739.35,1716.69,-0.51,33.48,33.94,33.98,33.01,-1.24,128.43,97.13,169.39,
1/27/2012,1738.89,1720.49,1738.91,1714.8,1.01,33.9,33.43,33.97,33.25,1.28,58.42,54.81,68.58,
1/26/2012,1721.5,1710.72,1730.62,1703.65,0.56,33.47,33.17,33.81,32.98,0.51,85.76,64.12,112.91,
1/25/2012,1711.9,1665.69,1713.3,1649.19,2.8,33.3,32.01,33.41,31.54,4.16,65.63,27.55,91.91,
1/24/2012,1665.2,1676.99,1679.89,1661.29,-0.7,31.97,32.31,32.51,31.84,-1.14,103.52,29.49,159.86,
1/23/2012,1677,1666.68,1681.66,1662.59,0.61,32.34,32.15,32.8,31.75,0.72,109.54,96.1,131.17,
1/20/2012,1666.9,1657.79,1667.11,1644.69,0.56,32.11,30.59,32.16,30.27,4.9,70.93,49.5,82.58,
1/19/2012,1657.6,1659.7,1670.15,1648.94,-0.22,30.61,30.5,30.9,30.33,0.33,103.2,89.16,108.69,
1/18/2012,1661.25,1652.2,1662.5,1642.74,0.58,30.51,30.06,30.63,29.73,1.43,73.86,51.54,79.84,
1/17/2012,1651.74,1643.84,1667.87,1641.45,0.51,30.08,29.93,30.58,29.76,0.4,56.63,32.26,80.72,
1/16/2012,1643.4,1639.68,1647.35,1631.44,0.25,29.96,29.69,30.08,29.46,0.77,72.86,77.47,64.62,
1/13/2012,1639.35,1650.66,1650.75,1626.06,-0.65,29.73,30.25,30.3,29.42,-1.62,98.1,65.2,125.08,
1/12/2012,1650.1,1640.64,1662.12,1640.39,0.51,30.22,29.93,30.66,29.86,0.87,103.84,103.52,126.64,
1/11/2012,1641.8,1632.39,1647.4,1630.29,0.63,29.96,29.93,30.28,29.55,0.17,103.97,64.33,125.2,
1/10/2012,1631.56,1611.57,1640.27,1608.62,1.24,29.91,28.98,30.33,28.9,3.24,66.64,31.27,84.75,
1/9/2012,1611.5,1616.78,1623.69,1604.94,-0.33,28.97,28.71,29.25,28.57,0.8,88.39,58.75,105,
1/6/2012,1616.85,1621.44,1630.56,1608.89,-0.38,28.74,29.3,29.5,28.57,-1.94,100.6,50.14,137.43,
1/5/2012,1623,1611.39,1625.86,1596.74,0.66,29.31,29.18,29.67,28.69,0.41,82.44,44.83,112.17,
1/4/2012,1612.4,1602.75,1618.92,1593.1,0.51,29.19,29.64,29.75,28.9,-1.45,76.94,48.45,94.29,
1/3/2012,1604.14,1566.2,1607.45,1565.85,2.42,29.62,27.84,29.76,27.83,6.39,88.1,70.26,95.24,
1/2/2012,1566.27,1566.61,1569.61,1565.37,0.13,27.84,27.71,27.84,27.71,0.4,60.11,66.58,66.64,
12/30/2011,1564.3,1545.89,1581.26,1544.75,1.14,27.73,27.72,28.5,27.28,-0.18,125.9,138.5,101.08,
12/29/2011,1546.7,1556.39,1561.51,1522.64,-0.41,27.78,27.05,27.89,26.14,2.58,115.55,76.8,136.12,
12/28/2011,1553,1593.75,1593.81,1550.1,-2.5,27.08,28.65,28.82,26.82,-5.58,86.67,105.6,56.05,
12/27/2011,1592.9,1607.51,1607.79,1589.75,-0.8,28.68,29.07,29.18,28.59,-1.44,68.3,79.44,66.26,
12/26/2011,1605.82,1607.51,1612.15,1597.86,-0.05,29.1,29.07,29.13,29.05,0.07,103.27,158.39,39.63,
12/23/2011,1606.6,1606.75,1614.31,1603.15,0.12,29.08,29.08,29.47,29,-0.14,75.76,67.14,70,
12/22/2011,1604.7,1615.35,1617.36,1599.15,-0.65,29.12,29.36,29.71,28.98,-1.02,83.38,75.57,88.24,
12/21/2011,1615.15,1615.26,1642.36,1606.4,-0.03,29.42,29.53,30.22,29.1,-0.44,80.14,114.14,50.77,
12/20/2011,1615.65,1594.26,1619.12,1592.35,1.35,29.55,28.76,29.63,28.66,2.64,180.25,111.81,233.15,
12/19/2011,1594.1,1599.35,1608.5,1583.44,-0.24,28.79,29.7,29.8,28.65,-3,86.15,103.06,85.97,
12/16/2011,1597.95,1570.24,1600.95,1568.86,1.73,29.68,29.14,29.94,29.08,1.92,118.86,137.21,119.65,
12/15/2011,1570.7,1574.49,1594.26,1561.07,-0.28,29.12,28.88,29.32,28.1,0.69,82.24,65.59,98.47,
12/14/2011,1575.1,1632.11,1641.89,1564.85,-3.49,28.92,30.76,31.03,28.48,-6.04,113.06,82.65,125.35,
12/13/2011,1632.1,1666.25,1678.3,1622.75,-2.05,30.78,31.29,32.03,30.4,-1.79,89.63,132.09,45.37,
12/12/2011,1666.3,1711.64,1715.05,1657.9,-2.62,31.34,32.21,32.28,30.86,-2.73,99.59,138.14,72.01,
12/9/2011,1711.1,1708.29,1724.3,1703.54,0.13,32.22,31.62,32.34,31.43,1.93,71.66,45.46,97.5,
12/8/2011,1708.8,1742,1754.7,1704.51,-1.91,31.61,32.45,33.21,31.39,-2.83,87.08,48.62,115.86,
12/7/2011,1742.1,1728.46,1743.26,1720.65,0.8,32.53,32.72,32.8,32.17,-0.85,49.84,30.58,70.14,
12/6/2011,1728.2,1722.5,1733.46,1702.85,0.38,32.81,32.02,32.9,31.58,2.56,73.94,36.86,98.38,
12/5/2011,1721.64,1746.15,1755.3,1718.44,-1.35,31.99,32.51,33.01,31.83,-1.78,97.07,96.77,94.17,
12/2/2011,1745.25,1745.16,1762.61,1738.15,0,32.57,32.73,33.68,32.31,-0.64,104.31,44.12,141.93,
12/1/2011,1745.25,1746.85,1754.86,1734.1,-0.03,32.78,32.79,33.42,32.45,-0.24,104.03,32.41,151.38,
11/30/2011,1745.7,1714.99,1750.23,1701,1.69,32.86,31.9,32.97,31.09,2.85,84.25,53.75,106.48,
11/29/2011,1716.75,1712.05,1720.76,1704.11,0.26,31.95,32.08,32.2,31.48,-0.41,107.73,130.41,108.77,
11/28/2011,1712.3,1680.8,1720.49,1680.8,1.91,32.08,31.06,32.34,31.03,3.48,105.42,88.93,134.86,
11/25/2011,1680.13,1694.85,1697.9,1672.09,-0.86,31,31.77,31.86,30.93,-2.55,83.16,55.27,103.73,
11/24/2011,1694.75,1692.39,1702.23,1687.69,0.09,31.81,31.68,32.24,31.5,0.19,67.85,47.75,86.29,
11/23/2011,1693.3,1700.66,1710.77,1677.94,-0.35,31.75,32.7,32.89,31.27,-3.08,102.49,72.98,121.75,
11/22/2011,1699.2,1679.3,1705.8,1671.55,1.09,32.76,31.6,33.04,31.16,3.34,58.25,38.71,71.04,
11/21/2011,1680.85,1723.3,1726.64,1666.54,-2.45,31.7,32.28,32.32,30.63,-1.89,111.56,128.33,85.63,
11/18/2011,1723.05,1722.29,1737.79,1711.34,0.23,32.31,31.7,32.61,31.05,1.99,109.07,74.56,139.93,
11/17/2011,1719.1,1762.19,1767.16,1710.05,-2.45,31.68,33.66,34,31.09,-5.88,108.66,111.61,125.95,
11/16/2011,1762.35,1781.94,1784.14,1754.25,-1.07,33.66,34.51,34.62,33.61,-2.63,83.45,86.81,96.54,
11/15/2011,1781.4,1780.39,1785.85,1760.54,0.02,34.57,34.21,34.82,33.72,0.82,114.1,73.39,165.27,
11/14/2011,1781,1788.14,1796.16,1773.59,-0.45,34.29,34.75,34.92,33.92,-1.12,95.59,82.87,110.59,
11/11/2011,1788.99,1759.64,1789.41,1746.05,1.69,34.68,34.04,34.84,33.72,1.73,66.76,57.05,79.3,
11/10/2011,1759.2,1770.71,1775.85,1736.55,-0.74,34.09,34.04,34.33,33.14,-0.03,80.25,64,85.41,
11/9/2011,1772.24,1785.2,1799.64,1764.14,-0.71,34.1,34.91,35.25,33.78,-2.49,112.77,49.18,152.38,
11/8/2011,1785,1794.89,1803.1,1777.1,-0.6,34.97,34.86,35.36,34.47,0.23,82.42,54.78,110.96,
11/7/2011,1795.86,1753.95,1798.69,1752.89,2.38,34.89,34.11,35,33.82,2.17,65.6,65.39,75,
11/4/2011,1754.15,1763.26,1764.9,1750,-0.51,34.15,34.48,34.72,33.8,-1.01,111.48,127.01,95.35,
11/3/2011,1763.15,1736.5,1767.9,1722.84,1.51,34.5,34.2,34.88,33.25,0.67,110.42,88.06,131.17,
11/2/2011,1737,1720.9,1745.89,1715.74,0.97,34.27,33.36,34.42,33.05,2.51,37.6,27.26,51.17,
11/1/2011,1720.3,1716.05,1725.29,1683.74,0.29,33.43,34.15,34.74,32.13,-2.31,80.11,87.85,59.95,
10/31/2011,1715.25,1744.15,1746.5,1706.59,-1.59,34.22,35.25,35.45,34.07,-3.25,82.71,107.19,68.78,
10/28/2011,1742.95,1744.7,1752.85,1733,-0.09,35.37,35.06,35.7,34.7,0.8,51.46,32.06,64.18,
10/27/2011,1744.45,1725.24,1750.11,1705.74,1.08,35.09,33.42,35.4,33.14,5,53.97,26.9,72.93,
10/26/2011,1725.75,1707.19,1728.5,1696.7,1.2,33.42,33.16,34,32.89,0.6,64.39,64.19,53.54,
10/25/2011,1705.35,1654.4,1710.8,1645.24,3.19,33.22,31.67,33.44,31.33,4.73,82.53,89.76,74.87,
10/24/2011,1652.68,1641.99,1662.09,1635.6,0.71,31.72,31.33,32.06,31.18,1.24,96.53,122.47,94.86,
10/21/2011,1641.02,1618.99,1648.59,1611.44,1.35,31.33,30.54,31.46,30.23,2.62,110.53,168.52,59.47,
10/20/2011,1619.1,1643.44,1645,1603.99,-1.38,30.53,31.23,31.38,29.9,-1.55,72.09,82.13,57.09,
10/19/2011,1641.8,1654.75,1665.39,1639.4,-0.81,31.01,31.98,32.16,30.86,-3.28,51.13,29.13,60.74,
10/18/2011,1655.15,1671.2,1677.22,1627.2,-0.93,32.06,31.72,32.36,30.37,0.79,114.36,159.61,76.07,
10/17/2011,1670.65,1683.29,1696.1,1666.44,-0.55,31.81,32.16,32.71,31.44,-1.09,96.44,117.05,69.73,
10/14/2011,1679.95,1667.3,1684.26,1661.5,0.79,32.16,31.75,32.53,31.24,1.16,73.91,100.48,55.87,
10/13/2011,1666.7,1674.89,1684.39,1653.19,-0.63,31.79,32.52,32.8,31.42,-2.45,135.99,152.95,139.17,
10/12/2011,1677.2,1662.29,1692.1,1660.39,0.85,32.59,32.12,33.07,31.82,1.46,137.25,192.3,117.21,
10/11/2011,1663.1,1676.45,1685.22,1654.46,-0.74,32.12,32.06,32.54,31.33,0.16,85.25,137.6,40.51,
10/10/2011,1675.44,1654.14,1678.1,1638.09,2.2,32.07,31.22,32.35,31.22,2.92,55.35,76.4,28.32,
10/7/2011,1639.45,1644.2,1666.55,1625.95,-0.68,31.16,31.94,32.81,30.66,-2.44,74.48,122.67,48.47,
10/6/2011,1650.63,1641.49,1655.65,1632.24,0.59,31.94,30.43,32.21,30.2,4.86,86.47,86.21,71.9,
10/5/2011,1640.9,1624.69,1646.7,1597.25,1.02,30.46,30.15,30.65,28.4,0.96,66.1,58.58,79.4,
10/4/2011,1624.3,1660.65,1678.86,1596,-2.21,30.17,30.46,31.35,28.61,-0.95,73.61,80.72,67.33,
10/3/2011,1660.95,1618.35,1664.46,1618.35,2.29,30.46,29.82,31.42,29.75,1.77,92.02,135.6,46.57,
9/30/2011,1623.75,1615.99,1640.49,1607.19,0.57,29.93,30.49,31.29,29.61,-2.25,68.4,84.43,43.34,
9/29/2011,1614.55,1606.94,1634.09,1583.3,0.36,30.62,29.83,31.53,29.06,2.34,93.69,106.74,72.34,
9/28/2011,1608.8,1650.25,1668.85,1598.7,-2.49,29.92,31.8,32.85,29.41,-6.12,55.85,41.76,63.86,
9/27/2011,1649.95,1624.79,1677.19,1614.91,1.39,31.87,30.66,33.52,30.23,3.81,86.86,94.47,72.23,
9/26/2011,1627.35,1657.29,1662.99,1534.99,-1.77,30.7,30.62,30.9,26.04,-1.51,73.34,89.36,47.43,
9/23/2011,1656.59,1737.63,1756.01,1629.99,-4.56,31.17,35.78,36.66,29.77,-12.93,93.09,134.4,74.73,
9/22/2011,1735.83,1779.34,1786.19,1721.84,-2.58,35.8,39.56,39.8,35.45,-9.69,84.16,87.26,78.38,
9/21/2011,1781.79,1803.54,1816.76,1778.8,-1.22,39.64,39.72,40.68,39.35,-0.2,102.09,133.36,64.4,
9/20/2011,1803.75,1778.34,1811.4,1770.24,1.41,39.72,39.62,40.3,39.1,0.23,70.65,70.43,78.33,
9/19/2011,1778.75,1818.5,1828.47,1770.7,-1.83,39.63,40.57,40.86,38.95,-2.44,56.63,88.71,26.91,
9/16/2011,1811.95,1788.45,1822.2,1763.05,1.27,40.62,39.85,40.92,39.33,1.88,72.7,113.44,42.05,
9/15/2011,1789.14,1820.6,1826.49,1772.54,-1.68,39.87,40.67,40.79,39.3,-1.97,85.38,95.33,79.51,
9/14/2011,1819.7,1833.64,1844.89,1808.29,-0.77,40.67,40.99,41.33,40.25,-0.97,78.36,92.32,65.16,
9/13/2011,1833.8,1813.75,1843.7,1799.25,1.11,41.07,40.21,41.32,39.98,2.04,111.98,136.85,90.11,
9/12/2011,1813.75,1857.66,1861.6,1801.09,-2.37,40.25,41.32,41.46,39.65,-2.99,110.16,149.04,78.51,
9/9/2011,1857.81,1868.76,1885.89,1824.94,-0.59,41.49,42.28,42.72,41.2,-1.96,90.51,108.27,75.26,
9/8/2011,1868.76,1816.96,1870.3,1812.99,2.85,42.32,41.52,42.66,41.34,1.83,99.45,123.07,79.84,
9/7/2011,1816.96,1872.39,1880.61,1793.69,-3.03,41.56,41.87,42.25,40.44,-0.98,87.85,87.58,97.4,
9/6/2011,1873.72,1903.4,1921.11,1860.91,-1.41,41.97,42.88,43.26,41.51,-2.21,138.56,138.14,115.22,
9/5/2011,1900.49,1877.99,1904.2,1875.3,0.86,42.92,42.92,43.38,42.33,-0.74,123.42,108.27,123.15,
9/2/2011,1884.2,1824.84,1884.9,1824,3.24,43.24,41.47,43.38,41.45,4.24,105.27,104.95,93.37,
9/1/2011,1825.05,1823.09,1830.6,1814.65,0.07,41.48,41.47,41.83,41.22,-0.07,90.61,79.49,90.41,
8/31/2011,1823.8,1835.39,1839.7,1812.89,-0.63,41.51,41.28,42.04,41.05,0.51,91.1,123.52,78.79,
8/30/2011,1835.3,1787.96,1840.26,1784.05,2.62,41.3,40.74,41.66,40.38,0.98,61.34,87.36,29.15,
8/29/2011,1788.45,1837.84,1839.24,1776.64,-2.19,40.9,41.52,41.71,40.23,-1.92,125.17,187.18,96.65,
8/26/2011,1828.55,1772.64,1829.15,1757.24,3.21,41.7,41.04,41.7,40.08,1.36,93.75,145.39,46.2,
8/25/2011,1771.6,1750.35,1774.9,1703.45,1.17,41.14,39.62,41.21,38.73,3.71,109.69,131.22,85.13,
8/24/2011,1751.05,1830.05,1854.11,1749.89,-4.32,39.67,41.87,42.44,39.08,-5.34,159.73,227.49,88.55,
8/23/2011,1830.15,1897.84,1911.96,1823.5,-3.58,41.91,43.78,44.19,41.47,-4.16,197.71,257.43,127.49,
8/22/2011,1898.1,1859.89,1901.19,1858.2,2.46,43.73,42.86,44.03,42.49,1.96,143.46,216.69,65.07,
8/19/2011,1852.45,1824.35,1877.5,1821.35,1.54,42.89,40.59,42.96,40.5,5.56,119.65,163.58,73.91,
8/18/2011,1824.35,1789.64,1829,1784.34,2,40.63,40.22,40.9,40.04,1.02,109.45,138.2,91.01,
8/17/2011,1788.65,1786.75,1794.9,1779.39,0.13,40.22,39.86,40.59,39.74,0.8,38.83,46.46,38.75,
8/16/2011,1786.3,1766.3,1788.2,1761.99,1.18,39.9,39.84,40.16,39.25,0.03,54.51,75.24,27.89,
8/15/2011,1765.5,1746.25,1766.44,1728.01,1.08,39.89,39.03,39.99,38.67,2.1,131.06,216.25,45.09,
8/12/2011,1746.6,1763.96,1768.3,1723.55,-1.2,39.07,38.66,39.23,38.16,0.96,69.3,89.81,51.86,
8/11/2011,1767.9,1796.5,1815.79,1734.1,-1.51,38.7,39.23,39.81,37.92,-1.45,91.38,106.28,82.32,
8/10/2011,1795,1743.9,1797.36,1740,2.93,39.27,37.6,39.55,37.6,4.25,44.11,23.99,60.03,
8/9/2011,1743.9,1717.35,1778.79,1714.75,1.55,37.67,38.97,39.52,36.96,-3.44,63.14,50.35,91,
8/8/2011,1717.35,1662.75,1720.49,1662.67,3.14,39.01,38.29,40.38,38.25,1.69,94.77,111.65,78.8,
8/5/2011,1665,1648.4,1670.1,1642.4,1.01,38.36,38.81,39.83,37.51,-1.26,51.98,62.18,40.34,
8/4/2011,1648.4,1661.2,1682.17,1640.09,-0.77,38.85,41.68,42.24,38.44,-6.88,77.04,53.76,83.28,
8/3/2011,1661.2,1659.75,1673.15,1652,0.09,41.72,40.8,42.04,40.52,2.15,86.63,106.93,54.88,
8/2/2011,1659.75,1620.32,1661.05,1616.29,2.45,40.84,39.22,40.88,39.14,3.95,90.46,85.89,85.97,
8/1/2011,1620.1,1628.14,1633.66,1609.69,-0.4,39.29,39.82,40.05,39.01,-1.43,88.1,131.74,51.28,
7/29/2011,1626.64,1616.05,1632.8,1610.64,0.61,39.86,39.65,40.4,39.28,0.4,95.42,149.49,73.68,
7/28/2011,1616.85,1613.5,1620.1,1603.4,0.21,39.7,40.2,40.6,39.32,-1.34,101.98,120.5,81.66,
7/27/2011,1613.5,1618.49,1628.5,1608.96,-0.36,40.24,40.89,41.46,40.1,-1.59,88.67,127.29,58.98,
7/26/2011,1619.3,1614.55,1620.49,1608.29,0.29,40.89,40.31,40.98,39.98,1.34,92.6,117.49,56,
7/25/2011,1614.55,1599.28,1622.99,1599.28,0.96,40.35,40.02,41.09,39.86,0.77,83.92,96.87,80.8,
7/22/2011,1599.25,1592.98,1609.01,1585.36,0.59,40.04,39.26,40.29,38.84,1.81,62.44,82.99,40.38,
7/21/2011,1589.9,1598.58,1606.16,1586.59,-0.76,39.33,39.74,40.38,38.82,-1.99,90.61,122.85,48.22,
7/20/2011,1602.1,1589.85,1603.69,1583,0.87,40.13,38.99,40.16,38.2,2.87,92.12,91.84,95.75,
7/19/2011,1588.35,1605.3,1610.01,1582.59,-1.06,39.01,40.5,40.89,38.58,-3.82,126.49,173.39,98.61,
7/18/2011,1605.4,1595.45,1609.01,1593.59,0.71,40.56,39.23,40.75,39.23,3.26,72.8,108.87,52.97,
7/15/2011,1594.1,1588.75,1595.65,1577.81,0.43,39.28,38.18,39.33,37.86,2.96,91.54,155.49,39.47,
7/14/2011,1587.25,1582.25,1594.66,1579.3,0.32,38.15,38.24,39.38,37.97,-0.08,74.88,92.42,47.44,
7/13/2011,1582.25,1566.95,1587.96,1564.35,0.96,38.18,36.05,38.34,36.02,5.59,92.95,126.02,61.83,
7/12/2011,1567.2,1555.6,1574.96,1542.3,0.84,36.16,35.68,36.45,34.76,1.03,75.83,79.58,73.01,
7/11/2011,1554.1,1544.05,1557.09,1541.9,0.64,35.79,36.66,36.93,35.54,-2.43,84.94,124.79,44.61,
7/8/2011,1544.25,1533.85,1547.3,1526.2,0.76,36.68,36.41,36.87,35.97,0.71,65.36,61.73,68.65,
7/7/2011,1532.55,1530.1,1536.2,1524.81,0.2,36.42,35.85,36.64,35.7,1.45,93.26,119,74.45,
7/6/2011,1529.5,1517.64,1535.45,1511.89,0.87,35.9,35.42,36.28,35.05,1.18,41.55,52.72,31.41,
7/5/2011,1516.3,1496.05,1517.09,1493,1.36,35.48,34.08,35.7,33.82,3.99,83.86,83.6,83.68,
7/4/2011,1495.95,1486.5,1497.06,1485.91,0.64,34.12,33.82,34.2,33.74,0.77,70.37,86.34,72.01,
7/1/2011,1486.5,1502.84,1504.19,1480.01,-0.91,33.86,34.7,34.83,33.45,-2.39,88.82,98.38,87.53,
6/30/2011,1500.1,1512.05,1514.21,1498.7,-0.79,34.69,34.76,35.16,34.44,-0.32,101.41,60.66,129.29,
6/29/2011,1512.05,1501.8,1513.19,1500.5,0.74,34.8,33.87,34.94,33.79,2.62,81.52,73.88,73.95,
6/28/2011,1501,1496.7,1506.56,1496,0.27,33.91,33.47,34.16,33.47,0.95,66.17,54.33,64.74,
6/27/2011,1497,1500.5,1507.29,1492.3,-0.34,33.59,34.26,34.33,33.37,-2.07,108.47,158.05,48.57,
6/24/2011,1502.15,1522.7,1527.41,1500.41,-1.23,34.3,35.24,35.4,34.15,-2.81,115.04,155.17,95.66,
6/23/2011,1520.85,1549.29,1550.85,1514.7,-1.74,35.29,36.27,36.37,34.69,-2.78,128.58,155.17,112.54,
6/22/2011,1547.8,1548.45,1559.75,1543.1,0.1,36.3,36.3,36.8,35.88,-0.11,56.08,59.64,43.52,
6/21/2011,1546.2,1540.45,1548.4,1538.55,0.37,36.34,36,36.58,35.69,0.86,79.23,67.7,87.84,
6/20/2011,1540.45,1538.9,1546.4,1533.24,0.06,36.03,35.8,36.14,35.24,0.53,74.16,57.5,75.37,
6/17/2011,1539.5,1528.85,1542.15,1522.5,0.7,35.84,35.48,35.91,34.9,0.9,77.91,111.84,57.01,
6/16/2011,1528.85,1530.09,1532.8,1522.4,-0.12,35.52,35.76,35.84,35.17,-0.81,115.52,115.16,101.7,
6/15/2011,1530.7,1523.75,1534.25,1514.36,0.43,35.81,35.32,35.99,34.78,1.22,81.84,99.32,65.09,
6/14/2011,1524.1,1516.73,1527.8,1513.95,0.59,35.38,34.74,35.63,34.38,1.87,43.33,54.97,26.2,
6/13/2011,1515.23,1530.5,1533.06,1511.61,-1.09,34.73,36.08,36.32,34.55,-4.06,105.77,118.09,91.47,
6/10/2011,1531.9,1545.6,1546.99,1527.74,-0.81,36.2,37.53,37.89,36.06,-3.67,90.62,93.68,94.89,
6/9/2011,1544.35,1538.8,1551.3,1534.9,0.44,37.58,36.77,37.66,36.55,2.12,101.33,125.41,69.73,
6/8/2011,1537.55,1545.75,1548.09,1532.76,-0.43,36.8,37.11,37.25,36.04,-0.89,122.14,110.69,129.26,
6/7/2011,1544.25,1543.55,1550.5,1536.7,0.02,37.13,36.73,37.52,36.49,0.95,106.62,146.61,61.14,
6/6/2011,1544,1544.59,1555.3,1542.2,0.1,36.78,36.22,37.3,36.17,1.49,62.42,74.68,55.37,
6/3/2011,1542.5,1535.74,1547.46,1525.89,0.56,36.24,36.14,36.44,35.13,0.11,66.99,66.78,66.84,
6/2/2011,1533.9,1542.49,1546.16,1521.6,-0.44,36.2,36.86,37.46,35.61,-1.71,86.35,103.31,97.66,
6/1/2011,1540.7,1535.15,1550.64,1529.55,0.35,36.83,38.47,38.53,36.39,-4.31,96.12,132.68,55.34,
5/31/2011,1535.35,1539.95,1542.5,1534.26,-0.2,38.49,38.05,38.78,37.96,1.05,140.02,167.51,119.76,
5/30/2011,1538.45,1537.24,1540,1534.39,0.12,38.09,38.02,38.4,37.77,0.11,112.04,106.84,105.32,
5/27/2011,1536.65,1523.59,1540.1,1520,1.16,38.05,37.21,38.24,37.19,2.09,94.45,60.53,129.03,
5/26/2011,1519.05,1524.26,1531.7,1515.39,-0.45,37.27,37.87,38.89,36.3,-1.66,103.63,135.37,89.14,
5/25/2011,1525.95,1527.69,1534.1,1523.06,-0.03,37.9,36.62,38.01,36.24,3.35,119.1,118.74,105.23,
5/24/2011,1526.4,1518.7,1529.45,1515,0.61,36.67,35.04,36.73,34.87,4.53,134.66,130.41,159.96,
5/23/2011,1517.2,1512.6,1518.01,1504.05,0.24,35.08,35.01,35.44,34.37,0.09,119.93,131.93,123.8,
5/20/2011,1513.55,1495.5,1517.55,1488.95,1.34,35.05,35.06,35.61,34.21,0.14,81.48,81.23,83.39,
5/19/2011,1493.6,1498.3,1501.51,1488.4,-0.23,35,35.01,35.8,34.53,-0.23,150.25,132.37,145.28,
5/18/2011,1497,1486.3,1501.6,1486.3,0.68,35.08,33.95,35.56,33.85,3.3,85.32,96.15,80.2,
5/17/2011,1486.85,1491.2,1499.6,1473.5,-0.19,33.96,33.56,34.42,33.01,1.07,74.64,77.95,76.84,
5/16/2011,1489.7,1493.75,1504.9,1487.89,-0.32,33.6,35.28,35.38,33.48,-5.03,87.17,118.92,68.67,
5/13/2011,1494.55,1506.41,1516.93,1483.03,-0.55,35.38,34.58,36.47,33.92,2.14,114.11,156.02,92.18,
5/12/2011,1502.85,1500.25,1508.3,1479.3,0.17,34.64,35.06,35.92,32.33,-1.31,80.96,100.89,84.15,
5/11/2011,1500.25,1513.25,1526.8,1496.15,-1.02,35.1,38.48,39.52,35.02,-8.81,88.73,110.57,86.08,
5/10/2011,1515.72,1513.03,1519.65,1506.17,0.18,38.49,37.68,38.85,37.3,1.74,140.8,147.76,129.41,
5/9/2011,1513.05,1493.26,1514.31,1489.99,1.19,37.83,35.61,38.01,35.37,6.12,126.04,141.36,124.46,
5/6/2011,1495.25,1474.65,1498.59,1471.05,1.47,35.65,34.76,36.43,33.22,2.71,104.75,130.53,81.66,
5/5/2011,1473.65,1516.79,1523.69,1464.4,-2.79,34.71,39.26,39.6,34.23,-11.86,101.2,127.79,106.59,
5/4/2011,1515.95,1537.1,1543.46,1506.5,-1.36,39.38,41.66,42.34,38.95,-5.54,113.02,155.41,84.26,
5/3/2011,1536.83,1545.34,1551.8,1527.96,-0.53,41.69,43.9,45.59,40.64,-5.1,269.19,357.82,230.06,
5/2/2011,1545,1567.79,1576.29,1540.89,-1.32,43.93,47.9,48.16,42.58,-8.48,115.26,178.74,78.09,
4/29/2011,1565.6,1536.95,1571.3,1533,1.96,48,48.42,49.21,47.52,-0.93,68.88,78.47,54.54,
4/28/2011,1535.45,1527.51,1538.85,1524.25,0.56,48.45,47.76,49.55,47.27,1.36,110.53,130.86,74.68,
4/27/2011,1526.9,1506.59,1530.4,1503.3,1.32,47.8,45.37,48.28,44.86,4.99,124.73,168.23,103.71,
4/26/2011,1507.05,1505.94,1507.91,1493,-0.01,45.53,46.89,47.15,44.62,-3.02,144.02,127.63,166.33,
4/25/2011,1507.25,1511.45,1520.1,1503.7,-0.06,46.95,46.7,49.36,45.78,0.56,78.18,98.46,75.28,
4/22/2011,1508.13,1507.35,1512.95,1502.15,0.25,46.69,46.58,46.71,46.46,0.17,81.57,120.21,41.29,
4/21/2011,1504.35,1503.49,1510.75,1502.35,0.13,46.61,45.18,46.73,45.02,3.01,117.59,133.97,106.16,
4/20/2011,1502.35,1497.3,1507.7,1495.16,0.48,45.25,43.92,45.42,43.79,2.98,80.79,95.19,73.29,
4/19/2011,1495.1,1497.29,1501.31,1489.3,-0.03,43.94,43.37,44.21,42.74,1.31,96.63,84.77,102.85,
4/18/2011,1495.51,1486.43,1497.64,1477.59,0.61,43.37,43,43.56,42.2,0.77,86.95,123.84,48.2,
4/15/2011,1486.5,1476.79,1489.9,1473.2,0.79,43.04,42.13,43.06,41.8,2.18,86.82,99.87,66.64,
4/14/2011,1474.9,1459.15,1477.3,1454.8,1.18,42.12,40.63,42.22,40.43,3.57,110.65,130.99,92.01,
4/13/2011,1457.75,1452.49,1462.3,1450.96,0.29,40.67,40.04,40.8,39.98,1.4,111.53,118.6,123.66,
4/12/2011,1453.6,1462.15,1467.5,1443.89,-0.67,40.11,40.18,40.92,39.71,-0.27,88.34,95.4,79.57,
4/11/2011,1463.4,1473.55,1476.61,1459.2,-0.79,40.22,40.91,41.98,39.75,-1.69,98.69,154,42.82,
4/8/2011,1475.1,1460.39,1476.85,1458.25,1.14,40.91,39.61,40.99,39.48,3.26,84.77,110.51,65.07,
4/7/2011,1458.5,1460.7,1466.8,1454.09,0.07,39.62,39.44,39.72,39.17,0.35,74.62,77.63,70.14,
4/6/2011,1457.5,1456.7,1462.41,1451.6,0.44,39.48,39.25,39.8,39.07,0.51,130.39,203.76,82.05,
4/5/2011,1451.1,1437.05,1457.35,1430.1,0.99,39.28,38.55,39.34,38.03,2.13,103.4,117.81,85.98,
4/4/2011,1436.94,1428.74,1438.94,1427.79,0.6,38.46,37.75,38.62,37.74,1.96,71.93,119.51,19.94,
4/1/2011,1428.38,1432.59,1436.55,1413.05,-0.25,37.72,37.59,37.87,37.06,0.19,125.88,151.91,104.67,
3/31/2011,1432,1424.85,1441.3,1422.25,0.57,37.65,37.38,37.98,37.33,0.45,126.23,142.84,124.82,
3/30/2011,1423.88,1418.52,1430.5,1412.25,0.36,37.48,37.05,37.76,36.87,0.97,125.13,187.12,92.49,
3/29/2011,1418.8,1422.2,1425.1,1412.85,-0.13,37.12,37.13,37.27,36.5,-0.08,196.35,239.25,181.42,
3/28/2011,1420.65,1427.85,1430.04,1411.95,-0.63,37.15,37.22,37.41,36.4,-0.48,131.84,164.3,116.48,
3/25/2011,1429.65,1432.8,1438.7,1422.79,-0.1,37.33,37.1,37.79,36.84,0.43,130.92,163.9,106.33,
3/24/2011,1431.1,1439.29,1449.4,1425.2,-0.49,37.17,37.37,38.18,36.85,-0.64,144.68,150.24,135.34,
3/23/2011,1438.2,1429.49,1442.9,1427.61,0.68,37.41,36.34,37.45,36.14,2.89,231.28,260.32,192.32,
3/22/2011,1428.55,1427.95,1428.74,1424.86,0.11,36.36,36.07,36.48,35.71,0.72,192.93,210.48,181.62,
3/21/2011,1427.05,1426.46,1436.7,1425.19,0.53,36.1,35.23,36.24,35.05,2.38,151.39,251.54,77.93,
3/18/2011,1419.55,1405.39,1425.7,1403.4,1.08,35.26,34.2,35.41,34.2,3.01,147.8,160.15,170.99,
3/17/2011,1404.4,1401.99,1406.95,1388.25,0.22,34.23,34.14,34.68,33.65,-0.06,116.23,128.07,106.82,
3/16/2011,1401.3,1396.8,1408.35,1393.85,0.38,34.25,34.3,35.1,33.85,-0.06,166.35,129.79,186.44,
3/15/2011,1395.95,1429.49,1429.49,1382.9,-2.29,34.27,35.86,35.94,33.56,-4.59,141.81,188.5,133.04,
3/14/2011,1428.65,1422.09,1433.89,1419.79,0.79,35.92,35.93,36.5,35.5,0.08,87.98,83.89,95.42,
3/11/2011,1417.4,1412.9,1424.55,1404.7,0.28,35.89,35.23,36.18,33.99,1.82,136.77,152.98,133.15,
3/10/2011,1413.45,1429.45,1431.75,1403.12,-1.12,35.25,36.07,36.19,34.66,-2.38,136.31,170.65,115.98,
3/9/2011,1429.5,1428.59,1436.55,1423.31,0.04,36.11,36.01,36.44,35.6,0.25,199.47,220.16,171.79,
3/8/2011,1428.89,1431.2,1437.16,1423.7,-0.3,36.02,35.88,36.53,35.5,0,166.01,195.58,138.04,
3/7/2011,1433.17,1428.28,1445.03,1428.28,0.27,36.02,35.59,36.74,35.57,1.32,138.72,217.92,90.88,
3/4/2011,1429.3,1416.09,1432.36,1413.41,0.91,35.55,34.19,35.57,34.17,3.86,119.61,139.12,104.99,
3/3/2011,1416.4,1435.15,1436.55,1410.36,-1.29,34.23,34.66,34.96,34.03,-1.21,154.95,185.37,125.99,
3/2/2011,1434.95,1434.15,1440.5,1427.9,0.08,34.65,34.68,34.99,34.21,-0.14,127,70.34,152.54,
3/1/2011,1433.85,1410.94,1435,1409.35,1.57,34.7,33.8,34.7,33.78,2.57,178.96,167.49,200.44,
2/28/2011,1411.65,1408.9,1416.6,1404.6,0.17,33.83,33.34,34,33.25,1.47,107.26,98.7,109.77,
2/25/2011,1409.25,1402.06,1412.14,1399.54,0.64,33.34,32.09,33.38,32.05,3.99,137.74,96.12,160.35,
2/24/2011,1400.25,1411.97,1418.42,1392,-0.72,32.06,33.52,33.78,31.71,-4.38,144.02,110.95,174.2,
2/23/2011,1410.45,1399.66,1416.8,1395.7,0.88,33.53,33.05,33.8,32.66,1.27,73.45,65.9,79.4,
2/22/2011,1398.15,1406.56,1411.26,1393.14,-0.59,33.11,33.85,34.33,32.39,-2.3,163.83,143.41,166.13,
2/21/2011,1406.45,1388.45,1408.7,1388.45,1.38,33.89,32.54,34.02,32.35,4.08,109,122.83,86.69,
2/18/2011,1387.3,1383.74,1392.15,1382,0.26,32.56,31.73,32.88,31.61,2.52,66.45,26.5,99.46,
2/17/2011,1383.67,1374.53,1385.28,1374.43,0.62,31.76,30.62,31.8,30.52,3.45,88.43,74.59,90.5,
2/16/2011,1375.11,1373.45,1382.29,1368.45,0.12,30.7,30.75,30.97,30.27,-0.13,62.23,36.49,73.05,
2/15/2011,1373.4,1362.02,1376.85,1360.85,0.81,30.74,30.59,30.91,30.46,0.33,55.58,81.27,30.81,
2/14/2011,1362.31,1359.36,1367.15,1354.45,0.46,30.64,29.94,30.73,29.79,2.54,76.57,56.24,80.42,
2/11/2011,1356.1,1363.51,1368.51,1353.99,-0.43,29.88,30.18,30.3,29.7,-1.09,97.63,114.11,83.98,
2/10/2011,1362.01,1363.41,1366.57,1350.78,-0.07,30.21,30.17,30.29,29.66,0.1,104.04,100.38,94.89,
2/9/2011,1362.95,1364.14,1367.4,1358.36,-0.08,30.18,30.31,30.52,30.05,-0.53,86.58,120.09,56.34,
2/8/2011,1364,1350.65,1368.18,1348.45,1.1,30.34,29.38,30.37,29.26,3.44,56.59,82.75,31.37,
2/7/2011,1349.1,1348.15,1353.4,1343.13,-0.01,29.33,29.04,29.49,29,0.62,59.58,63.35,46.24,
2/4/2011,1349.25,1353.8,1358.43,1345.3,-0.29,29.15,28.91,29.31,28.71,0.69,94.64,111.83,93.27,
2/3/2011,1353.2,1336.35,1356.15,1325.14,1.23,28.95,28.36,29.02,27.97,2.01,113.28,116.35,119.89,
2/2/2011,1336.8,1340.89,1343.79,1326.8,-0.28,28.38,28.49,28.73,28.11,-0.49,98.83,116.77,79.13,
2/1/2011,1340.6,1332.15,1343.6,1325.65,0.63,28.52,28.03,28.66,27.86,1.68,118.03,106.28,139.31,
1/31/2011,1332.19,1336.93,1346.18,1323.29,-0.24,28.05,28.28,28.45,27.52,0.25,89.42,81.04,87.87,
1/28/2011,1335.35,1312.95,1347.21,1308.56,1.82,27.98,26.86,28.05,26.38,4.01,69.63,52.89,71.69,
1/27/2011,1311.49,1346.74,1341.64,1309.09,-2.56,26.9,27.6,27.81,26.76,-2.61,68.67,78.24,59.82,
1/26/2011,1345.89,1333.11,1346.76,1325.06,0.91,27.62,26.82,27.66,26.66,2.87,113.75,144.33,74.52,
1/25/2011,1333.75,1334.49,1338.75,1323.05,-0.07,26.85,26.92,27.07,26.54,-0.37,204.2,286.51,119.49,
1/24/2011,1334.7,1343.25,1353.4,1333.85,-0.58,26.95,27.46,27.99,26.82,-1.89,107,59.73,135.23,
1/21/2011,1342.51,1345.91,1350.7,1337.95,-0.25,27.47,27.49,27.67,27.1,-0.29,88.97,61.41,96.75,
1/20/2011,1345.85,1370.35,1371.55,1343,-1.78,27.55,28.76,28.84,27.4,-4.27,59.09,51.54,55.27,
1/19/2011,1370.2,1368.1,1379.16,1365.7,0.18,28.78,28.84,29.5,28.63,-0.21,62.64,36.73,73.54,
1/18/2011,1367.76,1361.45,1376.61,1360.01,0.37,28.84,28.25,29.06,28.2,1.98,56.98,22.72,75.81,
1/17/2011,1362.78,1359.53,1366.22,1357.47,0.07,28.28,28.43,28.66,28,-0.67,91.63,63.95,99.06,
1/14/2011,1361.85,1373.35,1378.35,1355.49,-0.91,28.47,28.7,28.97,28.09,-0.9,66.92,66.71,83.47,
1/13/2011,1374.36,1388.16,1393.61,1370.17,-0.88,28.73,29.64,29.79,28.49,-3.27,61.53,74.98,56.85,
1/12/2011,1386.5,1381,1389.4,1376.65,0.29,29.7,29.48,29.83,29.36,0.51,74.32,49.39,88.29,
1/11/2011,1382.45,1374.9,1386.96,1372.9,0.54,29.55,29.07,29.7,29,1.76,89.33,96.47,86.66,
1/10/2011,1375.05,1369.3,1376.5,1365.64,0.4,29.04,28.69,29.11,28.61,1.01,96.13,111.81,106.58,
1/7/2011,1369.6,1372.1,1379.74,1353.3,-0.13,28.75,29.06,29.38,28.3,-1.17,74.59,67.6,84.58,
1/6/2011,1371.4,1377.95,1380.2,1364.95,-0.44,29.09,29.23,29.59,28.76,-0.61,74.08,63.3,76.27,
1/5/2011,1377.48,1380.94,1385.73,1364.48,-0.23,29.27,29.78,29.87,28.57,-1.84,44.56,29.62,55.58,
1/4/2011,1380.6,1414.38,1417.59,1372.38,-2.38,29.82,30.66,30.87,29.31,-2.83,119.25,149.71,110.18,
1/3/2011,1414.3,1421.3,1424.07,1412.24,-0.5,30.69,30.84,31.24,30.45,-0.71,74.2,116.24,52.89,
12/31/2010,1421.45,1406.15,1423.15,1405.25,1.21,30.91,30.43,30.97,30.37,1.51,45.38,57.58,41.16,
12/30/2010,1404.45,1411.35,1414.95,1402.55,-0.46,30.45,30.56,30.91,30.28,-0.43,161.36,151.4,165.74,
12/29/2010,1410.95,1405.96,1414.35,1400.75,0.32,30.58,30.26,30.69,30.09,1.16,53.04,57.68,40.09,
12/28/2010,1406.39,1383.95,1407.15,1382.45,1.61,30.23,29.25,30.34,29.19,3.21,134.57,185.76,103.29,
12/27/2010,1384.1,1384.75,1386.7,1372.75,-0.05,29.29,29.23,29.33,28.75,0.14,87.48,93.02,77.59,
12/24/2010,1384.75,1380.55,1386.14,1378.82,0.32,29.25,29.3,29.4,29.16,-0.2,126.52,160.53,133.9,
12/23/2010,1380.35,1385.05,1388.96,1372.61,-0.34,29.31,29.2,29.4,28.9,0.27,124.69,149.17,96.77,
12/22/2010,1385,1385.75,1391.2,1382.04,-0.05,29.23,29.3,29.45,29.16,-0.31,163.83,175.28,146.2,
12/21/2010,1385.74,1385.26,1392.39,1381.16,0.08,29.32,29.32,29.56,28.99,-0.07,156.81,101.61,228.18,
12/20/2010,1384.65,1376.8,1388.45,1376.24,0.67,29.34,29.08,29.5,28.76,0.62,128.26,88.18,154.46,
12/17/2010,1375.41,1371.51,1379.36,1365.05,0.42,29.16,28.86,29.32,28.62,1,107.16,125.68,89.11,
12/16/2010,1369.7,1380.8,1386.75,1361.75,-0.73,28.87,28.79,29.23,28.32,0.14,136.46,129.24,147.51,
12/15/2010,1379.8,1396.05,1397.4,1377.39,-1.18,28.83,29.39,29.6,28.68,-2.04,72.64,57.94,78.53,
12/14/2010,1396.25,1393.4,1408.1,1392.05,0.18,29.43,29.49,29.95,29.16,-0.3,67.45,74.71,56.09,
12/13/2010,1393.76,1383.76,1399.44,1380.55,0.56,29.52,28.55,29.7,28.44,2.86,72.63,72.4,67.1,
12/10/2010,1386.05,1387.8,1392.55,1372.3,-0.11,28.7,28.71,28.99,28.03,-0.1,61.22,44.97,80.38,
12/9/2010,1387.64,1382.05,1394.54,1379.68,0.4,28.73,28.33,29.01,28.14,1.38,88.63,66.27,92.12,
12/8/2010,1382.1,1401.19,1404.42,1371.85,-1.41,28.34,28.66,29.26,27.96,-1.22,67.68,56.81,71.08,
12/7/2010,1401.89,1423.45,1431.45,1396.49,-1.52,28.69,30.15,30.71,28.5,-4.91,127.92,134.24,106.37,
12/6/2010,1423.55,1415.56,1427.51,1409.15,0.6,30.17,29.49,30.27,29.42,2.79,110.68,133.99,98.61,
12/3/2010,1415.05,1385.36,1415.91,1383.55,2.2,29.35,28.52,29.38,28.49,2.91,86.44,80.02,92.42,
12/2/2010,1384.65,1387.69,1398.6,1382.95,-0.18,28.52,28.44,29.03,28.28,0.21,100.18,53.26,138.84,
12/1/2010,1387.1,1385.7,1397.11,1382.15,0.16,28.46,28.05,28.84,27.96,1.32,94.05,34.73,144.82,
11/30/2010,1384.85,1368.4,1390.15,1363.04,1.2,28.09,27.14,28.34,26.91,3.54,183.41,111.94,224.1,
11/29/2010,1368.37,1364.3,1371.13,1354.97,0.29,27.13,26.69,27.27,26.46,1.65,159.03,61.87,225.78,
11/26/2010,1364.42,1374.49,1375.16,1350.64,-0.74,26.69,27.54,27.56,26.44,-3.23,56.32,42.11,58.54,
11/25/2010,1374.62,1373.55,1375.4,1368.25,-0.02,27.58,27.58,27.63,27.32,-0.07,91.49,98.81,76.07,
11/24/2010,1374.9,1377,1381.7,1369.6,-0.17,27.6,27.5,27.7,27.11,0.22,166.79,46.4,238.68,
11/23/2010,1377.2,1366.4,1382.4,1356.35,0.79,27.54,27.83,27.9,27.03,-1.04,77.38,44.08,104.17,
11/22/2010,1366.35,1354.7,1368.11,1348.55,0.95,27.83,27.6,27.93,27.09,1.76,113.15,70.01,142.75,
11/19/2010,1353.5,1350.49,1363.29,1341.9,-0.03,27.35,26.92,27.41,26.35,1.52,103.71,87.73,120.22,
11/18/2010,1353.85,1336,1359.55,1335.59,1.24,26.94,25.6,27.05,25.54,5.11,73.97,57.71,90.93,
11/17/2010,1337.25,1340,1345.2,1331.3,-0.27,25.63,25.45,25.92,25.02,0.55,77.66,67.33,73,
11/16/2010,1340.85,1360.4,1364.85,1329.85,-1.37,25.49,25.44,25.88,24.98,-0.12,121.23,63.99,154.18,
11/15/2010,1359.49,1366.95,1377.16,1355.59,-0.69,25.52,25.99,26.49,25.41,-2,120.95,23.34,181.69,
11/12/2010,1368.95,1409.9,1410.61,1360.26,-2.87,26.04,27.72,27.76,25.8,-6.03,75.51,78.55,81.9,
11/11/2010,1409.35,1403.3,1418.25,1396.95,0.4,27.71,27.22,27.84,26.93,1.65,87.63,97.85,69.96,
11/10/2010,1403.75,1392.7,1410.8,1384.25,0.92,27.26,26.88,28.2,26.54,1.49,79.36,96.32,51.65,
11/9/2010,1390.95,1410.41,1425.36,1383.74,-1.31,26.86,27.68,29.35,26.46,-3.03,131.48,174.77,103.26,
11/8/2010,1409.45,1394.9,1410.7,1387.14,1.12,27.7,26.62,27.74,26.49,3.63,92.57,72.23,107.1,
11/5/2010,1393.9,1392.69,1398.35,1374.15,0.08,26.73,26.3,26.93,25.86,1.4,54.94,32.22,64.5,
11/4/2010,1392.75,1348.09,1393.66,1346.75,3.27,26.36,24.87,26.37,24.74,6.08,79.74,139.12,38.68,
11/3/2010,1348.65,1357.96,1365.25,1324.64,-0.65,24.85,24.92,25.06,23.93,-0.36,81.79,81.54,73.68,
11/2/2010,1357.5,1351.25,1359.95,1350.7,0.43,24.94,24.58,24.94,24.57,1.18,130.62,144.68,114.65,
11/1/2010,1351.75,1361.19,1366.49,1349.8,-0.57,24.65,24.72,25.08,24.49,-0.32,130.51,168.37,102.14,
10/29/2010,1359.55,1344.09,1359.95,1335.56,1.13,24.73,23.99,24.76,23.72,2.96,78.2,68.6,88.44,
10/28/2010,1344.35,1325.59,1346.5,1323.55,1.44,24.02,23.57,24.05,23.46,1.95,55.87,65.52,65.58,
10/27/2010,1325.3,1339.65,1344,1319.24,-1.09,23.56,23.82,24.23,23.33,-1.22,85.61,89.05,86.66,
10/26/2010,1339.9,1339.45,1343.9,1328.41,-0.04,23.85,23.59,23.97,23.14,0.85,44.56,44.43,37.06,
10/25/2010,1340.45,1331.89,1350.2,1331.8,0.92,23.65,23.28,23.87,23.27,1.55,50.78,70.1,38.98,
10/22/2010,1328.2,1326.05,1329.35,1316.09,0.2,23.29,23.12,23.41,22.81,0.56,65.01,94.27,54.06,
10/21/2010,1325.5,1346.1,1350.05,1318.74,-1.55,23.16,23.91,24.11,23.01,-3.26,43.1,67.52,35.84,
10/20/2010,1346.35,1334.8,1348.2,1330.8,0.82,23.94,23.3,24.01,23.27,2.44,69.56,52.84,77.13,
10/19/2010,1335.45,1369.4,1372.05,1329.3,-2.51,23.37,24.34,24.53,23.24,-4.14,83.69,76.48,86.98,
10/18/2010,1369.8,1371,1375.3,1353.05,0.05,24.38,24.26,24.53,23.69,0.25,30.71,45.92,25.53,
10/15/2010,1369.15,1380.85,1386.25,1363.2,-0.88,24.32,24.62,24.88,24.06,-1.3,71.88,105.93,77.96,
10/14/2010,1381.3,1372.7,1388.1,1371.25,0.67,24.64,24.01,24.95,23.96,2.54,77.56,57.99,91.37,
10/13/2010,1372.1,1350.65,1375.15,1349.4,1.59,24.03,23.27,24.12,23.23,3.09,52.52,83.78,34.94,
10/12/2010,1350.6,1354.5,1356.3,1341.45,-0.25,23.31,23.26,23.52,22.9,0.09,64.53,92.92,59.62,
10/11/2010,1353.95,1346.4,1356.15,1340.85,0.53,23.29,23.16,23.7,23.02,0.3,70.22,65.88,75.56,
10/8/2010,1346.8,1332.9,1350.2,1325.35,0.98,23.22,22.5,23.32,22.31,3.2,67.21,70.2,63.87,
10/7/2010,1333.7,1349.65,1365.6,1326.55,-1.16,22.5,23.12,23.56,22.43,-2.93,104.36,120.82,106.37,
10/6/2010,1349.4,1341,1350.8,1339.65,0.65,23.18,22.8,23.22,22.73,1.44,98.46,140.23,70.18,
10/5/2010,1340.75,1314,1342.2,1312.25,1.94,22.85,21.88,22.92,21.77,4.34,111.26,150.27,113.4,
10/4/2010,1315.25,1318.4,1321,1313.25,-0.27,21.9,22.06,22.2,21.86,-0.9,75.47,95.03,72.66,
10/1/2010,1318.8,1310.55,1322.3,1307.1,0.71,22.1,21.7,22.2,21.69,1.61,80.87,105.43,51.73,
9/30/2010,1309.5,1310.35,1316.8,1296.9,-0.03,21.75,21.82,22.12,21.53,-0.73,69.41,50.32,73.45,
9/29/2010,1309.9,1309,1314.2,1306.15,0.06,21.91,21.7,22.05,21.66,0.74,82.9,82.65,91.91,
9/28/2010,1309.1,1295.3,1311.1,1283.6,1.09,21.75,21.43,21.83,21.02,1.4,89.33,81.63,99.04,
9/27/2010,1295,1298.5,1301,1293.5,-0.15,21.45,21.44,21.66,21.31,-0.05,95.33,102.95,105.69,
9/24/2010,1296.95,1292.9,1300.95,1292.3,0.34,21.46,21.1,21.52,21.08,1.56,91.23,87.81,78.48,
9/23/2010,1292.55,1292.4,1297.35,1288.25,0.09,21.13,21.13,21.28,20.84,0,80.06,26.61,110.96,
9/22/2010,1291.35,1286.6,1296.6,1285.8,0.34,21.13,20.93,21.19,20.88,0.76,67.37,37.31,80.92,
9/21/2010,1286.95,1279.15,1292.7,1271.85,0.67,20.97,20.7,21.1,20.47,1.16,100.87,104.58,114.07,
9/20/2010,1278.35,1277.4,1285.2,1275.5,0.27,20.73,20.73,21.01,20.66,-0.19,70.04,98.58,34.26,
9/17/2010,1274.9,1276,1284.25,1273.1,-0.05,20.77,20.75,21.04,20.57,-0.1,89.34,75.37,102.87,
9/16/2010,1275.55,1268.1,1278.7,1265.65,0.59,20.79,20.58,20.87,20.43,0.97,61.4,64.44,48.37,
9/15/2010,1268.05,1268.1,1272.35,1263.45,-0.06,20.59,20.4,20.65,20.3,0.64,63.13,13.25,99.46,
9/14/2010,1268.85,1245,1275.25,1244.5,1.88,20.46,20,20.54,20.1,2.04,80.2,83.43,69.59,
9/13/2010,1245.45,1245.9,1249.7,1241.45,-0.08,20.05,19.85,20.25,19.79,0.86,71.6,90.17,43.87,
9/10/2010,1246.45,1244.3,1251.65,1237.05,0.19,19.88,19.7,20.05,19.65,0.86,86.67,102.4,80.07,
9/9/2010,1244.1,1253.45,1259.3,1242.7,-0.88,19.71,19.82,20.09,19.65,-1,45.96,32.73,60.06,
9/8/2010,1255.2,1254.55,1262.75,1253.5,-0.02,19.91,19.75,20.16,19.75,0.71,87.17,90.38,81.19,
9/7/2010,1255.4,1248.55,1260.3,1244.5,0.43,19.77,19.9,20.02,19.52,-0.85,113.96,117.52,91.49,
9/6/2010,1250.05,1248.6,1251.45,1247.05,0.24,19.94,19.8,19.96,19.75,0.5,52.41,31.35,61.02,
9/3/2010,1247.1,1252.4,1255.1,1237,-0.33,19.84,19.6,19.95,19.45,1.02,81.19,64.75,81.01,
9/2/2010,1251.25,1244.3,1253.8,1243.5,0.55,19.64,19.3,19.71,19.3,1.5,60.68,85.41,35.62,
9/1/2010,1244.35,1248,1255.15,1242.75,-0.26,19.35,19.35,19.57,19.26,-0.15,94.75,128.47,69.34,
8/31/2010,1247.65,1236.95,1251.9,1233.75,0.88,19.38,18.93,19.45,18.79,1.84,123.16,127.01,98.88,
8/30/2010,1236.8,1237,1238.8,1233.8,-0.11,19.03,19.05,19.22,18.95,-0.31,97.04,114.33,73.36,
8/27/2010,1238.2,1236.94,1244.25,1233.75,0.17,19.09,18.9,19.37,18.86,0.85,95.15,112.42,99.63,
8/26/2010,1236.05,1240.55,1246,1235.85,-0.33,18.93,18.89,19.2,18.88,-0.11,83.96,91.31,76.16,
8/25/2010,1240.1,1229.65,1242.35,1229.65,0.84,18.95,18.34,19.11,18.32,3.16,97.32,134.33,74.7,
8/24/2010,1229.75,1225.7,1236,1210.6,0.35,18.37,17.95,18.49,17.7,2.17,105.29,177.63,47.14,
8/23/2010,1225.4,1229.1,1233.85,1223.65,-0.22,17.98,17.95,18.12,17.86,-0.17,76.51,80.76,74.85,
8/20/2010,1228.05,1230.7,1233.05,1222.25,-0.33,18.01,18.25,18.34,17.8,-1.53,57.42,64.4,41.78,
8/19/2010,1232.1,1230.6,1239.15,1229.3,0.21,18.29,18.32,18.6,18.19,-0.44,96.27,92.42,83.02,
8/18/2010,1229.55,1225.3,1233.35,1218.4,0.38,18.37,18.45,18.6,18.13,-0.81,108.86,155.04,51.73,
8/17/2010,1224.9,1224.9,1230.45,1224.1,0,18.52,18.36,18.68,18.33,0.65,83.65,33.36,111.29,
8/16/2010,1224.85,1214.55,1229.15,1214.55,0.77,18.4,18.07,18.51,18.07,1.43,66.97,35.61,81.67,
8/13/2010,1215.55,1214.05,1219.35,1212.55,0.19,18.14,17.99,18.21,17.94,0.44,54.13,71.95,30.01,
8/12/2010,1213.2,1198.4,1217.25,1197.85,1.29,18.06,17.82,18.13,17.82,1.01,83.67,68.25,88.55,
8/11/2010,1197.75,1204.25,1209.75,1194.15,-0.51,17.88,18.27,18.37,17.78,-2.3,69.17,61.3,70.3,
8/10/2010,1203.85,1201.1,1208.05,1191.5,0.2,18.3,18.3,18.48,17.94,-0.22,77.13,46.13,89.79,
8/9/2010,1201.4,1204.85,1210.55,1199.9,-0.32,18.34,18.43,18.59,18.21,-0.38,48.01,34.81,58.07,
8/6/2010,1205.3,1194.7,1213.61,1193.1,0.85,18.41,18.27,18.55,18.26,0.38,64.69,54.3,62.28,
8/5/2010,1195.1,1195.35,1200.55,1190.65,-0.05,18.34,18.26,18.49,18.18,0.22,85.46,115.87,68.22,
8/4/2010,1195.75,1185.7,1203.35,1184.4,0.85,18.3,18.35,18.7,18.2,-0.44,99.57,106.9,108.27,
8/3/2010,1185.7,1181.65,1191.35,1179.75,0.33,18.38,18.34,18.62,18.28,0.11,112.56,112.22,93.6,
8/2/2010,1181.85,1181.45,1191.4,1175.5,0.08,18.36,17.96,18.58,17.94,2.06,117.84,95.72,145.16,
7/30/2010,1180.9,1167.35,1183.95,1166,1.2,17.99,17.6,18.13,17.51,1.41,74.98,108.72,56.68,
7/29/2010,1166.93,1163.5,1169.8,1159.65,0.29,17.74,17.45,17.74,17.45,1.37,65.02,86.43,54.07,
7/28/2010,1163.55,1162.5,1166.35,1157.4,0.11,17.5,17.65,17.74,17.31,-0.85,103.4,73.63,135.12,
7/27/2010,1162.3,1181.9,1187.75,1158.15,-1.71,17.65,18.14,18.24,17.55,-2.86,99.45,122.03,76.34,
7/26/2010,1182.5,1189.25,1195.3,1179.65,-0.56,18.17,18.07,18.27,17.97,0.33,132.67,145.07,113.88,
7/23/2010,1189.1,1195.05,1203.95,1183.81,-0.49,18.11,18.08,18.3,18,0.06,73.76,76.72,69.33,
7/22/2010,1194.95,1184.9,1200.6,1181.05,0.75,18.1,17.63,18.2,17.58,2.43,65.89,65.68,66.96,
7/21/2010,1186,1191.4,1198.05,1183.35,-0.53,17.67,17.65,17.88,17.52,-0.17,99.63,120.6,100.59,
7/20/2010,1192.3,1184.65,1194.3,1175.85,0.73,17.7,17.59,17.77,17.4,0.51,88.59,84.48,89.68,
7/19/2010,1183.7,1193.2,1195.1,1177.65,-0.83,17.61,17.8,17.93,17.45,-1.45,71.65,58.82,77.1,
7/16/2010,1193.65,1208.9,1211,1186.35,-1.23,17.87,18.31,18.35,17.69,-2.51,45.87,52.26,38.14,
7/15/2010,1208.55,1209.05,1217.95,1204.55,0,18.33,18.27,18.53,18.14,0.22,124,120.09,117.84,
7/14/2010,1208.5,1211.75,1218.85,1203.16,-0.26,18.29,18.22,18.49,18.07,0.22,158.44,132.24,177.71,
7/13/2010,1211.65,1195.3,1218.6,1195.3,1.24,18.25,17.88,18.42,17.82,1.9,140.02,143.58,146.37,
7/12/2010,1196.85,1212.15,1214,1196.85,-1.25,17.91,18.03,18.16,17.73,-1.21,28.98,33.02,27.55,
7/9/2010,1212,1197.35,1213.85,1194.7,1.13,18.13,17.91,18.2,17.78,1,66.58,92.93,44.29,
7/8/2010,1198.45,1203,1209.7,1189.35,-0.32,17.95,17.96,18.19,17.69,-0.5,140.07,153.6,128.12,
7/7/2010,1202.35,1191.95,1204.25,1185.55,0.68,18.04,17.75,18.08,17.52,1.18,93.79,89.76,81.11,
7/6/2010,1194.25,1209.4,1215.25,1191.3,-1.22,17.83,17.72,18.04,17.6,0.11,111.21,47.52,145.32,
7/5/2010,1208.95,1211.1,1215.35,1206.55,-0.22,17.81,17.79,17.93,17.7,-0.34,39.26,39.14,32.65,
7/2/2010,1211.6,1197,1223.35,1197,1,17.87,17.85,18.12,17.59,0.56,64.03,47.03,84.06,
7/1/2010,1199.65,1242.65,1244.5,1197.3,-3.44,17.77,18.58,18.67,17.69,-4.46,94.26,80.55,95.18,
6/30/2010,1242.35,1239.4,1248.55,1235.45,0.11,18.6,18.46,18.8,18.43,0.43,96.42,96.12,85.9,
6/29/2010,1240.95,1237.1,1245.3,1227.35,0.23,18.52,18.7,18.77,18.36,-1.12,113.4,68.51,148.58,
6/28/2010,1238.05,1253.75,1263.45,1236.42,-1.39,18.73,19.04,19.28,18.62,-1.83,77.7,65.23,88.42,
6/25/2010,1255.5,1243.45,1258.65,1241.35,0.88,19.08,18.61,19.17,18.59,2.14,59.79,71.53,39.78,
6/24/2010,1244.55,1235,1248.35,1228.25,0.59,18.68,18.47,18.82,18.17,0.92,89.27,76.28,100.74,
6/23/2010,1237.2,1238.75,1247.1,1225.3,-0.19,18.51,18.77,18.99,18.3,-1.59,82.58,67.08,81.39,
6/22/2010,1239.5,1231.65,1243.1,1231.65,0.6,18.81,18.7,18.99,18.56,0.43,131.23,127.29,147.46,
6/21/2010,1232.15,1259.1,1265.4,1230.95,-2,18.73,19.15,19.47,18.64,-2.3,89.53,64.91,108.29,
6/18/2010,1257.35,1245.3,1262.9,1242,0.96,19.17,18.7,19.29,18.65,2.4,119.01,92.28,126.45,
6/17/2010,1245.35,1230.5,1251.65,1229.9,1.12,18.72,18.41,18.91,18.3,1.46,89.18,101.61,63.57,
6/16/2010,1231.6,1233.95,1238.65,1227.8,-0.23,18.45,18.48,18.69,18.37,-0.54,88.88,61.34,96.65,
6/15/2010,1234.45,1221.3,1237.35,1220.3,1.01,18.55,18.17,18.69,18.16,1.81,103.3,63.92,118.47,
6/14/2010,1222.15,1226.45,1235,1217.05,-0.43,18.22,18.2,18.59,18.17,-0.11,90.92,47.29,118.33,
6/11/2010,1227.4,1216.75,1231.7,1216.75,0.79,18.24,18.2,18.56,18.05,0,100.94,103.68,91.56,
6/10/2010,1217.8,1231.25,1234.25,1215.15,-1.18,18.24,18.08,18.44,17.8,0.66,147.08,82.88,186.12,
6/9/2010,1232.35,1235.1,1242.5,1223.75,-0.27,18.12,18.21,18.39,18.07,-0.71,73.69,26.71,100.27,
6/8/2010,1235.63,1240.65,1252.2,1233.85,-0.36,18.25,18.08,18.51,18.02,0.55,117.36,75.48,132.22,
6/7/2010,1240.05,1219.15,1245.35,1211.15,1.64,18.15,17.41,18.2,17.16,4.19,150.21,102.46,177.5,
6/4/2010,1220,1206.58,1220.7,1197.65,0.99,17.42,17.95,18.03,17.27,-3.06,97.81,32.5,140.98,
6/3/2010,1208.05,1223.2,1224.95,1201.15,-1.29,17.97,18.3,18.46,17.8,-2.02,131.32,72,174.72,
6/2/2010,1223.85,1225.6,1227.95,1214.65,-0.12,18.34,18.38,18.53,18.06,-0.43,181.89,76.72,273.41,
6/1/2010,1225.3,1216.1,1231.2,1215.05,0.75,18.42,18.48,18.71,18.16,-0.81,165.63,148.61,206.59,
5/31/2010,1216.21,1212.05,1218.3,1210.2,0.12,18.57,18.35,18.62,18.3,0.92,100.24,76.14,127.01,
5/28/2010,1214.81,1211.45,1216.15,1203.01,0.22,18.4,18.41,18.66,18.21,-0.54,90.23,70.67,101.82,
5/27/2010,1212.1,1212.15,1219.35,1206.6,0.1,18.5,17.98,18.59,17.98,2.44,81.88,54.42,96.45,
5/26/2010,1210.9,1202.55,1217.21,1201.1,0.82,18.06,18.04,18.43,17.95,1.01,110.54,78.2,142.32,
5/25/2010,1201.1,1191.4,1204.95,1185.9,0.76,17.88,17.83,17.95,17.52,0,99.93,81.18,123.11,
5/24/2010,1192.05,1176.93,1197,1176.48,1.27,17.88,17.61,18.06,17.58,1.25,95.59,82.87,96.77,
5/21/2010,1177.15,1182.3,1189.35,1168.5,-0.5,17.66,17.57,17.91,17.39,0.11,132.24,102.9,150.2,
5/20/2010,1183.1,1192.65,1198.8,1175.35,-0.73,17.64,18.14,18.34,17.48,-3.08,114.79,124.25,92.73,
5/19/2010,1191.75,1223.9,1228.1,1187.62,-2.45,18.2,18.95,19,17.93,-4.06,157.28,147.2,144.13,
5/18/2010,1221.7,1222.3,1229.85,1207.35,-0.17,18.97,18.86,19.13,18.62,0.37,135.35,106.53,154.02,
5/17/2010,1223.75,1231.5,1243.1,1219.45,-0.75,18.9,19.25,19.58,18.75,-1.92,125.48,125.09,132.16,
5/14/2010,1233.05,1232.45,1249.45,1219.55,0.06,19.27,19.41,19.7,18.94,-0.87,100.95,125.8,99.69,
5/13/2010,1232.33,1235.2,1243.35,1227.95,-0.41,19.44,19.43,19.81,19.32,-0.46,53.54,33.36,61.21,
5/12/2010,1237.35,1231,1249.15,1227.4,0.39,19.53,19.28,19.73,19.06,1.14,46.61,46.47,44.29,
5/11/2010,1232.55,1200.7,1234.15,1200.7,2.51,19.31,18.43,19.45,18.35,4.38,91.07,121.05,50.48,
5/10/2010,1202.4,1202.35,1206,1184.35,-0.49,18.5,18.41,18.8,18.18,0.71,76.66,96.54,67.1,
5/7/2010,1208.3,1207.25,1213.85,1193.15,-0.04,18.37,17.6,18.62,17.45,4.02,76.71,101.96,42.52,
5/6/2010,1208.75,1176.1,1211.35,1173.35,2.85,17.66,17.48,17.77,17.23,1.03,69.15,72.22,71.19,
5/5/2010,1175.2,1171.75,1177.31,1158.2,0.3,17.48,17.82,17.91,17.05,-2.24,84.4,84.14,87.72,
5/4/2010,1171.65,1181.75,1192.4,1167.16,-0.91,17.88,18.77,18.82,17.77,-4.89,129.46,136.65,107.65,
5/3/2010,1182.4,1179,1187.91,1176.3,0.27,18.8,18.61,18.87,18.48,0.86,147.41,163.28,115.76,
4/30/2010,1179.25,1168.7,1182.05,1161.88,1.04,18.64,18.44,18.79,18.43,0.92,42.74,36.52,45.7,
4/29/2010,1167.1,1164.95,1171.75,1162.55,0.14,18.47,18.05,18.56,18.05,2.04,62.75,59.26,54.93,
4/28/2010,1165.45,1168.03,1174.68,1160.65,-0.64,18.1,18.15,18.26,17.81,-0.44,43.92,51.09,30.44,
4/27/2010,1172.93,1153.78,1172.93,1146.55,1.56,18.18,18.25,18.44,18.05,-0.66,69.49,100.07,32.1,
4/26/2010,1154.88,1156.5,1160.23,1151.05,-0.22,18.3,18.25,18.45,18.22,-0.11,72.1,79.86,59.95,
4/23/2010,1157.4,1141.5,1158,1135.45,1.4,18.32,17.95,18.35,17.81,1.83,84.6,64.88,97.41,
4/22/2010,1141.45,1145.75,1149.5,1132.15,-0.42,17.99,18.02,18.17,17.73,-0.5,58.78,48.26,57.51,
4/21/2010,1146.3,1140.2,1150.9,1138.25,0.51,18.08,17.82,18.16,17.67,1.29,59.81,59.62,66.31,
4/20/2010,1140.5,1135.7,1146.3,1133.45,0.43,17.85,17.73,18.09,17.68,0.51,123.8,112.2,112.3,
4/19/2010,1135.6,1134.65,1138.45,1124.15,-0.16,17.76,17.64,17.8,17.45,0.23,110.56,81.64,136.19,
4/16/2010,1137.45,1158.8,1160.45,1130.65,-1.86,17.72,18.38,18.45,17.51,-3.8,67.54,83.36,58.83,
4/15/2010,1158.95,1155.3,1162.3,1150.85,0.35,18.42,18.4,18.54,18.19,-0.11,115.78,96.19,139.06,
4/14/2010,1154.9,1151.3,1162.6,1150.8,0.33,18.44,18.18,18.53,18.16,1.15,97.33,100.38,106.05,
4/13/2010,1151.15,1155.55,1157.9,1145.75,-0.07,18.23,18.18,18.34,17.92,0,132.79,100.18,161.15,
4/12/2010,1152,1165.69,1169.19,1152,-0.77,18.23,18.43,18.61,18.12,-0.87,121.04,80.45,161.04,
4/9/2010,1160.9,1150.95,1165.35,1149.7,0.85,18.39,18.05,18.46,18.01,1.71,164.31,144.15,191.28,
4/8/2010,1151.15,1149.45,1154.65,1144.4,0.27,18.08,18.14,18.21,17.89,-0.39,139.44,101.72,164.03,
4/7/2010,1148,1134.15,1153.25,1132.8,1.22,18.15,17.89,18.27,17.89,1.28,138.17,113.02,147.3,
4/6/2010,1134.2,1130.65,1138.9,1123,0.31,17.92,18.04,18.1,17.83,-0.83,112.22,99.44,103.68,
4/5/2010,1130.7,1125.1,1134.2,1119.2,0.91,18.07,17.81,18.2,17.75,0.95,91.55,91.27,76.13,
4/2/2010,1120.5,1125,1125,1120,-0.53,17.9,17.77,17.9,17.77,-0.11,121.53,125.06,136.91,
4/1/2010,1126.5,1113.4,1128.75,1112.35,1.14,17.92,17.45,18.02,17.43,2.4,91.47,91.19,97.79,
3/31/2010,1113.8,1103.7,1118.9,1102.45,0.92,17.5,17.22,17.65,17.22,1.16,66.39,48.77,81.36,
3/30/2010,1103.6,1110.25,1114.15,1102.45,-0.5,17.3,17.34,17.5,17.21,-0.35,137.88,155.07,141.11,
3/29/2010,1109.2,1110.55,1115.45,1104.35,0.23,17.36,16.91,17.45,16.91,2.72,60.89,56.66,81.01,
3/26/2010,1106.6,1089.55,1110.65,1088.85,1.4,16.9,16.53,16.99,16.52,1.81,59.15,49.66,62.13,
3/25/2010,1091.35,1086.5,1095.95,1085.45,0.35,16.6,16.54,16.85,16.52,0.18,53.73,18.91,73.59,
3/24/2010,1087.5,1101.75,1105.4,1085.35,-1.37,16.57,16.98,17.03,16.53,-2.59,62.23,58.38,60.87,
3/23/2010,1102.65,1102.45,1108.05,1094.8,0.03,17.01,16.94,17.14,16.71,0.29,81.17,123.31,77.14,
3/22/2010,1102.3,1107.4,1108.85,1092.75,-0.47,16.96,16.95,17,16.58,-0.12,59.76,25.53,85.19,
3/19/2010,1107.55,1125.95,1127.5,1101.95,-1.63,16.98,17.36,17.47,16.92,-2.36,81.1,55.97,88.19,
3/18/2010,1125.95,1124,1129.55,1118.4,0.08,17.39,17.48,17.56,17.3,-0.69,85.36,91.64,65.52,
3/17/2010,1125.05,1126.1,1133.8,1118.85,-0.06,17.51,17.41,17.6,17.32,0.4,76.36,65.25,72.57,
3/16/2010,1125.7,1109.45,1129.45,1109.05,1.5,17.44,17.09,17.51,17.06,2.11,59.62,59.44,49.57,
3/15/2010,1109.1,1100.5,1109.8,1100.35,0.6,17.08,17.03,17.17,16.92,-0.06,105.72,101.49,110.7,
3/12/2010,1102.45,1109.65,1119.45,1098.65,-0.63,17.09,17.16,17.34,16.93,-0.41,85.51,82.09,73.73,
3/11/2010,1109.45,1108.35,1111.65,1100.44,0.11,17.16,16.98,17.17,16.8,1,93.18,83.28,90.84,
3/10/2010,1108.2,1121.65,1128.15,1103.25,-1.06,16.99,17.23,17.65,16.9,-1.39,85.76,99.75,59.43,
3/9/2010,1120.1,1123.3,1124.7,1108.95,-0.2,17.23,17.21,17.41,16.85,0,88.63,73.63,98.27,
3/8/2010,1122.4,1135.7,1137.8,1118.55,-0.85,17.23,17.34,17.52,17.08,-0.63,126.49,126.1,105.18,
3/5/2010,1132.05,1131.8,1140.7,1127,0,17.34,17.09,17.49,17.09,1.29,86.04,72.58,88.06,
3/4/2010,1132,1139.8,1141.6,1126.1,-0.66,17.12,17.18,17.38,17.03,-0.35,81.27,71.3,81.09,
3/3/2010,1139.5,1134.85,1145,1132.4,0.43,17.18,16.91,17.35,16.86,1.54,63.7,35.28,76.51,
3/2/2010,1134.65,1118.75,1137.75,1115.1,1.55,16.92,16.44,17.09,16.3,2.86,78.96,100.18,53.72,
3/1/2010,1117.35,1116.55,1123.7,1112.05,0.08,16.45,16.56,16.75,16.39,-0.18,62.06,77.34,64.51,
2/26/2010,1116.5,1105,1119.2,1104.4,0.94,16.48,16.05,16.52,16,2.42,80.64,92.76,56.74,
2/25/2010,1106.1,1097.6,1109.15,1088.6,0.88,16.09,15.95,16.16,15.58,0.94,60.93,38.36,74.66,
2/24/2010,1096.4,1103.4,1108.35,1089.85,-0.51,15.94,15.82,16.01,15.62,0.5,88.99,78.86,98.67,
2/23/2010,1102.05,1113.8,1121.2,1099.35,-1.05,15.86,16.21,16.42,15.77,-2.28,86.13,121.65,53.72,
2/22/2010,1113.7,1124.9,1131.05,1109.7,-0.46,16.23,16.34,16.56,16.12,-0.43,61.92,54.01,64.36,
2/19/2010,1118.85,1111.3,1126.95,1098.95,-0.45,16.3,15.84,16.51,15.71,0.62,119.77,50.27,162.49,
2/18/2010,1123.9,1106.35,1124.05,1098.2,0.78,16.2,15.85,16.27,15.65,1,62.95,47.82,69.8,
2/17/2010,1115.2,1119.25,1127.25,1111.7,-0.42,16.04,16.12,16.32,15.86,-0.68,75.89,85.52,71.33,
2/16/2010,1119.95,1099.6,1121.2,1097.85,1.72,16.15,15.5,16.22,15.45,3.93,128.97,146.94,116.43,
2/15/2010,1101,1092.85,1102.65,1092,0.7,15.54,15.51,15.63,15.34,0,85.16,118.85,63.73,
2/12/2010,1093.4,1096.7,1097.35,1078.55,-0.18,15.54,15.64,15.74,15.18,-0.83,77.26,89.86,64.24,
2/11/2010,1095.35,1072,1098.15,1071.35,2.1,15.67,15.19,15.73,15.15,2.82,96.86,115.87,69.8,
2/10/2010,1072.85,1077.45,1082.5,1063.5,-0.41,15.24,15.42,15.64,15.05,-1.36,108.09,111.24,92.78,
2/9/2010,1077.3,1062.95,1083.45,1061.8,1.27,15.45,14.98,15.59,14.95,2.79,67.68,97.46,62.53,
2/8/2010,1063.75,1067.4,1073.9,1061.9,-0.16,15.03,15.11,15.31,14.92,-0.86,78.18,82.05,82.12,
2/5/2010,1065.45,1063.15,1069.15,1044.25,0.19,15.16,15.24,15.38,14.63,-0.85,92.11,85.26,93,
2/4/2010,1063.45,1109.3,1111.1,1059.5,-4.16,15.29,16.35,16.41,15.16,-6.65,129.4,122.55,145.26,
2/3/2010,1109.65,1114.4,1124.85,1107.2,-0.5,16.38,16.67,16.95,16.25,-1.92,113.4,82.22,142.87,
2/2/2010,1115.2,1105.8,1118.35,1099,0.71,16.7,16.64,16.81,16.52,0,96.02,110.45,79.84,
2/1/2010,1107.35,1080.1,1107.9,1076.8,2.39,16.7,16.17,16.7,16.07,3.15,143.84,67.48,189.97,
1/29/2010,1081.55,1087.2,1090.6,1074.85,-0.44,16.19,16.21,16.35,15.98,-0.06,63.52,56.99,73.95,
1/28/2010,1086.3,1087.8,1096.35,1074.15,-0.05,16.2,16.53,16.73,15.97,-2.11,114.45,104.32,119.64,
1/27/2010,1086.85,1097.7,1102.7,1083.65,-1.02,16.55,16.73,16.95,16.38,-1.08,65.02,71.3,59.47,
1/26/2010,1098.05,1098.4,1103.55,1085.8,-0.02,16.73,17.11,17.26,16.29,-2.34,90.71,94.04,72.41,
1/25/2010,1098.25,1091.05,1104.2,1091.05,0.48,17.13,16.99,17.26,16.94,0.29,119.78,148.24,89.3,
1/22/2010,1093,1094.65,1099.15,1082.3,-0.2,17.08,17.36,17.51,16.83,-1.73,50.39,40.19,50.29,
1/21/2010,1095.15,1111.65,1117.85,1088.7,-1.49,17.38,17.86,18.05,17.3,-2.8,91.92,130.92,60.06,
1/20/2010,1111.7,1138.5,1141.6,1107.4,-2.32,17.88,18.73,18.84,17.77,-4.69,84.68,87.79,73.23,
1/19/2010,1138.1,1132.05,1140.8,1129,0.45,18.76,18.59,18.85,18.44,0.7,96.38,106.76,89.05,
1/18/2010,1133,1129.4,1137.55,1126.75,0.19,18.63,18.34,18.69,18.34,1.19,71.8,76.36,55.73,
1/15/2010,1130.9,1143.1,1146.6,1127.5,-1.08,18.41,18.65,18.7,18.36,-1.45,80.62,132.79,29.15,
1/14/2010,1143.25,1137.95,1146.65,1131.15,0.39,18.68,18.6,18.72,18.31,0.32,82.37,57.12,95.29,
1/13/2010,1138.8,1128.5,1138.85,1119.75,0.98,18.62,18.25,18.62,18.17,1.97,121.89,157.26,119.24,
1/12/2010,1127.7,1151.55,1158.4,1125.35,-2.19,18.26,18.54,18.8,18.12,-1.78,117.87,97.25,135.19,
1/11/2010,1153,1137.2,1161.9,1137.2,1.44,18.59,18.41,18.88,18.41,0.65,71.19,66.24,71.03,
1/8/2010,1136.6,1131.85,1139.8,1119.95,0.38,18.47,18.21,18.51,18.02,1.26,110.3,117.29,110.06,
1/7/2010,1132.3,1138.2,1139.15,1128.6,-0.58,18.24,18.19,18.35,18.02,0.22,102.26,116.51,91.11,
1/6/2010,1138.9,1118.4,1140.6,1116,1.77,18.2,17.75,18.23,17.71,2.25,161.59,177.2,161.24,
1/5/2010,1119.05,1121.3,1128.1,1115.25,-0.12,17.8,17.55,17.88,17.48,1.42,122.53,148.32,123.72,
1/4/2010,1120.4,1096.25,1123.8,1093.45,2.1,17.55,16.86,17.56,16.81,3.91,177.12,190.89,214.95,
1/1/2010,1097.35,1097.25,1097.9,1097.05,0.1,16.89,16.86,16.92,16.84,0.24,200.21,241.93,171.53,
12/31/2009,1096.2,1093.15,1107.1,1092.1,0.39,16.85,16.78,17.09,16.74,0.3,115.3,194.52,73.75,
12/30/2009,1091.95,1097.25,1098.05,1086.3,-0.54,16.8,17.07,17.16,16.72,-1.87,169.01,182.93,192.73,
12/29/2009,1097.85,1106.2,1108.7,1096.75,-0.81,17.12,17.49,17.52,17.04,-2.28,204.68,257.75,152.28,
12/28/2009,1106.85,1106.95,1114,1101.75,0.21,17.52,17.43,17.66,17.41,-0.17,176.14,215.25,141.74,
12/25/2009,1104.5,1104,1104.5,1104,-0.09,17.55,17.55,17.6,17.45,0.4,81.29,121.56,84.49,
12/24/2009,1105.45,1087.9,1106.65,1087.25,1.68,17.48,17.09,17.54,17.08,2.1,90.21,39.97,125.02,
12/23/2009,1087.2,1084.1,1096.05,1079.6,0.32,17.12,16.95,17.23,16.83,0.82,64.23,100.63,38.15,
12/22/2009,1083.75,1093.25,1097.6,1074.6,-0.76,16.98,17.02,17.13,16.74,-0.24,46.92,28.07,70.23,
12/21/2009,1092.1,1111.45,1119.1,1090.25,-1.83,17.02,17.25,17.49,16.94,-1.62,69.63,49.59,74.45,
12/18/2009,1112.5,1098,1117,1096.05,1.3,17.3,17.12,17.37,17.07,0.87,70.64,74.13,55.65,
12/17/2009,1098.25,1138.3,1141.9,1094.9,-3.49,17.15,17.68,17.79,17.05,-3.11,54.54,36.25,60.47,
12/16/2009,1137.95,1124.85,1141.1,1121.4,1.2,17.7,17.4,17.79,17.3,1.67,104.3,78.88,107.67,
12/15/2009,1124.5,1126.75,1129.3,1111.7,0,17.41,17.37,17.48,17.09,0.23,87.88,83.8,82.6,
12/14/2009,1124.55,1113.8,1127.9,1110.25,0.87,17.37,17.09,17.4,17.02,1.05,90.81,51.73,115.07,
12/11/2009,1114.9,1130.6,1142.3,1109.5,-1.51,17.19,17.38,17.6,16.97,-1.21,75.66,78.71,60.18,
12/10/2009,1132.05,1129.1,1137,1121.7,0.3,17.4,17.37,17.54,17.11,-0.06,58.98,84.93,43.59,
12/9/2009,1128.7,1129.75,1146.8,1117.2,-0.12,17.41,17.58,17.88,17.2,-1.19,68.26,78.8,53.78,
12/8/2009,1130.05,1157.25,1168.9,1125.55,-2.44,17.62,18.16,18.35,17.52,-3.19,98.88,144.08,75.9,
12/7/2009,1158.3,1160.45,1164.95,1136.2,-0.29,18.2,18.42,18.52,17.93,-1.73,101.24,72.67,127.96,
12/4/2009,1161.7,1207.7,1212.6,1147.75,-4.07,18.52,18.81,18.95,18.26,-2.27,91.11,84.34,108.23,
12/3/2009,1211,1216.15,1226.5,1204.3,-0.33,18.95,19.21,19.45,18.78,-1.46,117.08,96.12,143.17,
12/2/2009,1214.95,1196.25,1217.15,1195,1.44,19.23,19.06,19.44,19.04,0.68,133.8,129.79,156.37,
12/1/2009,1197.7,1179.65,1201.8,1175.45,1.6,19.1,18.46,19.27,18.36,3.58,91.03,78.91,85.56,
11/30/2009,1178.85,1176.6,1182,1163.4,0.1,18.44,18.3,18.51,18.09,0.77,119.09,70.36,139.38,
11/27/2009,1177.7,1191.9,1192.2,1137.8,-1.29,18.3,18.61,18.66,17.66,-1.77,75.2,67.47,81.29,
11/26/2009,1193.1,1190.85,1195.4,1180.4,0.26,18.63,18.83,18.88,18.41,-1.11,80.38,84.35,70.36,
11/25/2009,1190.05,1169.25,1192,1167.05,1.74,18.84,18.5,18.85,18.45,1.62,100.73,123.6,70.88,
11/24/2009,1169.7,1165.85,1171.5,1157.75,0.38,18.54,18.59,18.68,18.31,-0.22,96.84,72.4,100.65,
11/23/2009,1165.25,1151.2,1173.9,1150.85,1.33,18.58,18.49,18.94,18.49,0.38,101.72,105.82,102.97,
11/20/2009,1149.95,1143.95,1151.3,1132.8,0.51,18.51,18.5,18.6,18.02,-0.05,80.54,97.74,64.06,
11/19/2009,1144.1,1145.15,1146.15,1129.9,-0.05,18.52,18.55,18.59,18.14,-0.16,94.15,118.19,69.59,
11/18/2009,1144.65,1141.45,1153.15,1135.9,0.32,18.55,18.41,18.85,18.29,0.76,56.93,63.85,47.34,
11/17/2009,1141.05,1139.6,1141.95,1127.95,0.06,18.41,18.37,18.43,18.06,0.05,111.31,76.53,165.97,
11/16/2009,1140.35,1118.3,1143.65,1118.3,1.89,18.4,17.4,18.45,17.4,5.63,84.18,67.14,91,
11/13/2009,1119.2,1103.75,1119.35,1101.2,1.4,17.42,17.21,17.45,17.01,1.1,90.14,89.86,91.01,
11/12/2009,1103.8,1117.7,1123.25,1102.7,-1.28,17.23,17.59,17.77,17.16,-2.1,68.02,47.47,73.53,
11/11/2009,1118.15,1105.65,1118.75,1105.15,1.14,17.6,17.32,17.73,17.28,1.5,112.04,148.92,80.74,
11/10/2009,1105.6,1104.3,1109.7,1097.1,0.14,17.34,17.57,17.65,17.13,-1.42,93.14,64.59,101.02,
11/9/2009,1104.05,1097.41,1111.25,1095.8,0.82,17.59,17.39,17.77,17.39,1.21,95.39,129.67,50.48,
11/6/2009,1095.05,1089.85,1101.3,1086.7,0.38,17.38,17.36,17.63,17.25,-0.17,82.24,91.82,60.18,
11/5/2009,1090.95,1092.85,1094.35,1083.9,-0.15,17.41,17.45,17.52,17.15,-0.23,66.19,59.38,66.04,
11/4/2009,1092.6,1084.85,1097.65,1079.9,0.77,17.45,17.18,17.62,17.07,1.28,77.38,36.73,98.05,
11/3/2009,1084.25,1059.85,1087.85,1055.4,2.36,17.23,16.43,17.34,16.22,4.74,122.69,179.39,61.21,
11/2/2009,1059.25,1044.3,1063.1,1040.65,1.37,16.45,16.25,16.72,16.22,0.92,66.92,41.7,83.47,
10/30/2009,1044.9,1045.8,1049.15,1035.35,-0.06,16.3,16.64,16.74,16.2,-2.28,79.12,82.3,68.65,
10/29/2009,1045.55,1028.25,1048.5,1026.75,1.72,16.68,16.09,16.7,16.08,3.35,69.81,111.35,23.22,
10/28/2009,1027.85,1039.5,1042.6,1027.35,-1.15,16.14,16.64,16.79,16.09,-3.35,115.82,153.96,89.89,
10/27/2009,1039.8,1037.9,1044.5,1033.25,0.16,16.7,17,17.25,16.47,-2.28,89.09,72.67,101.02,
10/26/2009,1038.1,1054.3,1060.1,1037.95,-1.6,17.09,17.66,17.77,16.98,-3.39,82.2,98.33,68.35,
10/23/2009,1054.95,1059.9,1067.8,1050.55,-0.51,17.69,17.66,17.95,17.46,0.06,94.93,104.42,81.66,
10/22/2009,1060.4,1057.9,1061.75,1051.8,0.1,17.68,17.65,17.77,17.33,-0.11,96.92,103.52,86.35,
10/21/2009,1059.35,1054.9,1065.1,1047.8,0.41,17.7,17.5,17.83,17.22,1.14,94.54,87,90.71,
10/20/2009,1055,1064.5,1068.1,1052,-0.82,17.5,17.81,17.93,17.38,-1.85,81.17,69.36,90,
10/19/2009,1063.7,1052.65,1065.5,1048.5,0.99,17.83,17.39,17.87,17.23,2.18,118.15,183.22,50.94,
10/16/2009,1053.25,1050.55,1057.7,1043.9,0.23,17.45,17.32,17.58,17.17,0.46,105.38,105.06,105.16,
10/15/2009,1050.85,1062.8,1066.5,1047.2,-1.14,17.37,17.86,17.99,17.29,-2.96,58.44,29.13,78.96,
10/14/2009,1062.95,1064.9,1071.4,1056.5,-0.13,17.9,17.71,18.12,17.69,0.56,102.1,90.48,113.2,
10/13/2009,1064.35,1054.4,1069.3,1051.9,0.77,17.8,17.69,18.06,17.46,0.39,93.31,109.94,84.65,
10/12/2009,1056.25,1049,1059.75,1047.9,0.67,17.73,17.66,17.96,17.66,0.06,88.93,106.39,88.74,
10/9/2009,1049.25,1056,1056,1044.3,-0.55,17.72,17.75,17.84,17.51,-0.28,71.35,94.84,39.55,
10/8/2009,1055,1044.85,1062.2,1043.5,0.99,17.77,17.66,17.97,17.48,1.02,89.53,68.66,103.08,
10/7/2009,1044.7,1041.35,1049.2,1037.3,0.27,17.59,17.3,17.62,17.26,1.27,87.75,80.19,79.05,
10/6/2009,1041.85,1017,1044.45,1015.74,2.37,17.37,16.61,17.41,16.56,4.45,102.17,86.18,111.1,
10/5/2009,1017.75,1001.8,1018.45,1001.55,1.54,16.63,16.11,16.67,15.99,2.84,116.67,74.77,131.66,
10/2/2009,1002.35,998.6,1008.2,987.2,0.29,16.17,16.3,16.48,15.89,-1.22,106.43,39.79,143.81,
10/1/2009,999.5,1007.2,1010.4,998.4,-0.81,16.37,16.58,16.77,16.3,-1.62,132.37,105.57,159.6,
9/30/2009,1007.7,992.2,1009.95,992.2,1.56,16.64,16.11,16.71,16.1,2.97,156.01,101.28,187.05,
9/29/2009,992.2,991.35,996.7,985.9,0.13,16.16,16.16,16.3,15.97,-0.19,129.52,109.56,143.6,
9/28/2009,990.95,993,997.5,986.6,-0.08,16.19,15.98,16.34,15.72,1,129.9,69.07,172.83,
9/25/2009,991.75,993.65,999.3,985.1,-0.3,16.03,16.17,16.38,15.92,-1.23,136.71,41.93,198.21,
9/24/2009,994.75,1007.35,1019.5,991.2,-1.36,16.23,16.71,17.02,16.14,-3.22,98.93,27.21,141.84,
9/23/2009,1008.45,1013.85,1018.35,1005.9,-0.63,16.77,17.09,17.25,16.68,-2.1,65.02,43.22,78.1,
9/22/2009,1014.8,1003.6,1020.5,1002.9,1.12,17.13,16.82,17.34,16.77,1.72,117.71,117.34,111.86,
9/21/2009,1003.55,1005.45,1007.6,996.5,-0.36,16.84,16.89,16.97,16.47,-1,86.94,60.67,93.99,
9/18/2009,1007.15,1013.5,1018.55,1006.9,-0.52,17.01,17.2,17.37,16.93,-1.28,173.58,173.05,168.4,
9/17/2009,1012.45,1017.25,1024.85,1010.6,-0.52,17.23,17.34,17.68,17.16,-0.98,63.38,86.47,44.38,
9/16/2009,1017.7,1007.1,1021.5,1006.9,1.07,17.4,16.96,17.5,16.96,2.23,83.45,115.75,54.31,
9/15/2009,1006.9,999.35,1010.5,992.9,0.67,17.02,16.5,17.09,16.4,2.78,91.68,103.32,72.92,
9/14/2009,1000.15,1005.35,1009.7,993.9,-0.57,16.56,16.73,16.83,16.28,-1.31,71.05,70.83,59.08,
9/11/2009,1005.85,996,1012.55,995.4,0.94,16.78,16.63,17.01,16.59,0.54,79.12,89.16,74.37,
9/10/2009,996.5,992.05,998.9,983.1,0.39,16.69,16.3,16.7,16.02,2.27,92.47,65.85,98.87,
9/9/2009,992.65,996.8,1003.95,987.95,-0.41,16.32,16.41,16.86,16.21,-0.85,58.96,36.73,67.41,
9/8/2009,996.7,995.5,1008.95,994.05,0.14,16.46,16.28,16.86,16.25,0.8,86.38,111.94,64.64,
9/7/2009,995.35,994.4,997.85,992.15,0.1,16.33,16.19,16.39,16.11,0.55,94.8,52.5,113.86,
9/4/2009,994.4,992.3,997.3,986.1,0.28,16.24,16.1,16.36,15.8,0.68,89.63,71.48,101.36,
9/3/2009,991.6,977.55,998.2,975.2,1.4,16.13,15.35,16.31,15.32,4.81,51.19,51.03,48.64,
9/2/2009,977.9,956.65,981.1,952.45,2.15,15.39,15.03,15.51,14.83,2.19,72.63,88.49,46.97,
9/1/2009,957.35,950.55,958,947,0.65,15.06,14.88,15.1,14.63,1.01,54.72,58.75,49,
8/31/2009,951.15,956.15,961.85,945.3,-0.5,14.91,14.72,14.93,14.51,0.81,65.05,49.88,74.9,
8/28/2009,955.95,948.7,962,948.7,0.81,14.79,14.27,14.9,14.25,3.5,75.45,42.98,95.6,
8/27/2009,948.25,945,951.45,942.1,0.28,14.29,14.3,14.39,13.94,-0.42,37.69,45.08,31.34,
8/26/2009,945.6,943.8,950.35,939.8,0.06,14.35,14.24,14.48,14,0.42,84.01,63.81,86.49,
8/25/2009,945.05,943.25,955.7,941.65,0.23,14.29,14.12,14.46,14.05,0.78,80.04,106.39,66.55,
8/24/2009,942.9,952.4,957.2,939.8,-1.18,14.18,14.17,14.5,14.12,-0.14,85.67,66.43,94.98,
8/21/2009,954.15,940,958.65,938.6,1.41,14.2,13.88,14.3,13.7,1.87,55.03,58.51,42.71,
8/20/2009,940.85,943.3,947.1,938.6,-0.13,13.94,13.81,14.11,13.78,0.87,89.53,126.44,43.43,
8/19/2009,942.05,937.75,945.3,932.4,0.35,13.82,13.97,14.15,13.48,-1.36,114.65,146.95,74.91,
8/18/2009,938.8,934.15,941.5,934.15,0.48,14.01,13.97,14.22,13.82,0,60.94,60.75,65.15,
8/17/2009,934.3,947.5,949.35,931.2,-1.38,14.01,14.66,14.72,13.81,-4.89,103.52,108.11,90.18,
8/14/2009,947.35,955.05,960.5,944.4,-0.8,14.73,15.01,15.21,14.59,-2.13,60.02,74.8,56.15,
8/13/2009,955,948.05,962.05,948.05,0.76,15.05,14.5,15.08,14.46,3.37,38.16,53.26,25.39,
8/12/2009,947.75,946.5,953.4,940.9,0.18,14.56,14.28,14.64,14.12,1.68,92.35,96.07,100.16,
8/11/2009,946.05,946.4,950.95,943,-0.01,14.32,14.32,14.54,14.23,-0.21,70.11,104.84,29.15,
8/10/2009,946.15,954.75,958.1,943.5,-0.92,14.35,14.56,14.74,14.28,-1.98,62.05,66.62,55.57,
8/7/2009,954.9,963.65,965.7,954.2,-0.86,14.64,14.55,14.93,14.48,0.41,116.16,119.54,99.71,
8/6/2009,963.15,963.3,972.25,956.85,0.02,14.58,14.65,15.07,14.41,-0.75,71.85,82.94,50.31,
8/5/2009,962.95,967.8,968.75,959.55,-0.5,14.69,14.62,14.89,14.53,0.27,91.1,57.79,117.07,
8/4/2009,967.75,957.5,971.05,951.85,1.18,14.65,14.22,14.74,14.02,2.81,90.17,66.24,94.71,
8/3/2009,956.5,953.3,963.1,952.2,0.18,14.25,13.87,14.51,13.87,2.3,108.13,117.59,89.91,
7/31/2009,954.75,934.6,957.2,932.6,2.19,13.93,13.44,14.01,13.38,3.26,62.29,80.37,54.85,
7/30/2009,934.3,929.95,937.8,929,0.46,13.49,13.27,13.62,13.25,1.35,66.4,51.48,67.48,
7/29/2009,930,937.9,941.7,926.1,-0.82,13.31,13.7,13.76,13.17,-2.99,106.98,110.61,92.26,
7/28/2009,937.65,953.4,957.4,934.7,-1.68,13.72,14.01,14.11,13.59,-2.28,112.64,66.55,152.64,
7/27/2009,953.65,951.8,959.7,948.2,0.24,14.04,13.87,14.11,13.73,1.01,84.1,74.52,93.24,
7/24/2009,951.35,947.7,954.9,946.95,0.34,13.9,13.69,13.93,13.64,1.24,139.67,142.81,148.89,
7/23/2009,948.15,952.75,958.1,948.1,-0.34,13.73,13.69,13.89,13.61,0.07,92.53,29.52,135.42,
7/22/2009,951.4,949,955.4,945.5,0.24,13.72,13.54,13.77,13.37,1.11,76.01,95.72,66.53,
7/21/2009,949.15,950,954.4,945.1,-0.02,13.57,13.78,13.81,13.44,-0.59,66.33,82.66,62.05,
7/20/2009,949.35,938.3,955.9,937.65,1.24,13.65,13.38,13.78,13.35,1.64,66.44,75.7,47.36,
7/17/2009,937.7,937.7,940.7,932.6,0.04,13.43,13.28,13.5,13.07,0.9,102.6,87.67,103.6,
7/16/2009,937.35,940,941.05,933.4,-0.22,13.31,13.26,13.37,13.13,0.15,48.22,59.17,49.35,
7/15/2009,939.45,925.95,942.95,925.3,1.5,13.29,12.87,13.41,12.87,2.86,65.94,69.61,64.51,
7/14/2009,925.6,921.3,928.25,918.6,0.5,12.92,12.81,13.01,12.78,0.47,79.37,83.29,69.47,
7/13/2009,921,912.1,924.1,908.4,0.86,12.86,12.62,12.89,12.44,1.34,86.54,76.69,79.96,
7/10/2009,913.15,912.3,916.1,907.8,0.08,12.69,12.81,12.92,12.52,-1.25,75.68,82.3,62.93,
7/9/2009,912.45,909.35,919.3,907.1,0.33,12.85,12.83,13,12.76,-0.16,92.71,85.31,83.02,
7/8/2009,909.45,923.95,925.9,906,-1.61,12.87,13.09,13.17,12.73,-1.98,82.52,78.35,78.42,
7/7/2009,924.3,924.6,932.55,922.05,-0.08,13.13,13.25,13.39,13.07,-1.13,111.88,79.67,132.91,
7/6/2009,925,932.55,933.1,921.1,-0.8,13.28,13.38,13.45,13,-1.12,113.21,49.07,155.53,
7/3/2009,932.5,928.85,934.9,927.9,0.31,13.43,13.36,13.5,13.34,0.07,128.64,114,136.69,
7/2/2009,929.65,940.8,942.05,927.1,-1.18,13.42,13.73,13.82,13.29,-2.54,59.01,31.38,85.06,
7/1/2009,940.75,925.8,946.75,925.75,1.5,13.77,13.58,13.88,13.56,1.25,78.3,74.67,79.27,
6/30/2009,926.85,937.6,945.7,923.6,-1.19,13.6,13.85,14.16,13.46,-2.09,115.36,98.58,109.63,
6/29/2009,938.05,940.6,943.5,934.4,-0.11,13.89,14.07,14.16,13.83,-1.49,63.61,68.29,48.82,
6/26/2009,939.05,938.65,948.7,936.3,-0.01,14.1,14,14.35,13.99,0.43,62.11,55.04,74.6,
6/25/2009,939.15,930.9,940.1,929.9,0.76,14.04,13.8,14.09,13.79,1.23,75.05,74.82,68.08,
6/24/2009,932.1,926.1,943.2,923,0.64,13.87,13.83,14.14,13.78,0.14,64.43,60.46,56.73,
6/23/2009,926.15,922.7,927.75,913.9,0.35,13.85,13.73,13.92,13.59,0.73,68.85,53.39,82.7,
6/22/2009,922.9,933.95,935.4,918.9,-1.22,13.75,14.16,14.18,13.69,-3.31,72.85,59.81,78.39,
6/19/2009,934.3,934.45,939.8,931.45,0.1,14.22,14.2,14.4,14.12,0,87.34,87.07,77.81,
6/18/2009,933.35,940.55,943.7,930.6,-0.64,14.22,14.32,14.41,14.13,-0.91,125.4,111.12,150.61,
6/17/2009,939.4,934.85,940.95,928.5,0.46,14.35,14.19,14.38,13.93,1.06,67.82,71.17,59.36,
6/16/2009,935.1,928.75,940.25,927.4,0.73,14.2,14.05,14.42,14.04,0.85,117.29,80.64,147.98,
6/15/2009,928.35,939,939.3,926,-1.12,14.08,14.81,14.85,14.03,-5.06,113.18,43.4,152.02,
6/12/2009,938.9,955.3,958.95,937,-1.69,14.83,15.37,15.46,14.77,-3.76,82.28,106.99,53.54,
6/11/2009,955,954.6,962.7,944.1,0.04,15.41,15.16,15.55,14.94,1.45,104.06,89.91,109.6,
6/10/2009,954.65,955.35,966.25,947.6,-0.01,15.19,15.2,15.52,15.02,-0.33,58.66,89.44,28.69,
6/9/2009,954.75,951.2,962.6,948,0.39,15.24,14.9,15.36,14.75,2.01,74.05,108.78,64.81,
6/8/2009,951.05,955.65,960.45,944.3,-0.55,14.94,15.22,15.47,14.72,-2.23,93.43,101.61,77.69,
6/5/2009,956.3,981.25,983.45,953.5,-2.43,15.28,15.82,15.98,15.15,-3.84,108.34,85.1,114.66,
6/4/2009,980.1,963.25,982.5,961.7,1.76,15.89,15.31,15.96,15.05,3.59,75.99,55.1,91.91,
6/3/2009,963.15,982.05,990.8,961.35,-1.9,15.34,15.93,16.26,15.24,-4.01,82.01,113.75,47.44,
6/2/2009,981.85,975.25,987.4,969.6,0.68,15.98,15.57,16.03,15.45,2.37,109.9,101.73,104.44,
6/1/2009,975.2,979.6,989.5,974.1,-0.49,15.61,15.7,15.96,15.52,-1.08,85.28,71.6,97.04,
5/29/2009,980,959.65,981,956.5,2.1,15.78,15.12,15.79,15.12,4.16,109.24,133.5,82.05,
5/28/2009,959.8,948.65,965.95,944.55,1.14,15.15,14.74,15.28,14.63,2.64,125.79,146.31,133.66,
5/27/2009,949,953.25,960.2,942.25,-0.33,14.76,14.58,15.03,14.33,1.1,149.7,145.41,185.12,
5/26/2009,952.15,958,958.95,941.1,-0.69,14.6,14.71,14.77,14.28,-1.08,157.94,25.53,241.37,
5/25/2009,958.8,957,960.05,953.1,0.15,14.76,14.68,14.8,14.54,0.54,127.22,117.07,138.34,
5/22/2009,957.35,955.05,962.3,950.4,0.31,14.68,14.5,14.88,14.4,0.89,78.14,115.16,45.2,
5/21/2009,954.4,938.5,956.95,936,1.74,14.55,14.23,14.56,14.07,2.11,106.15,87.15,103.85,
5/20/2009,938.1,925.5,941.25,925.4,1.34,14.25,14.12,14.4,14.07,0.42,88.76,63.71,118.09,
5/19/2009,925.65,918.25,930.15,917.1,0.81,14.19,13.73,14.3,13.69,3.05,136.4,116.55,149.07,
5/18/2009,918.2,930.6,934.5,916.05,-1.45,13.77,13.92,14.1,13.61,-1.5,148.12,223.74,111.97,
5/15/2009,931.7,926.6,934.65,923.9,0.58,13.98,14.03,14.21,13.83,-0.5,49.39,56.27,35.2,
5/14/2009,926.35,926.4,929.45,920.6,-0.01,14.05,13.95,14.11,13.69,0.5,81.11,97.03,70.14,
5/13/2009,926.45,923.2,931.4,917.7,0.39,13.98,14.18,14.39,13.86,-1.76,61.82,72.5,48.38,
5/12/2009,922.85,913.25,924.75,912.4,1.01,14.23,13.93,14.37,13.83,2.01,92.84,103.66,86.46,
5/11/2009,913.6,916.65,918.55,909,-0.38,13.95,13.95,14.06,13.67,-0.5,117.22,103.88,137.18,
5/8/2009,917.05,910.8,920.65,905.4,0.77,14.02,13.8,14.07,13.75,1.45,76.57,86.29,77.51,
5/7/2009,910.05,910.1,926.15,909.2,-0.09,13.82,13.71,14.17,13.65,0.58,73.4,76.36,69,
5/6/2009,910.9,895.8,913.25,895.3,1.63,13.74,13.41,13.85,13.15,2.77,111.66,141,99.04,
5/5/2009,896.3,902.3,916.05,895.7,-0.78,13.37,13.02,13.62,12.95,2.45,119.16,134.63,99.08,
5/4/2009,903.35,887.3,907.6,885.05,1.81,13.05,12.48,13.16,12.42,4.32,91.26,109.17,68.29,
5/1/2009,887.3,887.8,890.55,881.05,0.09,12.51,12.33,12.58,12.03,1.05,54.94,57.99,48.37,
4/30/2009,886.5,897.65,900.7,880.8,-1.35,12.38,12.77,12.84,12.17,-3.28,79.1,63.08,78.93,
4/29/2009,898.6,892.6,903.6,888.5,0.67,12.8,12.44,12.84,12.38,2.48,71.7,114.37,35.77,
4/28/2009,892.6,907.05,908.25,885.2,-1.51,12.49,12.95,12.99,12.33,-3.33,88.93,88.65,104.76,
4/27/2009,906.25,912.7,918.85,905,-0.75,12.92,12.88,13.23,12.77,0.23,107.41,119.93,107.18,
4/24/2009,913.1,904.4,914.5,903.25,1.12,12.89,12.76,12.98,12.68,0.86,44.04,50.18,41.85,
4/23/2009,903,890.55,909.7,889.75,1.44,12.78,12.29,12.9,12.28,3.73,64.32,81.61,53.49,
4/22/2009,890.15,883.5,894.15,882.3,0.78,12.32,12,12.37,11.99,2.33,66.89,91.25,52.69,
4/21/2009,883.25,885,895.75,879.7,-0.21,12.04,12.05,12.29,11.89,-0.41,66.33,88.16,61.28,
4/20/2009,885.15,869.05,889.2,865.5,1.87,12.09,11.8,12.22,11.8,1.68,84.29,117.64,49.06,
4/17/2009,868.9,875.95,877.15,865,-0.76,11.89,12.22,12.29,11.79,-2.94,75.29,64.33,89.43,
4/16/2009,875.55,891.5,894.45,872.5,-1.8,12.25,12.76,12.83,12.13,-4.3,106.17,84.68,123.6,
4/15/2009,891.6,889.6,899.8,886.55,0.2,12.8,12.73,12.97,12.65,0.23,91.17,83.32,82.13,
4/14/2009,889.85,893.9,899.05,886.3,-0.36,12.77,12.7,12.84,12.55,0.16,175.25,153.4,170.6,
4/13/2009,893.05,881.65,900.35,881.65,1.29,12.75,12.33,12.88,12.33,3.07,113.91,136.27,98.51,
4/10/2009,881.65,879,885.9,878,0.26,12.37,12.31,12.37,12.3,0.16,84.84,84.58,76.96,
4/9/2009,879.4,881.05,887.05,875.1,-0.13,12.35,12.26,12.43,12.12,0.49,128.88,104.18,127.44,
4/8/2009,880.55,880.85,890.85,878.3,-0.03,12.29,12.26,12.5,12.16,0.24,81.43,22.14,116.95,
4/7/2009,880.85,868.75,884.95,868.65,1.27,12.26,12.07,12.37,12.02,0.91,95.08,53.08,120.17,
4/6/2009,869.8,894.85,896.8,865.3,-2.7,12.15,12.74,12.84,12.07,-4.93,141.49,66.38,193.78,
4/3/2009,893.9,904.45,910.7,892,-1.13,12.78,12.91,13.05,12.66,-1.31,86.39,79.5,93.93,
4/2/2009,904.15,927.3,929.8,894.7,-2.51,12.95,13.01,13.12,12.56,-0.84,105.37,85.35,109.52,
4/1/2009,927.4,918.55,933.35,916.7,1.01,13.06,12.94,13.21,12.82,0.62,84.94,101.61,56.5,
3/31/2009,918.15,917.6,925.45,912.35,0.09,12.98,12.99,13.29,12.59,-0.84,83.34,58.15,97.01,
3/30/2009,917.3,924.4,932.75,907.9,-0.62,13.09,13.28,13.57,12.9,-1.87,79.87,75.43,83.89,
3/27/2009,923.05,935.7,937.85,920.1,-1.18,13.34,13.47,13.64,13.12,-1.26,88.03,104.01,81.33,
3/26/2009,934.05,934.25,945.95,932.4,-0.01,13.51,13.47,13.78,13.38,0.15,85.75,101.32,63.38,
3/25/2009,934.15,927.15,941,917.1,0.81,13.49,13.4,13.58,13.04,0.22,101.26,108.16,84.2,
3/24/2009,926.65,937.95,944.8,917.65,-1.23,13.46,13.61,13.79,13.26,-1.54,92.02,124.76,67.33,
3/23/2009,938.15,950.85,958,937.75,-1.54,13.67,13.7,13.92,13.61,-0.87,87.83,125.09,62.6,
3/20/2009,952.85,960.15,968.7,947.5,-0.68,13.79,13.55,13.91,13.39,1.32,38.82,32.25,37.66,
3/19/2009,959.4,939.8,962.3,925.8,1.86,13.61,12.87,13.72,12.63,5.26,62.5,93.46,57.17,
3/18/2009,941.9,916.5,947.05,884.9,2.94,12.93,12.69,13.01,11.89,1.49,52.47,41.85,52.36,
3/17/2009,915,924.1,924.7,912.2,-0.9,12.74,12.9,13.01,12.63,-1.47,38.85,42.25,29.37,
3/16/2009,923.35,928.35,930.25,915.5,-0.52,12.93,13.16,13.2,12.78,-2.19,57.33,65.31,40.86,
3/13/2009,928.2,927.05,939.5,919.8,0.06,13.22,12.95,13.33,12.89,1.69,56.54,72.94,55.31,
3/12/2009,927.65,906.95,931.45,905.95,2.2,13,12.76,13.1,12.63,1.56,49.35,61.5,41.04,
3/11/2009,907.65,896.65,913.75,892.55,1.21,12.8,12.55,12.92,12.5,1.43,108.67,104.6,99.71,
3/10/2009,896.8,922.2,922.95,891.3,-2.73,12.62,12.93,13.2,12.46,-2.62,76.61,101.84,60.67,
3/9/2009,921.95,939.5,942.75,911.4,-1.64,12.96,13.3,13.43,12.76,-2.7,104.96,75.34,125.68,
3/6/2009,937.35,932.85,945.4,930.05,0.48,13.32,13.23,13.54,13.2,0.53,68.74,58.74,65.32,
3/5/2009,932.85,907.6,937.15,905.8,2.78,13.25,12.91,13.32,12.88,2.32,61.22,64.25,64.31,
3/4/2009,907.65,916.55,923.8,901.75,-0.9,12.95,12.81,13.07,12.66,1.17,113.76,93.4,111.29,
3/3/2009,915.85,925.9,932.9,904.9,-1.17,12.8,12.9,12.98,12.42,-1.23,117.76,90.89,126.35,
3/2/2009,926.65,940,959,926.55,-1.96,12.96,13.08,13.4,12.72,-1.29,118.02,78.44,150.48,
2/27/2009,945.15,945.75,963.1,927.75,-0.04,13.13,13.12,13.4,12.82,-0.23,52.78,55.71,46.47,
2/26/2009,945.5,953.15,957,931.8,-0.5,13.16,13.68,13.8,12.91,-3.87,83.59,61.73,97.82,
2/25/2009,950.25,963.55,978.6,944.55,-1.44,13.69,13.75,14.17,13.57,-1.16,69.7,79.42,49.68,
2/24/2009,964.15,992,995.8,959.75,-2.93,13.85,14.42,14.63,13.7,-4.55,88.19,77.37,88,
2/23/2009,993.25,993.5,998.35,976,-0.01,14.51,14.37,14.64,14.09,0.42,93.48,97.25,74.35,
2/20/2009,993.3,974.65,1006.4,970.6,1.89,14.45,14.02,14.63,13.95,2.63,70.98,67.4,73.08,
2/19/2009,974.85,985.4,986.95,968.9,-1.03,14.08,14.32,14.42,13.85,-2.02,68.82,49.89,78.03,
2/18/2009,985,969.4,985.65,960.8,1.53,14.37,14.09,14.41,13.97,1.77,82.28,99.86,59.49,
2/17/2009,970.15,942,974.2,940.35,2.98,14.12,13.58,14.21,13.54,3.75,106.03,58.32,139.85,
2/16/2009,942.05,941.7,944.55,936.45,-0.01,13.61,13.63,13.72,13.48,-0.58,80.22,56.45,86.32,
2/13/2009,942.1,946,947.65,932.4,-0.61,13.69,13.45,13.73,13.23,1.26,57.33,69.86,47.67,
2/12/2009,947.9,939.2,952.8,935.3,0.93,13.52,13.5,13.76,13.28,0,82.81,88.91,63.57,
2/11/2009,939.15,915.45,947.25,911,2.39,13.52,13.11,13.79,13.07,2.66,40.69,60.84,33.83,
2/10/2009,917.25,895.95,919,891.2,2.43,13.17,12.82,13.31,12.72,2.49,81.24,73.63,79.84,
2/9/2009,895.5,910.65,912.7,891.2,-1.76,12.85,13.05,13.14,12.8,-2.06,76.94,51.13,85.3,
2/6/2009,911.55,914.7,922.5,904.25,-0.46,13.12,12.84,13.21,12.73,1.78,75.73,98.48,54.76,
2/5/2009,915.75,905.7,925,902.6,1.03,12.89,12.5,12.94,12.29,2.87,70.81,79.8,61.44,
2/4/2009,906.4,901.3,909.7,895.5,0.42,12.53,12.41,12.64,12.29,0.56,71.27,74.44,62.09,
2/3/2009,902.6,904.3,913.1,888,0.04,12.46,12.38,12.51,12.13,0.56,69.49,61.58,64.21,
2/2/2009,902.25,927.95,929.2,901.7,-2.75,12.39,12.65,12.69,12.18,-2.21,56.76,40.42,60.69,
1/30/2009,927.75,907.9,931.4,901.8,2.16,12.67,12.32,12.69,12.2,2.34,78.5,75.13,73.11,
1/29/2009,908.15,886.4,909.5,868.85,2.42,12.38,11.96,12.38,11.64,3.17,59.47,47.43,64.29,
1/28/2009,886.65,898.65,904.4,880.6,-1.26,12,12.02,12.19,11.83,-0.17,55.56,20.77,80.84,
1/27/2009,898,903.6,907.9,892.5,-0.67,12.02,12.05,12.24,11.86,-0.41,74.96,64.05,71.24,
1/26/2009,904.1,898.9,916.3,889.55,0.52,12.07,11.93,12.3,11.82,0.84,81.19,121.41,74.26,
1/23/2009,899.4,856.6,903.5,852.8,4.88,11.97,11.38,12.11,11.24,4.82,65.75,43.7,78.11,
1/22/2009,857.55,855,863.2,843.95,0.23,11.42,11.3,11.52,11.19,0.71,61.7,45.33,70.21,
1/21/2009,855.55,855.85,864.75,843.5,-0.15,11.34,11.11,11.54,11.04,1.43,51.28,47.71,51.17,
1/20/2009,856.8,835.6,866.8,823.9,2.38,11.18,11.14,11.42,10.9,-0.18,54.25,36.05,66.16,
1/19/2009,836.9,844,847.05,832.7,-0.76,11.2,11.23,11.34,11.06,-0.62,96.91,96.61,117.21,
1/16/2009,843.35,819,843.6,816.85,3.31,11.27,10.57,11.32,10.56,6.32,137.05,159.95,127.86,
1/15/2009,816.35,811.45,821.6,802.65,0.62,10.6,10.54,10.68,10.31,0.28,93.75,112.16,109.14,
1/14/2009,811.35,821.95,829.65,807.4,-1.31,10.57,10.71,10.9,10.31,-1.67,131.81,124.49,126.91,
1/13/2009,822.1,820.4,830.8,814.1,0.1,10.75,10.62,10.85,10.39,0.94,105.16,111.83,104.93,
1/12/2009,821.25,854.25,857.1,815.65,-3.77,10.65,11.21,11.3,10.52,-5.5,138.93,181.78,129.96,
1/9/2009,853.45,857.05,868.65,844.9,-0.54,11.27,11.09,11.63,10.94,1.17,105.79,105.46,93.47,
1/8/2009,858.1,843.75,865.65,834.5,1.92,11.14,11,11.37,10.77,0.72,135.21,114.57,146.16,
1/7/2009,841.95,864.6,867.35,835.8,-2.57,11.06,11.43,11.61,10.84,-3.66,136.82,129.22,167.67,
1/6/2009,864.15,859.85,870.7,839.55,0.6,11.48,11.21,11.55,10.76,2.04,114.1,154.11,91.82,
1/5/2009,859,878,884.55,844.5,-2,11.25,11.53,11.75,10.54,-2.77,112.98,144.17,97.7,
1/2/2009,876.55,882.8,888.35,868.1,-0.63,11.57,11.32,11.57,11,1.49,77.94,77.7,79.21,
1/1/2009,882.15,881.3,882.15,881.3,0.22,11.4,11.31,11.42,11.3,0.35,119.2,137.6,114.77,
12/31/2008,880.2,874.3,884,857.25,0.7,11.36,10.9,11.43,10.72,3.37,128.32,123.19,126.46,
12/30/2008,874.05,879.05,884.55,864.5,-0.3,10.99,10.84,11.15,10.63,0.92,179.31,178.76,211.88,
12/29/2008,876.65,868.8,891.05,868.8,0.8,10.89,10.65,11.28,10.65,1.68,156.54,171.16,159.56,
12/26/2008,869.65,842,871.6,842,2.8,10.71,10.28,10.75,10.27,3.18,80.65,80.41,67.07,
12/25/2008,846,846,846,840.5,-0.18,10.38,10.33,10.38,10.33,0,129.48,107.57,125.61,
12/24/2008,847.55,840.6,849.45,835.8,0.96,10.38,10.21,10.47,10.2,1.17,88.45,114.64,95.62,
12/23/2008,839.45,848.45,849.7,830.2,-0.93,10.26,10.8,10.87,10.17,-5.35,66.25,61.64,73.45,
12/22/2008,847.3,838.75,852.25,837.55,1.07,10.84,10.82,11.08,10.72,-0.09,62.41,67,55.89,
12/19/2008,838.35,853.7,854.6,830.6,-1.88,10.85,10.94,11.04,10.57,-1.45,56.81,49.55,64.95,
12/18/2008,854.4,868,878.85,848.85,-1.37,11.01,10.94,11.01,10.93,-3.42,70.48,100.38,33.49,
12/17/2008,866.3,858.2,882.2,847.5,0.94,11.4,11.21,11.56,10.81,1.42,82.55,57.25,107.43,
12/16/2008,858.2,839.25,860.7,830.5,2.16,11.24,10.63,11.25,10.3,5.34,51.49,61.6,34.25,
12/15/2008,840.05,822.05,845.7,822.05,2.2,10.67,10.23,10.71,10.23,3.79,93.43,118.55,56.5,
12/12/2008,821.95,819.85,830.1,808.5,-0.03,10.28,10.31,10.43,9.98,-0.77,119.62,134.54,142.83,
12/11/2008,822.2,811.25,835.3,803.1,1.66,10.36,10.2,10.54,10.1,0.97,69.14,100.26,41.81,
12/10/2008,808.75,776.35,814.1,774.65,4.14,10.26,9.79,10.29,9.79,4.06,87.17,132.09,40.59,
12/9/2008,776.6,772.9,781.05,763.3,0.5,9.86,9.96,10.09,9.64,-1.4,138.02,148.18,117.71,
12/8/2008,772.7,754.8,782.7,753.65,2.02,10,9.48,10.39,9.45,5.26,89.31,97.13,94.52,
12/5/2008,757.4,767.15,773.45,741.9,-1.21,9.5,9.47,9.59,9.11,0,65.75,87.4,41.66,
12/4/2008,766.65,773.65,788.6,762.9,-0.97,9.5,9.62,9.73,9.32,-1.55,97.15,112.47,83.39,
12/3/2008,774.15,782.85,784.45,764.85,-1.13,9.65,9.53,9.75,9.24,0.63,97.53,120.7,83.89,
12/2/2008,783,771.55,786.85,762.3,1.62,9.59,9.27,9.72,9.14,2.9,166.5,214.39,138.45,
12/1/2008,770.55,816,819.25,769,-5.74,9.32,10.27,10.32,9.15,-9.43,205.49,237.64,232.39,
11/28/2008,817.5,816.75,821.6,811,0.18,10.29,10.31,10.39,10.08,-0.48,171.04,222.71,150.93,
11/27/2008,816.05,813.35,818,810.2,0.35,10.34,10.31,10.39,10.17,0.49,158.62,220.65,122.7,
11/26/2008,813.2,821.4,824,809.4,-1.14,10.29,10.3,10.5,10.14,-0.48,73.24,73.02,66.44,
11/25/2008,822.55,820.95,831.6,803.3,0.18,10.34,10.48,10.59,10.03,-1.62,62.25,58.8,65.39,
11/24/2008,821.05,801.95,830.7,786.95,2.63,10.51,9.63,10.67,9.46,8.8,77.13,76.89,70.55,
11/21/2008,800,744.6,802.2,743.9,7.15,9.66,8.89,9.68,8.89,7.33,93.93,99.88,104.14,
11/20/2008,746.6,734.45,753.1,733.8,1.73,9,9.21,9.5,8.79,-3.02,58.93,55.66,61.9,
11/19/2008,733.9,738.35,763.8,727.5,-0.54,9.28,9.62,9.87,9.21,-3.73,46.84,73.39,22.26,
11/18/2008,737.85,737.35,746.5,732,0.13,9.64,9.26,9.77,9.12,3.54,80.88,60.47,100.88,
11/17/2008,736.9,742.85,749.35,731,-0.76,9.31,9.47,9.7,9.21,-2.31,69.58,92.48,38.57,
11/14/2008,742.55,736.3,752.75,726.1,0.54,9.53,9.39,9.74,9.17,0.74,85.09,103.01,55.6,
11/13/2008,738.55,713.05,738.75,702.25,3.76,9.46,9.3,9.54,8.83,1.28,104.77,98.3,117.87,
11/12/2008,711.8,732.2,739.7,709.3,-2.76,9.34,9.72,9.93,9.24,-4.6,68.16,61.16,62.34,
11/11/2008,732,746.8,750,727.1,-1.94,9.79,10.15,10.28,9.54,-4.3,63.19,92.84,38.72,
11/10/2008,746.5,735.8,768.8,735.8,1.23,10.23,10.06,10.57,10.05,1.79,73.44,100.19,57.85,
11/7/2008,737.45,734.4,745.4,726.25,0.47,10.05,9.95,10.32,9.88,-0.2,99.35,105.23,103.26,
11/6/2008,734,742.15,761.5,730.35,-0.9,10.07,10.33,10.81,9.95,-3.27,96.62,99.07,105.59,
11/5/2008,740.65,763.55,769.5,738.7,-3.23,10.41,10.16,10.57,10,1.76,88.99,124.87,60.3,
11/4/2008,765.4,724,768.7,722.6,5.88,10.23,9.79,10.55,9.66,4.49,60.16,77.62,35.31,
11/3/2008,722.9,723.85,739.15,722.05,-0.3,9.79,9.8,10.27,9.66,-0.71,68.71,72.1,54.13,
10/31/2008,725.05,738.2,742.5,719.4,-1.69,9.86,9.71,9.97,9.19,1.44,45.92,79.35,20.37,
10/30/2008,737.5,757.2,778.3,735.4,-2.49,9.72,9.86,10.56,9.66,-1.62,93.39,139.66,63.1,
10/29/2008,756.3,747.45,775.4,738,1.41,9.88,9.14,10.08,8.99,7.27,104.75,110.95,97.99,
10/28/2008,745.8,730.65,756.5,725.2,2.01,9.21,9,9.3,8.42,1.66,95.35,140.83,58.73,
10/27/2008,731.1,734.85,747,707.6,-0.57,9.06,9.28,9.54,8.7,-3.1,56.34,74.88,49.97,
10/24/2008,735.3,724.95,743.2,682.8,1.84,9.35,9.65,9.81,8.63,-3.81,68.11,74.07,61.78,
10/23/2008,722,728.7,736,699.45,-1.05,9.72,9.54,9.95,9.17,1.67,54.16,65.99,40.03,
10/22/2008,729.65,776.9,777.3,721.6,-5.44,9.56,10.1,10.2,9.35,-5.53,34.15,47.66,22.72,
10/21/2008,771.6,798,803.75,765.7,-3.13,10.12,9.77,10.19,9.56,3.27,34.33,47.91,17.13,
10/20/2008,796.5,782.4,809.7,781.8,1.63,9.8,9.38,10,9.35,4.03,78.13,85.67,58.47,
10/17/2008,783.7,807,817,773.3,-2.77,9.42,9.67,9.93,9.08,-2.69,61.46,79.65,45.99,
10/16/2008,806,848.85,849.9,785.3,-5.06,9.68,10.27,10.35,9.21,-5.84,44.44,53.17,29.57,
10/15/2008,849,836.2,857.1,831.1,1.46,10.28,10.95,11.12,10.15,-6.55,54.94,57.99,43,
10/14/2008,836.75,833.35,855,831.25,0.47,11,10.66,11.2,10.64,2.71,69.66,55.56,86.89,
10/13/2008,832.8,851.4,873,823,-2.18,10.71,10.12,10.89,10.01,5,108.86,108.53,116.39,
10/10/2008,851.4,914.6,935,827.5,-6.8,10.2,12.08,12.33,9.49,-15.42,95.1,88.48,105.44,
10/9/2008,913.5,907,920,879.65,0.55,12.06,11.7,12.14,11.46,2.64,52.34,79.8,25.6,
10/8/2008,908.5,889.1,922,879.2,2.24,11.75,11.52,12.12,11.38,1.64,70.2,73.31,66.71,
10/7/2008,888.6,858,892.6,856.95,3.45,11.56,11,11.86,10.94,4.52,55.5,58.24,43.72,
10/6/2008,858.95,833.5,877,826.9,2.65,11.06,11.1,11.53,10.86,-0.72,99.93,103.31,86.17,
10/3/2008,836.8,837.25,848.4,820.7,-0.02,11.14,10.8,11.73,10.75,2.67,86.23,88.93,79.12,
10/2/2008,837,871.25,876.75,831.2,-3.88,10.85,12.53,12.6,10.78,-13.68,57.61,51.69,57.49,
10/1/2008,870.75,872.15,894.8,865.6,-0.14,12.57,12.03,13.01,11.93,4.14,60.11,82.01,36.83,
9/30/2008,871.95,904.15,916,857.7,-3.78,12.07,13.1,13.24,11.72,-8,82.57,98.77,87.88,
9/29/2008,906.25,884,923,869.25,2.99,13.12,13.29,13.39,12.65,-1.65,101.52,82.47,106.3,
9/26/2008,879.9,878.1,912.65,867.7,0.31,13.34,13.18,13.68,13.01,0.98,72.14,69.04,67.18,
9/25/2008,877.2,883.1,898.1,864.35,-0.56,13.21,13.19,13.77,13.03,-0.3,104.04,84.1,112.24,
9/24/2008,882.1,889.75,902.7,878.5,-1.13,13.25,13.23,13.65,13.02,-0.08,92.88,104.94,77.23,
9/23/2008,892.2,900.3,910.3,881.65,-1.06,13.26,13.42,13.67,12.95,-1.41,107.91,110.84,103.33,
9/22/2008,901.8,873.25,906.4,863,3.28,13.45,12.64,13.59,12.45,6.75,61.08,78.8,35.85,
9/19/2008,873.15,848.75,877.8,825.8,2.45,12.6,11.85,12.66,11.73,5.53,74.38,68.44,80.87,
9/18/2008,852.25,865.5,907.6,846.7,-1.38,11.94,11.99,13.09,11.68,-0.91,87.09,107.78,64.93,
9/17/2008,864.2,777,867.6,775.55,11,12.05,10.49,12.07,10.41,14.87,127.53,167.44,87.94,
9/16/2008,778.55,787.45,790.7,772.55,-1.1,10.49,11.09,11.22,10.41,-5.75,125.66,146.15,98.69,
9/15/2008,787.2,766,787.25,765.4,2.98,11.13,10.88,11.2,10.4,2.3,72.88,108.99,42.42,
9/12/2008,764.45,748.95,766.75,747.05,2.23,10.88,10.56,10.96,10.54,2.74,105.56,105.23,108.42,
9/11/2008,747.8,751.65,758.4,737,-0.62,10.59,10.62,11,10.25,-0.66,105.98,102.63,105.75,
9/10/2008,752.5,776,784.1,750.95,-3.14,10.66,11.25,11.62,10.61,-5.41,63.04,62.84,57.66,
9/9/2008,776.9,801.55,805.8,776.75,-3.17,11.27,12.04,12.23,11.22,-6.71,96.64,86.38,105.3,
9/8/2008,802.35,806,819,797.5,-0.18,12.08,12.25,12.73,11.87,-1.47,85.22,73.88,92.43,
9/5/2008,803.8,796.2,820.3,791.35,1.04,12.26,12.8,13.13,12.04,-4.07,88.76,75.84,100.16,
9/4/2008,795.55,801.75,815.7,794.65,-0.71,12.78,12.87,13.21,12.61,-1.08,154.28,162.86,140.87,
9/3/2008,801.25,806.25,809.1,790.05,-0.53,12.92,13.02,13.15,12.55,-1.15,88.88,95.42,102.33,
9/2/2008,805.5,816.95,819.75,791.4,-1.54,13.07,13.4,13.44,12.47,-2.83,81.57,77.79,76.68,
9/1/2008,818.1,835.5,836.3,816.2,-1.53,13.45,13.56,13.79,13.32,-1.32,113.32,130.36,101.48,
8/29/2008,830.8,833.8,839.3,829.9,-0.41,13.63,13.62,13.94,13.5,-0.37,97.43,110.08,81.01,
8/28/2008,834.25,826.5,845,826,0.89,13.68,13.45,14.07,13.43,1.48,110.73,159.45,76.73,
8/27/2008,826.9,824.25,835.4,822.05,0.28,13.48,13.55,13.88,13.39,-0.88,106.75,102.98,97.35,
8/26/2008,824.6,822.05,830.5,807.5,0.3,13.6,13.44,13.76,12.99,0.82,88.93,59.1,104.76,
8/25/2008,822.1,825.85,826.7,817.45,-0.12,13.49,13.37,13.58,13.12,0.97,61.96,49.41,61.82,
8/22/2008,823.1,835.7,838.5,821.7,-1.6,13.36,13.8,13.98,13.29,-3.54,107.06,131.84,73.31,
8/21/2008,836.45,813.45,840,811.6,2.8,13.85,13.24,13.91,13.18,4.37,91.23,119.17,83.71,
8/20/2008,813.65,813.95,818.8,801.2,-0.07,13.27,13.23,13.43,12.81,0.08,153.75,215.98,92.98,
8/19/2008,814.25,799.9,816.25,783.05,1.86,13.26,13.02,13.38,12.45,1.45,86.19,119.54,49.86,
8/18/2008,799.35,793.75,804.65,790.25,1.63,13.07,12.7,13.36,12.7,2.59,131.32,185.81,84.54,
8/15/2008,786.5,806.4,806.5,774.9,-2.49,12.74,14.13,14.21,12.39,-10.16,86.33,76.5,90.4,
8/14/2008,806.6,826.4,837.5,805.4,-2.42,14.18,14.87,15.14,14.1,-4.83,95.01,107.34,105.33,
8/13/2008,826.6,812.3,830.6,806.3,1.84,14.9,14.47,14.95,14.39,2.69,122.18,142.11,95.96,
8/12/2008,811.65,823.15,827.3,802.9,-1.42,14.51,14.6,14.85,13.99,-1.09,149.08,232,96.76,
8/11/2008,823.3,856.85,866.5,818.7,-3.86,14.67,15.28,15.46,14.52,-4.18,144.52,159.24,177.1,
8/8/2008,856.35,872.45,874.5,851.5,-1.96,15.31,16.14,16.25,15.22,-5.49,68.13,109.97,37.77,
8/7/2008,873.45,879.65,885.8,868.4,-0.7,16.2,16.49,16.72,16.02,-2.11,49.1,39.16,48.99,
8/6/2008,879.6,874.4,887,873.35,0.61,16.55,16.41,16.78,16.38,0.61,41.06,34.12,39.84,
8/5/2008,874.25,895.25,895.9,873.8,-2.28,16.45,16.9,17.01,16.4,-2.84,86.97,82.94,81.75,
8/4/2008,894.65,910.45,916.2,894.4,-1.75,16.93,17.48,17.66,16.86,-3.15,75.92,111.54,53.16,
8/1/2008,910.55,914.55,917.9,902.8,-0.36,17.48,17.7,17.79,17.23,-1.41,94.64,123.64,65.13,
7/31/2008,913.85,908,926.2,906.9,0.82,17.73,17.47,17.96,17.38,1.31,80.95,103.3,48.47,
7/30/2008,906.45,918.5,919.65,894.5,-1.24,17.5,17.33,17.62,16.8,0.81,87.75,80.19,85.13,
7/29/2008,917.85,931.05,934,914.8,-1.4,17.36,17.49,17.66,17.04,-0.97,102.33,143.58,56.73,
7/28/2008,930.9,928.9,933.4,922.95,0.13,17.53,17.36,17.56,17.22,0.69,101.41,117.94,70.27,
7/25/2008,929.7,928.25,935.9,919.4,0.24,17.41,17.41,17.65,17,-0.17,68.13,58.22,70.14,
7/24/2008,927.5,921.1,931.9,916.8,0.73,17.44,17.35,17.65,17.08,0.4,70.75,76.95,58.83,
7/23/2008,920.75,945.7,949.75,918.15,-2.61,17.37,17.92,18.02,17.28,-3.23,103.83,93.49,100.27,
7/22/2008,945.4,965.55,976.35,943.2,-2.16,17.95,18.4,18.7,17.83,-2.6,84.67,42.2,117.34,
7/21/2008,966.3,956.25,969.25,955.55,1.15,18.43,18.12,18.5,18.12,1.6,123.14,90.03,143.36,
7/18/2008,955.3,957.3,965.1,950.5,-0.24,18.14,18.48,18.66,18.03,-2.16,89.8,92.84,88.5,
7/17/2008,957.6,959.85,979.25,954.2,-0.26,18.54,18.72,19.18,18.37,-1.23,87.33,96.07,90.15,
7/16/2008,960.1,977.85,981.75,958.3,-1.79,18.77,18.87,19.14,18.64,-0.74,120.84,134.65,100.49,
7/15/2008,977.6,973.4,988.75,966,0.5,18.91,19.05,19.48,18.57,-0.94,119.99,137.75,90.71,
7/14/2008,972.7,966.05,975.65,954.4,0.83,19.09,18.82,19.24,18.49,1.43,137.71,163.26,92.85,
7/11/2008,964.7,945.55,968.6,942.4,1.85,18.82,18.25,18.91,18.22,2.9,99.8,89.86,96.37,
7/10/2008,947.15,928.85,948.4,926.1,2,18.29,18.09,18.37,18.02,0.94,136.99,161.39,108.73,
7/9/2008,928.55,920.35,929.55,916.4,0.93,18.12,17.75,18.16,17.7,1.85,116.91,64.75,156.63,
7/8/2008,920,925.75,934.5,913,-0.67,17.79,17.75,17.96,17.45,0,102.08,124.74,71.19,
7/7/2008,926.25,933.15,933.15,915.3,-0.76,17.79,18.05,18.14,17.52,-1.66,94.31,70.51,98.03,
7/4/2008,933.3,933.45,937,929.8,-0.06,18.09,18.21,18.33,17.95,-0.88,66.85,66.64,67.94,
7/3/2008,933.85,944.6,947.35,927.7,-1.22,18.25,18.31,18.51,17.96,-0.71,83.71,95.38,64.64,
7/2/2008,945.35,939.95,947.5,932.5,0.59,18.38,18.07,18.42,17.88,1.49,107.09,71.17,136.54,
7/1/2008,939.85,926.5,946.8,923.15,1.59,18.11,17.38,18.24,17.34,4.02,123.6,119.7,123.34,
6/30/2008,925.1,929.2,936,919,-0.3,17.41,17.54,17.89,17.19,-0.74,73.01,76.62,63.91,
6/27/2008,927.85,916.8,931.1,910.8,1.18,17.54,17.14,17.68,17.1,2.21,87.83,56.29,109.55,
6/26/2008,917.05,886.7,918,885.2,3.47,17.16,16.74,17.4,16.68,2.2,114.33,113.98,100.07,
6/25/2008,886.3,890,890.75,874.5,-0.4,16.79,16.64,16.86,16.47,0.72,133.41,129.76,140.7,
6/24/2008,889.9,883.8,894.2,882.65,0.66,16.67,16.74,17.04,16.6,-0.77,164.26,156.93,165.04,
6/23/2008,884.05,901.95,907.85,877.7,-1.97,16.8,17.33,17.53,16.56,-3.28,72.19,79.96,53.36,
6/20/2008,901.85,898.6,908.4,896.75,0.33,17.37,17.32,17.67,17.28,0.12,130.37,135.88,113.33,
6/19/2008,898.85,894.7,908.9,884.05,0.55,17.35,17.32,17.73,17.12,-0.06,114.13,122.53,107.07,
6/18/2008,893.95,882.55,894.9,881.25,1.25,17.36,17,17.51,16.96,1.76,82.58,60.99,91.56,
6/17/2008,882.9,882.5,889.35,874.8,0.07,17.06,17.11,17.44,16.84,-0.47,92.84,66.11,110.29,
6/16/2008,882.3,869.85,895.7,867.5,1.27,17.14,16.5,17.45,16.39,3.5,96.88,74.29,105.35,
6/13/2008,871.2,869.2,874.95,860.1,0.26,16.56,16.44,16.63,16.25,0.49,74.93,80.93,67.5,
6/12/2008,868.9,880.6,883,857.8,-1.32,16.48,16.83,16.92,16.23,-2.31,69.71,48.34,75.6,
6/11/2008,880.55,868.3,883.7,867.8,1.52,16.87,16.57,16.96,16.5,1.69,111.21,120.94,106.48,
6/10/2008,867.35,892.3,895.65,865.15,-2.86,16.59,17.08,17.22,16.48,-3.04,77.04,66.78,77.98,
6/9/2008,892.9,902.85,909.7,891.4,-1.05,17.11,17.52,17.72,17.04,-2.34,69.98,69.77,64.66,
6/6/2008,902.35,877.5,902.45,877.4,2.73,17.52,17.09,17.59,17.06,2.04,114.23,94.9,131.92,
6/5/2008,878.35,878.85,880.8,865.45,-0.03,17.17,16.79,17.21,16.47,2.02,69.2,47.99,80.06,
6/4/2008,878.65,881.1,887.5,876.85,-0.31,16.83,16.77,16.94,16.57,0.18,76.47,91.48,66.13,
6/3/2008,881.4,891.1,898.1,876.1,-1.02,16.8,16.78,16.97,16.42,-0.12,110.96,97.61,108.55,
6/2/2008,890.5,887.45,897.8,881.8,0.41,16.82,16.84,17.02,16.57,-0.36,73.61,100.42,45.1,
5/30/2008,886.9,878.15,890.6,871,1.08,16.88,16.57,16.96,16.4,1.63,79.82,48.97,91.9,
5/29/2008,877.4,902.75,903.7,874.05,-2.63,16.61,17.39,17.61,16.46,-4.6,74.76,80.27,76.51,
5/28/2008,901.1,905.7,910.4,889.9,-0.52,17.41,17.4,17.64,17.02,-0.11,68.6,58.62,70.63,
5/27/2008,905.8,929.05,931.5,904.5,-2.51,17.43,18.27,18.36,17.37,-4.81,83.48,30.26,113.59,
5/26/2008,929.1,925.4,929.6,923.95,0.42,18.31,18.19,18.34,18.12,0.6,122.69,131.72,141.26,
5/23/2008,925.2,920.65,929.6,915.55,0.36,18.2,17.91,18.31,17.83,1.17,88.38,91.14,70.95,
5/22/2008,921.85,932.45,936.3,918.05,-1.13,17.99,17.98,18.23,17.71,0,82.96,85.55,85.63,
5/21/2008,932.35,920.95,932.9,917.4,1.41,17.99,17.65,18.14,17.55,1.81,78.65,69,83.71,
5/20/2008,919.35,905.1,924.4,903.4,1.59,17.67,16.93,17.72,16.9,4.06,38.37,31.88,47.86,
5/19/2008,904.95,904,914.35,901.55,0.29,16.98,16.99,17.29,16.81,0,47.78,31.75,52.97,
5/16/2008,902.3,882.2,905.7,880.5,2.37,16.98,16.7,17.1,16.67,1.62,77.32,74,82.3,
5/15/2008,881.45,864.95,888.5,862.75,1.94,16.71,16.54,17.01,16.48,1.15,60.12,74.21,57.14,
5/14/2008,864.65,866.25,871.8,860.3,-0.21,16.52,16.66,16.93,16.47,-1.08,85.51,88.4,79,
5/13/2008,866.5,882.7,885.65,861.6,-1.86,16.7,17.13,17.31,16.5,-2.68,90.2,74.42,93.11,
5/12/2008,882.9,884.2,890.1,878.45,-0.23,17.16,16.79,17.33,16.65,2.02,113.97,139.28,85.6,
5/9/2008,884.9,884.3,890.8,871,0.18,16.82,16.82,17.11,16.47,-0.18,87.25,111.84,108.83,
5/8/2008,883.3,868.9,886.25,864.25,1.75,16.85,16.59,16.99,16.43,1.38,55.67,55.5,55.55,
5/7/2008,868.15,876.1,882.05,864.75,-0.9,16.62,16.82,17,16.45,-1.42,89.17,72.43,109.85,
5/6/2008,876.05,873.65,883.7,871.7,0.23,16.86,16.7,17.03,16.62,0.84,76.23,89.81,57.63,
5/5/2008,874.05,858.8,875.05,858.55,2.05,16.72,16.36,16.83,16.36,1.89,42.08,53.39,38.17,
5/2/2008,856.45,852.25,859.9,846,0.45,16.41,16.12,16.55,16.08,1.42,57.53,84.52,30.21,
5/1/2008,852.65,877.15,882.3,848.1,-2.1,16.18,16.8,17.01,15.97,-4.09,90.46,100.8,88.5,
4/30/2008,870.95,870.2,877.1,863.3,-0.01,16.87,16.51,16.89,16.36,1.81,89.01,63.39,100.45,
4/29/2008,871.05,893.3,893.85,869.2,-2.51,16.57,16.98,17.05,16.43,-2.64,70.55,66.99,61.46,
4/28/2008,893.5,888.5,896.8,886.75,0.83,17.02,16.84,17.17,16.77,0.89,95.27,116.9,67.03,
4/25/2008,886.15,887.3,897.5,878.6,-0.07,16.87,16.7,16.94,16.37,0.6,66.31,62.96,73.52,
4/24/2008,886.8,903.65,907.3,884.05,-1.92,16.77,17.09,17.25,16.62,-2.22,97.6,100.25,88.54,
4/23/2008,904.2,917.5,923.6,898.1,-1.5,17.15,17.61,17.9,16.97,-2.89,107.75,73.66,122.88,
4/22/2008,918,914.5,926,912.5,0.42,17.66,17.42,17.98,17.31,1.44,86.39,86.12,71.83,
4/21/2008,914.2,918.9,928.9,911.8,-0.24,17.41,17.86,17.98,17.3,-2.57,80.53,109.47,66.96,
4/18/2008,916.4,939.3,946.8,904.75,-2.44,17.87,18.27,18.48,17.38,-2.19,78.15,41.95,99.98,
4/17/2008,939.3,945.2,953,937.7,-0.61,18.27,18.31,18.77,18.13,-0.22,77.84,68.98,91.1,
4/16/2008,945.1,928.3,949.3,924.4,1.8,18.31,17.83,18.54,17.71,2.46,68.4,84.43,48.75,
4/15/2008,928.4,924.7,936.9,921.65,0.42,17.87,17.72,18.06,17.62,0.79,47.03,53.59,33.52,
4/14/2008,924.5,919.6,931.5,914.5,-0.09,17.73,17.61,17.85,17.25,-0.23,53.2,49.5,53.08,
4/11/2008,925.3,929.2,932.3,918.3,-0.38,17.77,17.92,18.16,17.46,-0.62,83.41,89.09,74.31,
4/10/2008,928.8,934,939.8,922.5,-0.58,17.88,17.92,17.99,17.81,-1.6,63.86,44.29,73.88,
4/9/2008,934.2,915.6,935.1,903.2,2.05,18.17,17.68,18.41,17.37,2.89,86.85,86.58,87.69,
4/8/2008,915.4,920.9,925.9,908.3,-0.54,17.66,18.05,18.2,17.43,-2.32,56.31,46.23,55.09,
4/7/2008,920.4,912.7,929.5,911,0.78,18.08,17.76,18.24,17.7,1.74,81.08,76.98,77.05,
4/4/2008,913.3,904.1,914.8,899.6,1.11,17.77,17.35,17.8,17.24,2.48,65.65,41.65,79.41,
4/3/2008,903.3,902.2,909.1,889.7,-0.07,17.34,17.32,17.56,16.91,0.06,68.01,56.5,65.98,
4/2/2008,903.9,884.3,905.7,882,2.31,17.33,16.85,17.38,16.7,2.67,80.72,71.53,84.52,
4/1/2008,883.5,915.65,921,873.3,-3.52,16.88,17.2,17.38,16.32,-2.03,60.84,60.66,50.59,
3/31/2008,915.7,931.6,941.2,915.3,-1.58,17.23,17.87,18.19,17.07,-3.8,108.1,100.07,121.99,
3/28/2008,930.4,947.5,950.9,923.5,-1.84,17.91,18.42,18.55,17.62,-2.87,84.06,31.04,119.09,
3/27/2008,947.8,954.3,954.9,940.35,-0.66,18.44,18.41,18.63,17.92,-0.05,64.9,50.63,84.47,
3/26/2008,954.1,939,954.8,934.9,1.64,18.45,17.91,18.45,17.64,2.79,74.51,86.66,67.12,
3/25/2008,938.7,914.3,939.2,911.9,2.58,17.95,16.98,17.97,16.92,5.53,86.48,119.95,68.78,
3/24/2008,915.1,915.6,926.7,906.4,-0.48,17.01,17.03,17.23,16.78,-1.39,98.03,105.87,81.51,
3/21/2008,919.5,913.4,920.3,911.4,1.04,17.25,16.75,17.25,16.75,2.68,84.94,84.68,76.51,
3/20/2008,910,938.7,943.4,905.05,-3.59,16.8,18.3,18.38,16.76,-8.45,38.26,43.6,31.82,
3/19/2008,943.9,981.2,997.6,939.5,-3.87,18.35,19.69,20.12,18.24,-6.81,77.11,65.04,78.91,
3/18/2008,981.9,1003.9,1012.7,978.2,-2.07,19.69,20.18,20.45,19.55,-2.38,80.57,86.5,66.99,
3/17/2008,1002.7,1002.9,1031.2,998.8,0.96,20.17,20.77,21.27,19.92,-2.42,59.62,59.44,49.57,
3/14/2008,993.2,996,1007.5,990.9,-0.21,20.67,20.55,20.88,20.26,0.54,89.45,100.33,69.73,
3/13/2008,995.3,983.7,1000.3,981.8,1.2,20.56,20.13,20.88,20.09,1.98,51.29,64.59,40.41,
3/12/2008,983.5,973.1,983.5,968.5,1.04,20.16,19.65,20.2,19.37,2.49,99.56,84.21,100.35,
3/11/2008,973.4,973.6,985.7,964.75,0,19.67,19.65,20.3,19.33,-0.1,39.71,59.38,27.52,
3/10/2008,973.4,973.4,980.8,961.4,0,19.69,20.17,20.41,19.19,-2.28,64.74,93.23,29.91,
3/7/2008,973.4,978.8,988.4,969.8,-0.48,20.15,20.14,20.66,19.86,-0.2,91.69,129.74,59.03,
3/6/2008,978.1,988.6,992.3,965.3,-1.03,20.19,20.76,21.23,19.83,-2.79,113.23,104.19,130.36,
3/5/2008,988.3,964.2,992.2,959.85,2.58,20.77,19.75,20.84,19.37,5.06,95.76,89.5,109.48,
3/4/2008,963.4,983.9,988.3,960.8,-2.07,19.77,20.3,20.58,19.6,-2.66,160.11,170.26,171.6,
3/3/2008,983.8,973.4,989.7,973.4,1.16,20.31,19.77,20.62,19.73,2.52,122.55,158.11,113.9,
2/29/2008,972.48,956.58,976.27,956.58,0.32,19.81,19.74,19.95,19.35,0,81.01,119.65,54.89,
2/28/2008,969.35,957.65,969.35,953.35,1.16,19.81,19.23,19.85,19.03,2.86,90.68,84.75,89.54,
2/27/2008,958.2,948.2,965.1,948.1,0.98,19.26,18.78,19.48,18.76,3.16,67.13,40.73,87.37,
2/26/2008,948.9,940.2,948.9,926.8,0.97,18.67,18.07,18.67,17.91,3.21,103.22,106.03,98.84,
2/25/2008,939.8,946,952.3,933.1,-0.6,18.09,18,18.17,17.85,0.28,83.67,83.41,75.9,
2/22/2008,945.5,944.9,949.8,935.7,0.06,18.04,17.84,18.11,17.72,0.95,81.02,86.99,77.74,
2/21/2008,944.9,943.9,954,937.9,0,17.87,17.77,18.05,17.75,0.22,83.1,102.84,57.19,
2/20/2008,944.9,927.9,945.6,913.7,1.87,17.83,17.51,17.84,17.2,1.77,73.75,79.65,61.32,
2/19/2008,927.6,905.6,930.8,905.15,2.34,17.52,17.09,17.59,17.03,2.34,114.23,120.99,94.98,
2/18/2008,906.4,903.2,909.65,900.5,0.41,17.12,17.07,17.23,16.93,0,106.59,138.96,95.45,
2/15/2008,902.7,908.7,915.6,898.3,-0.61,17.12,17.24,17.5,17.04,-0.64,114.53,128.82,87.91,
2/14/2008,908.2,906.7,914.2,901.9,0.34,17.23,17.27,17.51,17.11,-0.35,89.6,86.62,85.8,
2/13/2008,905.1,906.5,910.4,896.5,-0.11,17.29,17.16,17.38,16.9,0.52,102.62,70.33,122.66,
2/12/2008,906.1,924.2,925,903.1,-2.02,17.2,17.49,17.62,17.11,-1.94,90.07,146.33,66.57,
2/11/2008,924.75,921.35,927.25,916,0.7,17.54,17.18,17.56,17,2.04,89.34,85.5,89.14,
2/8/2008,918.35,905.35,920.45,905.35,1.01,17.19,16.79,17.19,16.71,2.32,77.52,71.34,74.38,
2/7/2008,909.15,900.1,911.35,896.65,0.93,16.8,16.5,16.83,16.44,1.88,52.54,41.9,56.79,
2/6/2008,900.75,887.1,907.55,886.15,1.53,16.49,16.32,16.66,16.19,0.98,85.02,102.92,80.79,
2/5/2008,887.2,903.85,906.6,885.65,-1.94,16.33,16.69,16.84,16.25,-2.16,99.18,118.65,71.47,
2/4/2008,904.75,906.1,912.6,892,-0.62,16.69,16.77,16.92,16.39,-0.6,117.29,134.65,94.58,
2/1/2008,910.38,924.38,936.88,905.08,-1.65,16.79,16.88,17.29,16.72,-0.65,99.69,68.15,108.95,
1/31/2008,925.62,927.62,929.23,919.23,-0.36,16.9,16.81,17.02,16.67,0.54,93.08,141.92,54.63,
1/30/2008,929,923.75,933,917.2,0.56,16.81,16.68,16.9,16.57,0.72,36.6,43.79,30.44,
1/29/2008,923.85,927.35,933.45,917.1,-0.43,16.69,16.7,16.83,16.5,-0.12,66.89,50.81,90.05,
1/28/2008,927.85,915.6,929.55,914.85,1.57,16.71,16.45,16.72,16.33,1.58,89.24,85.41,94.98,
1/25/2008,913.5,913,923.9,908.5,0.68,16.45,16.42,16.63,16.29,0.24,92.98,110.08,82.15,
1/24/2008,907.35,891.1,910.85,889.1,2.01,16.41,16.07,16.45,15.93,2.18,88.51,69.52,98.14,
1/23/2008,889.45,890.65,895.95,876.75,-0.13,16.06,16.04,16.19,15.7,0.06,137.01,121.41,126.59,
1/22/2008,890.65,861.6,894.65,849.85,2.8,16.05,15.54,16.2,15.23,3.08,83.23,73.02,88.59,
1/21/2008,866.35,881.6,882.85,858.75,-2.06,15.57,16.14,16.16,15.48,-3.71,81.09,80.84,87.66,
1/18/2008,884.55,877.25,888.55,870.45,0.77,16.17,15.8,16.34,15.64,1.83,47.15,41.13,53.91,
1/17/2008,877.75,878.55,890.45,875.85,0.02,15.88,15.79,16.09,15.72,0.51,72.99,100.75,37.35,
1/16/2008,877.55,889.85,899.6,874.55,-1.93,15.8,15.93,16.16,15.67,-1.99,94.73,121.86,66.07,
1/15/2008,894.85,903.75,914.15,893.65,-1.14,16.12,16.36,16.54,15.92,-1.71,95.92,108.38,74.45,
1/14/2008,905.2,898,914.4,892.6,1.05,16.4,16.24,16.6,16.13,1.05,90.81,72.42,90.61,
1/11/2008,895.75,892.65,898.35,887.5,0.3,16.23,16.11,16.31,15.93,0.25,56.55,71.21,34.65,
1/10/2008,893.1,878.5,895.3,866.4,1.74,16.19,15.67,16.27,15.31,3.12,104.03,109.17,104.72,
1/9/2008,877.8,877.7,891.8,872,0.01,15.7,15.66,16.16,15.53,0.06,123.04,150.97,94.44,
1/8/2008,877.7,857.9,881.5,856.9,2.31,15.69,15.11,15.75,15.11,3.63,84.46,68.6,98.84,
1/7/2008,857.9,860.8,865.2,855.6,-0.42,15.14,15.26,15.38,15.07,-0.98,78.18,57.43,82.12,
1/4/2008,861.5,863.7,868.9,854.6,-0.22,15.29,15.31,15.47,15.11,-0.46,87.35,73.68,89.4,
1/3/2008,863.4,857,869.45,853.4,0.72,15.36,15.22,15.42,15.03,0.72,82.81,105.68,60.6,
1/2/2008,857.2,837,861.5,834.7,2.82,15.25,14.83,15.3,14.78,3.11,95,123.53,68.69,
1/1/2008,833.7,833.7,833.8,833.6,0.01,14.79,14.78,14.8,14.77,0,63.37,57.43,76.65,
12/31/2007,833.6,839.5,843.6,832.1,-0.64,14.79,14.76,14.92,14.71,0.27,87.29,95.72,79.84,
12/28/2007,839,825.9,840.2,824.8,1.72,14.75,14.6,14.88,14.59,0.96,186.46,166.11,197.93,
12/27/2007,824.8,824.4,831.6,821.7,-0.02,14.61,14.67,14.78,14.51,-0.68,105.97,93.91,97.91,
12/26/2007,825,808.65,826.5,808.2,2.23,14.71,14.51,14.79,14.42,2.08,58.63,46.76,58.5,
12/25/2007,807,811.7,812.2,804.15,-0.6,14.41,14.5,14.52,14.38,-0.89,125,145.39,121.27,
12/24/2007,811.9,811.7,815.2,808.4,0.14,14.54,14.35,14.54,14.31,1.39,102.4,71.02,118.47,
12/21/2007,810.8,796.7,812.6,795.7,1.77,14.34,14.19,14.45,14.16,0.91,64.53,42.89,76.66,
12/20/2007,796.7,802.4,803.4,793.6,-0.69,14.21,14.12,14.3,13.93,0.64,95.5,83.3,109.19,
12/19/2007,802.2,802.9,805,797.9,0,14.12,14.01,14.17,13.93,0.64,105.27,98.38,98.47,
12/18/2007,802.2,792.9,806.6,790.4,1.33,14.03,13.82,14.13,13.77,1.52,98.59,78.63,109.31,
12/17/2007,791.7,793.8,798.9,785.4,-0.4,13.82,13.8,13.96,13.58,0.07,86.97,98.02,62.89,
12/14/2007,794.9,797.6,803.9,788,-0.31,13.81,14.06,14.21,13.74,-1.99,70.9,62.2,75.47,
12/13/2007,797.4,813.9,813.9,792,-2.02,14.09,14.65,14.7,13.96,-3.89,89.02,129.08,58.32,
12/12/2007,813.8,797.8,817.4,797.1,2.04,14.66,14.45,14.8,14.44,1.31,119.94,119.57,99.73,
12/11/2007,797.5,808.6,813.4,797.2,-1.48,14.47,14.62,14.79,14.45,-1.43,119.51,109.98,122.31,
12/10/2007,809.5,794.8,812.5,794.3,1.75,14.68,14.33,14.75,14.22,2.16,78.79,49.98,101.25,
12/7/2007,795.6,802.6,805.2,791.4,-0.88,14.37,14.42,14.54,14.22,-0.62,104.27,90.62,111.16,
12/6/2007,802.7,794.6,805.75,785.4,0.92,14.46,14.24,14.55,13.96,1.47,109.26,69.08,128.53,
12/5/2007,795.4,802.1,807.1,791.6,-0.97,14.25,14.29,14.41,14.1,-0.63,183.72,112.71,249.13,
12/4/2007,803.2,791.8,805.9,787,1.48,14.34,14.11,14.41,14,1.56,133.6,72.65,161.58,
12/3/2007,791.5,783.1,791.8,777.4,1.1,14.12,13.95,14.22,13.77,0.86,56.93,35.47,71.01,
11/30/2007,782.9,793.1,799.4,779.1,-1.3,14,14.12,14.29,13.78,-1.48,77.38,83.08,69.3,
11/29/2007,793.2,803.9,808.3,793,-1.5,14.21,14.4,14.52,14.15,-1.52,57.43,78.07,52.09,
11/28/2007,805.3,812.5,815.7,791.7,-0.76,14.43,14.43,14.54,14.1,-0.21,68.89,41.8,84.68,
11/27/2007,811.5,824.4,829.5,808.3,-1.35,14.46,14.74,14.84,14.3,-1.7,108.19,101.51,111.13,
11/26/2007,822.6,821.4,837.1,821.4,-0.1,14.71,14.76,15.03,14.61,-0.54,51.36,51.2,48.81,
11/23/2007,823.4,804.6,826.1,803,2.36,14.79,14.54,14.88,14.47,1.72,118.9,105.36,137.31,
11/22/2007,804.4,800.45,805.8,798.3,0.27,14.54,14.39,14.58,14.37,0.55,58.6,61.5,46.16,
11/21/2007,802.2,804.5,807.4,794.8,-0.19,14.46,14.7,14.82,14.32,-1.97,32.92,47.73,14.93,
11/20/2007,803.7,781.9,803.7,773,2.81,14.75,14.2,14.82,14.08,3.8,57.78,64,53.38,
11/19/2007,781.7,786.5,794.3,775.3,-0.71,14.21,14.48,14.67,14.11,-1.73,63.13,39.75,71.83,
11/16/2007,787.3,789,797.65,784,-0.16,14.46,14.46,14.74,14.34,-0.14,127.41,75.05,168.54,
11/15/2007,788.6,811.6,818.3,782.75,-2.86,14.48,14.95,15.14,14.32,-3.21,94.64,53.92,130.42,
11/14/2007,811.8,801,816,800.1,1.4,14.96,14.6,15.13,14.56,2.68,128.47,73.18,178.04,
11/13/2007,800.6,803.5,809.1,791.2,-0.37,14.57,14.38,14.91,14.37,-0.27,87.67,37.46,124.97,
11/12/2007,803.6,830.9,831,797.9,-3.38,14.61,15.44,15.46,14.54,-5.44,101.76,111.94,81.7,
11/9/2007,831.7,832.7,839.3,827.6,0.01,15.45,15.4,15.67,15.04,0.39,121.16,76.86,146.54,
11/8/2007,831.6,830.5,845.7,824,-0.07,15.39,15.23,15.81,14.86,0.59,140,105.34,153.76,
11/7/2007,832.2,825.1,845.8,822.7,0.97,15.3,15.53,16.22,15.19,-1.29,93.31,104.65,96.99,
11/6/2007,824.2,806.5,824.7,806.3,2.19,15.5,14.7,15.5,14.62,5.44,172.83,185.06,175.65,
11/5/2007,806.5,807.4,811.3,801.3,-0.12,14.7,14.49,14.83,14.39,0.48,149,124.36,172.88,
11/2/2007,807.5,787.9,808.1,787.4,2.52,14.63,14.07,14.69,14,3.61,106.58,103.38,124.55,
11/1/2007,787.62,796.12,799.92,784.73,-1.08,14.12,14.46,14.54,13.91,-2.62,81.31,67.98,87.24,
10/31/2007,796.2,781.9,796.9,777.1,1.87,14.5,14.14,14.54,14.11,2.55,74.07,70.89,73.91,
10/30/2007,781.6,791.2,792.4,779.5,-1.24,14.14,14.48,14.54,14.12,-2.48,102.52,127.75,69.26,
10/29/2007,791.4,784.8,794.8,784.5,0.76,14.5,14.21,14.5,14.21,1.75,98.36,84.05,105.16,
10/26/2007,785.4,769.2,786.1,768.6,2.09,14.25,13.89,14.25,13.88,2.59,173,101.79,226.4,
10/25/2007,769.3,764.1,769.6,762,0.71,13.89,13.56,14.03,13.53,2.21,126.8,131.67,140.58,
10/24/2007,763.9,759.6,764.35,754.3,0.55,13.59,13.56,13.63,13.38,-0.15,157.74,145.16,161.44,
10/23/2007,759.7,754.8,761.3,753,0.7,13.61,13.46,13.67,13.42,1.11,131.4,158.42,106.72,
10/22/2007,754.4,766.7,768.6,745.9,-1.41,13.46,13.52,13.59,13.24,-0.44,91.91,117.29,61.14,
10/19/2007,765.2,768.15,770.4,758.5,-0.18,13.52,13.77,13.91,13.29,-1.96,111,81.54,140.88,
10/18/2007,766.6,755.3,766.6,755.1,1.54,13.79,13.62,13.8,13.58,1.17,94.25,105.01,87.59,
10/17/2007,755,760.65,765,754.5,-0.68,13.63,13.59,13.85,13.5,0.15,175.77,140.18,211.37,
10/16/2007,760.2,759,767,754.4,0.12,13.61,13.76,14,13.54,-1.31,151.87,119.86,163.11,
10/15/2007,759.3,749.3,760.3,747.8,1.29,13.79,13.78,14.03,13.73,-0.07,82.16,81.91,86.95,
10/12/2007,749.6,748.3,752.5,745.2,0.24,13.8,13.75,13.89,13.68,0.22,77.94,38.85,106.48,
10/11/2007,747.8,740.9,754,740.6,0.92,13.77,13.55,13.93,13.53,1.62,68.59,101.3,42.25,
10/10/2007,741,738.2,746.2,737.5,0.41,13.55,13.47,13.7,13.46,0.52,82.37,129.04,48.93,
10/9/2007,738,733.2,740.6,727.15,0.64,13.48,13.24,13.59,13.13,1.51,72.08,81.23,62.54,
10/8/2007,733.3,741.65,742.7,731.55,-1.27,13.28,13.43,13.46,13.21,-0.97,126.3,158.28,84.02,
10/5/2007,742.7,737.8,744.3,728.1,0.68,13.41,13.36,13.5,13.21,0.15,125,97.53,149.14,
10/4/2007,737.7,728.6,738.6,721.1,1.39,13.39,13.31,13.44,13.09,0.68,86.28,78.19,78.27,
10/3/2007,727.6,732.1,736.4,726.5,-0.53,13.3,13.33,13.5,13.22,-0.3,81.43,104.38,62.88,
10/2/2007,731.5,747.4,747.5,724.75,-2.1,13.34,13.7,13.73,13.05,-2.7,103.52,94.35,113.13,
10/1/2007,747.2,744.2,748.05,741.3,0.42,13.71,13.78,13.87,13.6,-0.58,121.76,114.24,125.07,
9/28/2007,744.1,734.2,745.9,733.6,1.31,13.79,13.53,13.86,13.49,1.85,118.72,86.6,134.84,
9/27/2007,734.5,728,736.3,727.2,0.88,13.54,13.35,13.62,13.33,1.2,177.98,121.82,212.05,
9/26/2007,728.1,731.5,737.1,726.8,-0.45,13.38,13.44,13.62,13.31,-0.67,97.6,70.77,108.21,
9/25/2007,731.4,730.5,733.85,722.7,0.14,13.47,13.44,13.51,13.22,0.07,106.34,115.65,91.1,
9/24/2007,730.4,729.6,736.45,726.7,-0.11,13.46,13.42,13.71,13.39,-0.52,90.24,44.98,125.06,
9/21/2007,731.2,734,739.4,727.3,-0.3,13.53,13.33,13.66,13.32,1.05,87.09,102.9,75.1,
9/20/2007,733.4,721.6,738.7,721.2,1.62,13.39,12.9,13.51,12.89,3.48,121.83,127.24,135.07,
9/19/2007,721.7,724.1,726.4,720.75,-0.29,12.94,12.95,13.11,12.87,-0.31,72.01,56.18,72.9,
9/18/2007,723.8,717.4,724.5,712,0.84,12.98,12.76,13.06,12.67,1.49,98.49,104.73,98.28,
9/17/2007,717.8,706.7,720.05,706.4,1.51,12.79,12.5,12.83,12.5,1.99,44.76,0,74.45,
9/14/2007,707.1,708,717.4,704.2,-0.21,12.54,12.49,12.78,12.42,0.08,85.01,111.05,63.38,
9/13/2007,708.6,711.3,712.5,703.8,-0.46,12.53,12.59,12.66,12.37,-0.71,124.08,172.6,91.18,
9/12/2007,711.9,712.2,714.4,705.7,-0.11,12.62,12.68,12.78,12.48,-0.63,99.83,90.48,100.62,
9/11/2007,712.7,702.6,714.5,702.3,1.39,12.7,12.52,12.79,12.46,1.44,105.62,76.58,138.39,
9/10/2007,702.9,700.4,707,699.3,0.3,12.52,12.53,12.7,12.39,-0.16,122.55,129.36,101.91,
9/7/2007,700.8,696.3,707.4,692.2,0.76,12.54,12.42,12.7,12.35,1.05,109.41,145.43,80.87,
9/6/2007,695.5,681.6,698,681.05,2.02,12.41,12.25,12.54,12.18,1.64,100.21,77.7,101.85,
9/5/2007,681.7,682.4,683.5,678.5,-0.06,12.21,12.28,12.37,12.1,-0.49,91.66,94.53,89.36,
9/4/2007,682.1,672.9,683.8,671.6,1.45,12.27,12.11,12.38,11.99,1.24,115.38,141,99.04,
9/3/2007,672.35,673.25,673.75,671.25,-0.1,12.12,12.09,12.17,12.03,0.5,161.81,179.23,164.45,
8/31/2007,673,665,674.7,664.7,1.19,12.06,11.76,12.12,11.76,2.2,77.52,77.28,74.38,
8/30/2007,665.1,667.7,668.1,663.5,-0.36,11.8,11.88,11.93,11.71,-0.76,81.22,75.19,91.66,
8/29/2007,667.5,662.2,669.05,661.8,0.74,11.89,11.73,11.94,11.68,1.02,74.04,89.86,58.89,
8/28/2007,662.6,667.1,668.5,662.2,-0.75,11.77,11.72,11.91,11.66,0.17,83.41,102.95,66.06,
8/27/2007,667.6,668.9,668.9,665.8,-0.12,11.75,11.93,11.98,11.71,-1.76,75.39,123.78,36.87,
8/24/2007,668.4,660.35,669.5,657.65,1.29,11.96,11.73,12.02,11.57,2.22,77.18,92.33,66.74,
8/23/2007,659.9,660.8,665.45,658.65,-0.18,11.7,11.63,11.89,11.61,0.6,58.58,52.56,58.45,
8/22/2007,661.1,657.6,662.2,654.9,0.55,11.63,11.53,11.85,11.5,0.61,76.27,105.78,44.12,
8/21/2007,657.5,658.6,660.1,654.5,-0.11,11.56,11.75,11.85,11.44,-1.62,60.49,63.85,47.34,
8/20/2007,658.2,656.6,660.6,653.6,0.15,11.75,11.76,11.97,11.62,0.17,111.35,126.86,99.2,
8/17/2007,657.2,650.3,663.8,645.8,0.67,11.73,11.74,12,11.45,-0.68,82.18,94.53,63.08,
8/16/2007,652.8,667.4,668.2,641.5,-2.22,11.81,12.47,12.56,11.03,-5.52,106,123.29,93.04,
8/15/2007,667.6,669.5,671.1,662.4,-0.24,12.5,12.69,12.79,12.32,-1.65,109.51,150.11,108.13,
8/14/2007,669.2,669.2,671.7,666.15,-0.03,12.71,12.76,12.88,12.66,-0.63,66.85,81.45,61.76,
8/13/2007,669.4,672.4,673.1,668.5,-0.51,12.79,12.83,12.89,12.72,-0.54,84.72,84.46,91.58,
8/10/2007,672.8,666.4,676.9,658.5,1.69,12.86,12.62,13.03,12.57,1.58,102.69,125.49,71.62,
8/9/2007,661.6,674.8,674.8,659.9,-1.93,12.66,13.08,13.16,12.59,-3.51,75.63,78.41,70.43,
8/8/2007,674.6,672.2,677,669.9,0.33,13.12,13.05,13.19,12.99,0.23,92.29,105.15,98.67,
8/7/2007,672.4,672.1,673.15,666.6,0.09,13.09,12.97,13.14,12.87,0.85,127.12,178.91,118.14,
8/6/2007,671.8,672.9,676.8,669.1,-0.22,12.98,13.07,13.16,12.87,-0.61,104.24,123.17,89.89,
8/3/2007,673.3,665.7,674.6,665.2,1.25,13.06,12.95,13.16,12.92,0.69,122.34,143.85,114.77,
8/2/2007,665,667.5,667.65,662.8,-0.34,12.97,12.97,13.05,12.88,0,95.07,106.62,88.93,
8/1/2007,667.3,663.4,667.5,659.4,0.57,12.97,12.83,13.04,12.69,1.01,124.14,149.81,108.66,
7/31/2007,663.5,665.2,669.2,663.5,-0.26,12.84,12.88,13.04,12.82,-0.31,129.9,115.87,130.76,
7/30/2007,665.2,661.1,665.9,660.2,0.57,12.88,12.63,12.91,12.63,1.34,97.77,124.76,78.05,
7/27/2007,661.4,663.1,667.4,657.3,-0.05,12.71,12.81,12.96,12.59,-0.63,108.05,129.26,97.55,
7/26/2007,661.7,675.6,677,660.75,-2.01,12.79,13.1,13.19,12.68,-2.52,124.33,135.75,123.08,
7/25/2007,675.3,682.2,682.2,670.9,-1.01,13.12,13.24,13.29,13.02,-0.98,91.58,100.74,105.03,
7/24/2007,682.2,681.9,687.5,681.3,0.12,13.25,13.24,13.5,13.2,0,82.63,64.47,83.65,
7/23/2007,681.4,684.1,685.1,680.55,-0.34,13.25,13.3,13.41,13.22,-0.38,128.36,140.35,137.73,
7/20/2007,683.7,677.6,686.4,675.4,0.86,13.3,13.23,13.43,13.22,0.38,89.44,70.06,100.94,
7/19/2007,677.9,673.1,677.9,671.4,0.74,13.25,13.17,13.31,13.14,0.3,82.13,90.97,86,
7/18/2007,672.9,664.6,674.3,664.6,1.22,13.21,12.88,13.27,12.88,2.32,154.23,193.86,144.97,
7/17/2007,664.8,665.2,667.45,662.4,-0.03,12.91,12.93,13.07,12.84,-0.23,113.13,133.93,82.31,
7/16/2007,665,666.4,668.9,664,-0.34,12.94,13.02,13.09,12.91,-0.77,176.56,150.87,181.77,
7/13/2007,667.3,666.8,668.85,663.7,-0.01,13.04,13.08,13.17,12.98,-0.38,150.71,183.98,158.57,
7/12/2007,667.4,660.4,669.45,660.4,0.95,13.09,12.89,13.13,12.85,1.55,98.02,109.22,86.3,
7/11/2007,661.1,663.7,666.3,660.1,-0.36,12.89,12.87,13.02,12.81,-0.31,116.34,135.32,91.37,
7/10/2007,663.5,660.4,665.2,659,0.5,12.93,12.69,13,12.68,1.73,133.91,119.45,146.52,
7/9/2007,660.2,656.4,663.2,653.8,0.66,12.71,12.74,12.88,12.64,0,152.3,160.27,154.79,
7/6/2007,655.9,649.5,656.2,645.4,0.94,12.71,12.46,12.78,12.33,1.68,121.86,172.63,80,
7/5/2007,649.8,654.1,656.85,646.1,-0.67,12.5,12.62,12.7,12.39,-1.26,144.6,144.15,142.1,
7/4/2007,654.2,653.1,655.15,653.1,0.11,12.66,12.59,12.66,12.56,0.56,159.69,229.54,104.99,
7/3/2007,653.5,656.9,658.3,652.2,-0.59,12.59,12.61,12.7,12.45,-0.24,153.22,174.57,145.61,
7/2/2007,657.35,651.5,659.55,648.85,1.19,12.62,12.45,12.67,12.4,1.69,153.72,168.57,140.6,
6/29/2007,649.65,648.85,652.95,646.85,0.14,12.41,12.46,12.57,12.3,-0.48,114.13,145.86,68.13,
6/28/2007,648.75,642.75,650.4,641.75,0.78,12.47,12.21,12.6,12.21,1.46,59.1,70.7,39.31,
6/27/2007,643.75,643.05,645.35,639.65,0.54,12.29,12.27,12.37,12.11,0.66,91.4,100.55,99.59,
6/26/2007,640.3,652,652,640.2,-1.7,12.21,12.86,12.9,12.13,-4.98,75.52,75.29,62.8,
6/25/2007,651.4,654.2,654.9,649,-0.45,12.85,13.01,13.09,12.8,-1.61,76.66,104.58,53.68,
6/22/2007,654.35,651.85,656.95,650.95,0.37,13.06,13.08,13.18,12.97,-0.38,69.58,96.51,35.22,
6/21/2007,651.95,654.75,657.2,648.25,-0.5,13.11,13.16,13.25,12.95,-0.61,75.82,81.4,72.74,
6/20/2007,655.25,661.45,662.1,655.15,-0.92,13.19,13.3,13.39,13.13,-1.12,121.96,164.3,71.26,
6/19/2007,661.35,655.95,662.15,653.95,0.76,13.34,13.18,13.34,13.09,0.98,123.07,136.32,96.65,
6/18/2007,656.35,655.65,659.8,655.05,0.09,13.21,13.24,13.37,13.16,-0.23,143.53,180.75,125.63,
6/15/2007,655.75,652.35,656.2,650.25,0.58,13.24,13.11,13.25,13.03,0.76,93.22,92.94,82.69,
6/14/2007,651.95,651.35,654.75,646.6,0.17,13.14,13.09,13.2,12.93,0.31,106.19,147.03,73.58,
6/13/2007,650.85,647.95,653.1,643.65,0.56,13.1,13,13.21,12.79,0.61,116.84,125.92,99.78,
6/12/2007,647.25,653.55,655.15,646.15,-0.99,13.02,13.19,13.25,12.98,-1.36,109.48,112.66,99.84,
6/11/2007,653.75,649.35,655.55,648.95,0.8,13.2,13.06,13.26,13,0.69,84.12,71.88,79.94,
6/8/2007,648.55,659.25,661.85,645.15,-1.65,13.11,13.42,13.52,12.91,-2.53,119.37,95.2,134,
6/7/2007,659.45,670.65,673.15,658.55,-1.7,13.45,13.68,13.77,13.39,-1.9,123.13,137.72,109.88,
6/6/2007,670.85,670.35,672.75,665.35,0.1,13.71,13.76,13.82,13.59,-0.44,127.91,143.87,125.45,
6/5/2007,670.15,671.75,674.7,669.45,-0.16,13.77,13.67,13.81,13.63,0.51,123.09,137.15,114.39,
6/4/2007,671.25,671.55,674.65,668.75,-0.03,13.7,13.67,13.81,13.6,0.15,176.07,212.27,190.67,
6/1/2007,671.45,662.2,672.7,660.85,1.59,13.68,13.43,13.71,13.41,1.86,111.09,60.41,151.16,
5/31/2007,660.95,653.2,662.7,653.2,1.12,13.43,13.15,13.52,13.14,2.05,111.73,132.46,85.37,
5/30/2007,653.65,656.4,659.55,652.35,-0.47,13.16,13.13,13.21,13.02,0,159.36,141.96,186.08,
5/29/2007,656.75,656.2,662.6,654.25,0.17,13.16,12.93,13.25,12.89,1.7,87.06,90.93,96.53,
5/28/2007,655.65,655.5,658.85,653.85,-0.08,12.94,12.93,13,12.87,-0.15,73.4,78.05,73.24,
5/25/2007,656.15,654.45,657.55,653.75,0.21,12.96,12.83,12.99,12.81,0.86,125.07,114.57,134.91,
5/24/2007,654.75,661.85,663.25,652.05,-1,12.85,13.04,13.1,12.76,-1.38,104.38,128.54,91.9,
5/23/2007,661.35,659.85,665.45,657.75,0.35,13.03,12.93,13.14,12.87,0.62,115.04,161.91,61.9,
5/22/2007,659.05,662.95,665.25,658.05,-0.65,12.95,13.04,13.12,12.9,-0.92,91.92,133.93,52.91,
5/21/2007,663.35,662.75,664.55,657.35,0.26,13.07,12.95,13.12,12.82,0.93,82.52,117.52,45.75,
5/18/2007,661.65,657.95,663.15,656.25,0.59,12.95,12.84,13.02,12.76,0.7,124.65,136.69,119.2,
5/17/2007,657.75,662.65,665.25,654.15,-0.66,12.86,12.89,12.96,12.68,-0.39,93.87,66.41,110.78,
5/16/2007,662.15,672.55,673.95,660.15,-1.49,12.91,13.2,13.23,12.82,-2.2,105.69,118.53,82.39,
5/15/2007,672.15,669.75,674.25,665.25,0.33,13.2,13.15,13.28,12.98,0.3,92.66,100.07,77.05,
5/14/2007,669.95,671.55,675,666.25,-0.16,13.16,13.21,13.25,13.02,-0.38,99.3,110.87,79.27,
5/11/2007,671.05,666.35,673.25,664.85,0.69,13.21,13.02,13.31,12.93,1.46,100.76,119.29,78.55,
5/10/2007,666.45,680.65,681.65,664.75,-2.09,13.02,13.39,13.41,12.98,-2.69,109.9,93.91,104.44,
5/9/2007,680.65,685.25,687.35,676.25,-0.69,13.38,13.47,13.54,13.16,-1.04,108.61,81.21,124.18,
5/8/2007,685.35,689.25,689.45,682.35,-0.45,13.52,13.49,13.64,13.28,0,75.98,68.17,94.77,
5/7/2007,688.45,688.55,691.55,686.95,-0.04,13.52,13.43,13.59,13.41,0.6,75,99.69,48.51,
5/4/2007,688.75,682.55,691.4,680.9,0.94,13.44,13.4,13.62,13.34,0.22,88,112.79,62.72,
5/3/2007,682.35,672.75,682.95,671.95,1.41,13.41,13.19,13.45,13.18,1.44,57.91,69.28,67.42,
5/2/2007,672.85,673.95,675.25,667.55,-0.07,13.22,13.25,13.38,13,-0.38,72.09,75.29,62.8,
5/1/2007,673.35,678.45,680.5,671.75,-0.72,13.27,13.36,13.47,13.11,-1.04,140.07,216.43,75.71,
4/30/2007,678.25,681.45,682.15,676.05,-0.4,13.41,13.55,13.59,13.34,-0.96,112.43,184.13,33.39,
4/27/2007,680.95,674.65,682.15,670.95,0.89,13.54,13.32,13.59,13.18,1.65,87.09,99.23,72.42,
4/26/2007,674.95,685.55,687.15,671.4,-1.56,13.32,13.78,13.84,13.17,-3.55,64.66,93.77,48.88,
4/25/2007,685.65,683.65,686.95,682.05,0.34,13.81,13.75,13.89,13.64,0.44,119.01,171.38,65.98,
4/24/2007,683.35,689.55,691.95,681.15,-0.83,13.75,14.01,14.09,13.7,-2,70.28,63.69,69.06,
4/23/2007,689.05,693.25,693.85,686.85,-0.33,14.03,13.95,14.12,13.82,0.65,48.24,80.15,26.74,
4/20/2007,691.35,683.85,693.85,682.85,1.27,13.94,13.67,13.99,13.66,1.75,99.76,93.6,107.35,
4/19/2007,682.65,689.65,691.75,678.95,-1,13.7,13.97,14.05,13.55,-1.93,62.2,75.48,44.97,
4/18/2007,689.55,686.65,690.95,685.95,0.25,13.97,13.89,14.08,13.87,0.14,63.76,60.54,75.74,
4/17/2007,687.85,690.25,691.05,686.05,-0.39,13.95,14.03,14.1,13.85,-0.64,88.64,117.82,70.98,
4/16/2007,690.55,686.25,691.25,683.45,0.72,14.04,14.05,14.13,13.8,-0.14,114.48,117.81,110.55,
4/13/2007,685.6,676.5,686.3,675.9,1.42,14.06,13.84,14.13,13.8,1.37,80.65,65.51,89.42,
4/12/2007,676,677.5,680.3,671.6,-0.19,13.87,13.8,13.95,13.66,0.22,86.15,83.11,92.43,
4/11/2007,677.3,677.8,681.1,674.5,0,13.84,13.87,14.02,13.7,-0.29,96.6,93.2,103.65,
4/10/2007,677.3,671.5,681.8,671.1,0.98,13.88,13.72,14.03,13.7,0.8,81.49,56.51,94.27,
4/9/2007,670.75,674,678.05,669.5,-0.56,13.77,13.65,13.86,13.61,0.36,65.6,57.22,68.18,
4/6/2007,674.5,674,674.7,673.25,0.01,13.72,13.68,13.72,13.68,0.07,106.97,144.48,68.86,
4/5/2007,674.45,674.45,675.65,671.65,-0.01,13.71,13.63,13.75,13.53,0.66,96.19,77.91,104.98,
4/4/2007,674.5,665.1,676.3,663.6,1.58,13.62,13.36,13.68,13.36,1.72,62.94,46.23,71.62,
4/3/2007,664,664.8,668,662.3,0.02,13.39,13.26,13.51,13.21,0.75,104.33,104.01,92.18,
4/2/2007,663.9,665.7,666.3,656.7,0.05,13.29,13.39,13.46,12.97,-0.67,82.9,64.68,101.91,
3/30/2007,663.6,661.8,668.4,660.9,0.35,13.38,13.26,13.42,13.25,0.68,93.81,70.14,107.26,
3/29/2007,661.3,666.7,666.7,655.3,-0.65,13.29,13.36,13.38,13.11,-0.52,102.86,78.41,120.75,
3/28/2007,665.6,664.9,670,663.8,0.23,13.36,13.3,13.5,13.22,0.53,103.88,109.31,100.77,
3/27/2007,664.1,664.1,666.1,661.8,0.05,13.29,13.35,13.44,13.17,-0.67,129.02,109.33,134.1,
3/26/2007,663.8,657.75,665.6,657.3,1.02,13.38,13.18,13.41,13.18,1.67,105.22,79.58,114.65,
3/23/2007,657.1,663.9,664.7,655.5,-1.01,13.16,13.42,13.43,13.07,-2.01,76.49,93.85,53.82,
3/22/2007,663.8,664.1,667.1,662.3,-0.06,13.43,13.35,13.52,13.31,0.45,92.09,120.66,70.01,
3/21/2007,664.2,658.5,664.3,657.2,0.9,13.37,13.32,13.39,13.12,0.6,65.08,38.93,81.17,
3/20/2007,658.3,654.5,661.1,652.9,0.7,13.29,13.17,13.43,13.13,0.99,95.02,52.26,136.23,
3/19/2007,653.7,653.2,656.75,652.1,0.12,13.16,13.09,13.25,13,0.3,66.38,79.42,49.68,
3/16/2007,652.9,646.9,655.6,646.2,0.93,13.12,12.97,13.19,12.95,0.92,122.03,94.95,138.59,
3/15/2007,646.9,644,650.25,643.5,0.43,13,12.83,13.11,12.8,1.64,104.12,49.17,141.26,
3/14/2007,644.1,643.3,646.2,637,0.09,12.79,12.76,12.85,12.57,0.31,104.48,85.78,122.65,
3/13/2007,643.5,650.5,652.2,643.4,-1.18,12.75,12.98,13.02,12.72,-2.15,79.58,99.17,66.17,
3/12/2007,651.2,649.25,654.25,646.1,0.14,13.03,12.85,13.09,12.82,0.62,58.97,34.58,80.76,
3/9/2007,650.27,651.58,658.38,649.48,-0.16,12.95,12.94,13.12,12.77,-0.08,91.28,99.81,78.35,
3/8/2007,651.3,649.5,656.2,647.6,0.83,12.96,12.96,13.16,12.9,-0.08,63.33,82.35,50.37,
3/7/2007,645.95,646.25,650.85,642.85,-0.21,12.97,12.88,13.04,12.77,0.15,135.92,163.86,99.88,
3/6/2007,647.3,636.3,648,632.8,1.81,12.95,12.61,12.96,12.56,2.61,100.38,103.3,96.93,
3/5/2007,635.8,643.8,645.2,633.5,-1.11,12.62,12.89,12.96,12.38,-2.25,124.79,113.09,113.2,
3/2/2007,642.95,664.85,665.85,640.15,-3.25,12.91,13.6,13.77,12.71,-5.14,127.29,118.05,118.16,
3/1/2007,664.55,669.55,677.55,661.55,-0.81,13.61,14.11,14.33,13.43,-3.88,99.48,107.22,89.43,
2/28/2007,669.95,679.35,679.35,660.35,-1.48,14.16,14.14,14.41,13.95,0.21,125.11,166.31,94.13,
2/27/2007,680,687.1,689.7,675.3,-1.07,14.13,14.67,14.75,14.05,-4.07,89.62,121.25,74.52,
2/26/2007,687.35,681.65,689.35,681.65,0.66,14.73,14.56,14.75,14.48,1.17,103.16,99.03,108.02,
2/23/2007,682.85,677.55,688.55,673.05,0.75,14.56,14.18,14.66,14.16,2.39,126.84,94.1,142.26,
2/22/2007,677.75,678.1,681.25,676.05,-0.22,14.22,14.19,14.34,14.13,-0.21,84.52,59.8,108.82,
2/21/2007,679.25,657.45,682.45,657.25,3.11,14.25,13.82,14.34,13.64,2.96,101.5,122.65,76.73,
2/20/2007,658.75,670.85,672.15,655.75,-1.91,13.84,13.97,14.04,13.65,-1.35,128.34,124.49,121.14,
2/19/2007,671.55,669.35,673.55,667.85,0.37,14.03,13.95,14.05,13.9,0.5,78.77,66.13,82.74,
2/16/2007,669.05,670.05,670.05,662.9,-0.04,13.96,13.94,14.03,13.8,0,96.89,108.67,85.61,
2/15/2007,669.35,668.75,670.85,662.55,0.03,13.96,13.99,14.08,13.8,-0.43,111.82,128.19,102.28,
2/14/2007,669.15,664.35,672.2,663.75,0.72,14.02,13.83,14.11,13.82,1.01,122.08,105.25,126.2,
2/13/2007,664.35,660.8,668.6,660.8,0.35,13.88,13.64,13.96,13.58,1.46,95.68,52.63,131.69,
2/12/2007,662.05,667.95,668.55,660,-0.69,13.68,13.87,13.93,13.48,-1.44,101.93,94.35,115.02,
2/9/2007,666.65,660.55,668.15,657.15,0.89,13.88,13.76,13.96,13.72,0.65,95.58,77.42,104.32,
2/8/2007,660.75,651.65,660.95,648.05,1.4,13.79,13.59,13.86,13.46,1.17,76.15,75.92,67.84,
2/7/2007,651.65,653.55,656.85,651.55,-0.32,13.63,13.6,13.79,13.57,0,126.07,113.12,141.53,
2/6/2007,653.75,648.35,658.75,648.25,0.8,13.63,13.46,13.85,13.4,1.19,88.7,54.42,113.47,
2/5/2007,648.55,648.35,652.25,646.45,0.05,13.47,13.38,13.54,13.26,0.45,77.99,74.04,74.11,
2/2/2007,648.25,657.15,659.85,643.15,-1.44,13.41,13.61,13.7,13.22,-1.83,139.13,76.73,172.31,
2/1/2007,657.7,653,662,652.2,0.69,13.66,13.49,13.79,13.48,0.89,77.85,74.93,80.36,
1/31/2007,653.2,647.2,655.2,642.6,0.9,13.54,13.31,13.68,13.21,1.35,96.6,80.77,114.02,
1/30/2007,647.4,643.8,647.5,641.3,0.67,13.36,13.15,13.42,13.05,1.52,109.75,79.58,132.75,
1/29/2007,643.1,646.3,648.2,641.2,-0.54,13.16,13.31,13.43,13.13,-1.5,60.23,49.45,64.81,
1/26/2007,646.6,646.2,648.4,641.1,0.08,13.36,13.28,13.46,13.13,0.15,79.57,58.76,88.22,
1/25/2007,646.1,648.6,654.5,645.7,-0.37,13.34,13.21,13.55,13.16,0.83,110.7,99.32,115.06,
1/24/2007,648.5,646.7,649.1,639,0.29,13.23,13.2,13.29,13.01,-0.15,110.32,101.06,119.01,
1/23/2007,646.6,633.25,648,633.1,2.16,13.25,12.9,13.27,12.86,2.63,113.76,120.09,100.16,
1/22/2007,632.9,635.75,640.1,632.7,-0.41,12.91,12.82,13.15,12.74,0.39,116.96,75.22,163.14,
1/19/2007,635.5,627,636.5,626.9,1.19,12.86,12.61,12.88,12.59,1.74,66.13,29.97,94.98,
1/18/2007,628,631.8,636.9,627,-0.62,12.64,12.77,12.96,12.57,-1.25,127.82,119.3,122.12,
1/17/2007,631.9,625,634.3,620.7,1.04,12.8,12.53,12.93,12.35,1.67,128.29,177.09,93,
1/16/2007,625.4,626.5,628.2,622.9,-0.21,12.59,12.85,12.91,12.52,-2.25,81.84,85.13,71.01,
1/15/2007,626.7,626.2,628.3,624.5,-0.03,12.88,12.83,12.96,12.78,0.08,110.56,76.31,134.37,
1/12/2007,626.9,611.75,627.7,610.1,2.45,12.87,12.32,12.88,12.28,4.13,160.66,192.2,126.31,
1/11/2007,611.9,611.6,616.25,609.2,0.03,12.36,12.34,12.56,12.29,-0.08,101.63,109.53,95.93,
1/10/2007,611.7,613.6,614.5,606.2,-0.29,12.37,12.47,12.52,12.16,-0.8,153.24,188.52,113.87,
1/9/2007,613.5,609.8,616.2,606.5,0.59,12.47,12.27,12.54,12.15,1.46,106.03,76.87,128.24,
1/8/2007,609.9,608.75,610.1,604.4,0.41,12.29,12.15,12.36,12,0.66,106.46,138.79,88.53,
1/5/2007,607.4,622,626.5,602.2,-2.35,12.21,12.57,12.76,12.03,-3.25,88.2,84.68,86.93,
1/4/2007,622,627.5,630.7,622,-0.91,12.62,12.54,12.86,12.35,0.48,85.41,121.63,40.58,
1/3/2007,627.7,640.5,645.4,625.3,-2,12.56,13.16,13.2,12.49,-4.7,76.7,101.95,42.52,
1/2/2007,640.5,637.3,641.3,636.3,0.58,13.18,12.84,13.21,12.84,2.17,114.67,110.08,105.94,
12/29/2006,636.8,634.8,636.8,632.3,0.28,12.9,12.83,12.94,12.76,0.31,92.77,77.07,102.85,
12/28/2006,635,627.3,635.7,626.75,1.23,12.86,12.75,12.89,12.72,0.55,102.45,113.48,94.66,
12/27/2006,627.3,624.8,629.6,624.2,0.38,12.79,12.64,12.88,12.62,1.03,73.61,51.8,93.62,
12/26/2006,624.9,622.6,630,622.5,0.67,12.66,12.61,12.79,12.6,0.56,125.63,92.28,131.95,
12/25/2006,620.75,620.75,621.25,620.25,-0.04,12.59,12.55,12.6,12.54,-0.08,137.21,117.24,146.69,
12/22/2006,621,618.6,621.7,618.25,0.4,12.6,12.36,12.61,12.34,1.69,81.21,67.46,95.66,
12/21/2006,618.5,620.5,622.75,618.2,-0.35,12.39,12.44,12.6,12.32,-0.64,93.31,74.42,113.8,
12/20/2006,620.65,622.95,624.75,619.35,-0.34,12.47,12.62,12.79,12.4,-1.42,91.75,88.32,99.97,
12/19/2006,622.75,616.35,622.95,615.35,1.1,12.65,12.44,12.73,12.3,1.52,136.38,100.18,173.09,
12/18/2006,615.95,615.65,618.75,612.05,0.11,12.46,12.86,13,12.27,-3.04,83.86,76,76.07,
12/15/2006,615.25,625.65,629.65,614.95,-1.73,12.85,13.74,13.86,12.77,-6.75,80.49,67.9,82.38,
12/14/2006,626.05,628.75,629.55,625.55,-0.49,13.78,13.77,13.88,13.7,-0.14,74.16,82.15,59.38,
12/13/2006,629.15,630.15,630.85,623.75,-0.14,13.8,13.83,13.9,13.55,-0.43,126.17,64.35,165.9,
12/12/2006,630.05,630.35,631.5,627.05,-0.06,13.86,13.82,13.92,13.76,0.29,93.54,64.31,112.65,
12/11/2006,630.45,625.15,631.05,623.35,0.85,13.82,13.65,13.92,13.6,0.95,81.17,77.07,77.14,
12/8/2006,625.15,634.15,638.55,625.15,-1.17,13.69,13.89,14.02,13.65,-1.51,104.24,103.92,96.31,
12/7/2006,632.55,631.25,632.85,625.65,0.16,13.9,13.56,13.94,13.42,2.06,72.95,53.87,80.88,
12/6/2006,631.55,643.65,643.65,629.95,-1.93,13.62,13.8,13.86,13.51,-1.59,85.8,67.21,91.73,
12/5/2006,643.95,646.45,649.25,638.95,-0.3,13.84,14.08,14.2,13.77,-1.98,150.87,124.25,169.09,
12/4/2006,645.9,645.25,648.2,640.9,0.02,14.12,14.03,14.12,13.92,0.71,86.98,79.49,90.41,
12/1/2006,645.8,648,650,643.9,-0.39,14.02,13.94,14.09,13.8,0.36,96.57,75.85,107.07,
11/30/2006,648.3,636.5,649,636.5,1.84,13.97,13.51,14,13.5,2.95,78.8,106.62,56.17,
11/29/2006,636.6,639.7,640.9,635,-0.53,13.57,13.71,13.8,13.5,-1.17,97.79,97.49,86.4,
11/28/2006,640,640.8,642.2,632.7,-0.2,13.73,13.46,13.73,13.38,1.7,77.74,87.61,67.46,
11/27/2006,641.3,639,642.25,637.2,0.49,13.5,13.38,13.59,13.37,0.37,103.98,133.28,67.94,
11/24/2006,638.2,631,640.3,631,1.1,13.45,13.11,13.51,13.08,2.52,78.2,81.08,72.83,
11/23/2006,631.25,630.3,631.8,629,0.17,13.12,13.02,13.14,13.02,0.38,116.91,123.03,91.82,
11/22/2006,630.2,627.6,634.9,626.4,0.51,13.07,13.02,13.25,12.95,0.23,72.22,68.86,78.33,
11/21/2006,627,623,629.6,622.25,0.69,13.04,12.72,13.12,12.68,2.27,70.41,53.48,89.21,
11/20/2006,622.7,621.5,627,620.9,0.11,12.75,12.8,12.98,12.7,-0.39,118.44,103.31,135.42,
11/17/2006,622,618.9,622.7,614.8,0.53,12.8,12.77,12.88,12.57,-0.62,56.63,45.16,65.92,
11/16/2006,618.7,623,628.6,618.2,-0.63,12.88,12.87,13.15,12.76,-0.08,114.13,88.8,124.99,
11/15/2006,622.6,621,625.5,615.8,0.27,12.89,12.76,13.05,12.47,0.7,107.25,79.43,127.41,
11/14/2006,620.9,625.6,629.4,619.5,-0.83,12.8,12.86,13.02,12.69,-0.62,137.76,112.37,151,
11/13/2006,626.1,629.1,632.9,620.8,-0.41,12.88,13,13.1,12.66,-1.15,122.42,129.22,107.78,
11/10/2006,628.7,633.4,637,626.5,-0.79,13.03,13.01,13.18,12.83,-0.08,114.9,145.28,83.89,
11/9/2006,633.7,615.9,636,615.4,2.91,13.04,12.41,13.05,12.4,4.57,89.81,138.13,55.47,
11/8/2006,615.77,625.27,626.98,613.27,-1.46,12.47,12.57,12.71,12.39,-1.03,77.04,88.61,59.13,
11/7/2006,624.9,623.1,629.4,622.2,0.29,12.6,12.61,12.72,12.5,-0.32,52.32,52.16,43.51,
11/6/2006,623.1,626.5,629.9,622.9,-0.78,12.64,12.54,12.78,12.42,0.24,47.64,51.14,54.85,
11/3/2006,628,624,629,617.5,0.71,12.61,12.55,12.68,12.29,0.48,113.83,56.74,160.92,
11/2/2006,623.6,617.5,625.9,614.5,0.89,12.55,12.41,12.62,12.32,0.72,113.77,89.68,123.2,
11/1/2006,618.1,606.4,619.2,605.7,1.9,12.46,12.25,12.54,12.23,1.47,143.61,101.81,159.22,
10/31/2006,606.6,604.5,607.8,598.5,0.35,12.28,12.08,12.29,11.9,1.32,146.34,132.63,149.34,
10/30/2006,604.5,599,611,598.7,0.74,12.12,12,12.28,12,0.58,79.78,90.89,69.49,
10/27/2006,600.05,596.95,600.05,592.15,0.59,12.05,12.12,12.19,11.96,-0.74,91.04,70.26,92.79,
10/26/2006,596.55,591.75,599.25,590.45,0.83,12.14,11.93,12.25,11.87,1.59,100.3,81.07,112.7,
10/25/2006,591.65,585.25,591.65,580.35,1.25,11.95,11.75,11.95,11.65,1.19,130.08,108.57,140.87,
10/24/2006,584.35,581.75,584.45,573.85,0.4,11.81,11.66,11.81,11.28,0.94,125.92,135.18,112.76,
10/23/2006,582.05,590.75,593.25,579.85,-1.66,11.7,11.75,11.9,11.57,-1.6,110.42,159.42,63.32,
10/20/2006,591.9,600.3,602.7,591.8,-1.23,11.89,12.06,12.1,11.8,-1.74,97.68,97.38,95.56,
10/19/2006,599.3,589.7,600.8,586.7,1.59,12.1,11.76,12.11,11.54,2.63,118.4,137.26,100.75,
10/18/2006,589.9,590.1,595.5,587.4,-0.08,11.79,11.68,11.9,11.64,0.68,109.31,133.18,126.24,
10/17/2006,590.4,597.25,598,585.9,-0.94,11.71,11.85,11.94,11.55,-1.35,151.89,148.2,182.74,
10/16/2006,596,591,596.3,590.25,1.02,11.87,11.63,11.88,11.53,2.06,160.47,144.74,190.62,
10/13/2006,590,578.5,590.8,577.4,1.97,11.63,11.36,11.65,11.25,2.29,122.36,124.95,129.04,
10/12/2006,578.6,573,579,571.2,0.92,11.37,11.21,11.38,11.1,1.25,109,121.92,128.22,
10/11/2006,573.3,573.2,579.3,570.5,0.05,11.23,11.15,11.46,11,0.72,243.3,105.73,342.37,
10/10/2006,573,577.3,581.6,569.3,-0.64,11.15,11.29,11.43,11.05,-1.24,251.71,66.92,379.55,
10/9/2006,576.7,575.5,581.25,572,0.51,11.29,11.1,11.46,11.1,1.53,99.06,79,112.03,
10/6/2006,573.8,573.4,573.8,560.4,-0.03,11.12,11.04,11.13,10.78,0.18,110.72,101.43,124.41,
10/5/2006,574,567.5,574.75,562.5,1.31,11.1,10.79,11.14,10.68,2.78,122.69,79.77,137.5,
10/4/2006,566.6,574.5,581,559.9,-1.41,10.8,10.76,10.96,10.55,0,130.08,66.35,176.09,
10/3/2006,574.7,596,598.25,574.2,-3.44,10.8,11.45,11.56,10.75,-6.09,113,109.44,102.02,
10/2/2006,595.2,598.5,604.2,595.2,-0.52,11.5,11.43,11.75,11.43,0.52,108.42,134.18,105.7,
9/29/2006,598.3,601.25,604,595,-0.76,11.44,11.52,11.63,11.22,-1.04,114.73,134.91,102.74,
9/28/2006,602.9,602.6,607,600.9,0.42,11.56,11.62,11.79,11.49,-0.52,117.82,103.8,141.26,
9/27/2006,600.4,592.1,600.4,590,1.47,11.62,11.35,11.75,11.31,2.11,81.9,78.63,80.72,
9/26/2006,591.7,587,594.25,586.3,0.85,11.38,11.18,11.43,11.05,1.43,115.89,77.02,139.2,
9/25/2006,586.7,589.25,591.1,582.5,-0.27,11.22,11.11,11.29,11.01,0.63,76.28,72.42,78.53,
9/22/2006,588.3,585.5,593,584.5,0.68,11.15,11.15,11.39,11.04,0.54,105.72,76.12,126.98,
9/21/2006,584.3,576.7,584.3,574.75,1.34,11.09,10.87,11.11,10.79,1.74,112.56,149.62,89.14,
9/20/2006,576.6,573,586.8,572.8,0.17,10.9,10.77,11.17,10.67,0.93,124.62,75.12,159.05,
9/19/2006,575.65,588.05,589.25,575.65,-2.24,10.8,11.18,11.21,10.72,-3.23,155.81,149.12,165.84,
9/18/2006,588.85,581.35,589.25,578.55,1.55,11.16,10.8,11.16,10.73,2.86,111.98,129.65,84.11,
9/15/2006,579.85,576.85,581.85,571.95,0.54,10.85,10.69,10.94,10.42,1.21,97.17,105.68,83.25,
9/14/2006,576.75,589.85,595.75,576.75,-2.24,10.72,11.15,11.39,10.69,-4.2,119.7,105.45,124.99,
9/13/2006,589.95,587.95,593.35,579.35,0.37,11.19,10.98,11.27,10.87,1.54,108.21,89.9,109.98,
9/12/2006,587.75,590.75,599.75,584.65,-0.68,11.02,11.16,11.39,10.98,-0.9,120.99,156.48,97.89,
9/11/2006,591.75,610.15,611.15,583.35,-3.12,11.12,12.07,12.13,11.06,-8.33,140.72,144.08,120.17,
9/8/2006,610.8,617.2,619.75,606.7,-0.96,12.13,12.55,12.68,11.94,-3.5,149.08,160.51,158.68,
9/7/2006,616.7,633.5,636.5,615.3,-2.65,12.57,13.02,13.14,12.42,-3.68,81.12,107.83,62.96,
9/6/2006,633.5,638.5,640.75,633.1,-0.8,13.05,12.97,13.21,12.9,0.54,134.21,176.37,106.53,
9/5/2006,638.6,627.3,640.5,626.5,1.93,12.98,12.95,13.26,12.89,0.23,173.75,180.75,169.6,
9/4/2006,626.5,625.05,628,625.05,0.16,12.95,12.91,13.09,12.85,0,155.35,191.31,151.97,
9/1/2006,625.5,625.3,628.1,620.05,-0.22,12.95,12.87,12.96,12.64,0.39,159.05,134.17,162.78,
8/31/2006,626.9,619.1,627.6,618.1,1.15,12.9,12.51,12.93,12.4,2.95,100.82,103.38,114.97,
8/30/2006,619.75,614.75,621.55,612.85,1.14,12.53,12.23,12.55,12.11,2.79,110.31,77.63,134.89,
8/29/2006,612.75,614.35,618.25,607.55,-0.21,12.19,12.01,12.19,11.81,0.99,161.78,130.56,185.77,
8/28/2006,614.05,622.35,624.25,613.25,-1.48,12.07,12.38,12.47,11.93,-2.58,129.06,181.08,87.44,
8/25/2006,623.25,620.25,624.65,618.55,0.23,12.39,12.23,12.49,12.19,0.24,150.98,168.58,130.57,
8/24/2006,621.85,621.75,626.7,619.25,-0.08,12.36,12.43,12.64,12.25,-1.04,120.57,90.15,130.33,
8/23/2006,622.35,624.05,631.55,621.75,-0.27,12.49,12.21,12.71,12.15,1.79,160.06,138.76,162.03,
8/22/2006,624.05,628.15,629.25,620.85,-0.6,12.27,12.35,12.43,11.99,-1.13,180.15,153.94,214,
8/21/2006,627.8,614,628.5,613.8,2.08,12.41,12.01,12.47,12.01,2.99,156.4,135.93,180.08,
8/18/2006,615,613.8,619.15,607.4,0.08,12.05,11.92,12.13,11.81,0.58,154.88,201.67,131.42,
8/17/2006,614.5,628.7,632.1,613.7,-2.27,11.98,12.29,12.41,11.93,-2.84,137.4,178.67,114.25,
8/16/2006,628.8,624.8,632.8,624,0.61,12.33,12.04,12.43,12.04,2.24,134.43,137.46,131.85,
8/15/2006,625,626.4,628.7,621,-0.67,12.06,12.03,12.09,11.8,-0.25,239.73,304.17,223.5,
8/14/2006,629.2,633.4,633.4,623.9,-0.55,12.09,11.8,12.25,11.7,1.51,207.28,254.33,205.51,
8/11/2006,632.7,637.5,645.55,626.5,-0.39,11.91,12.11,12.38,11.78,-1.49,252.68,270.33,271.61,
8/10/2006,635.17,650.48,654.12,634.27,-2.38,12.09,12.46,12.69,12.03,-3.74,143.48,155.48,129.68,
8/9/2006,650.65,644.25,655.3,636.5,1.07,12.56,12.15,12.62,11.89,2.87,156.93,217.66,107.8,
8/8/2006,643.75,647.75,650,641.25,-0.65,12.21,12.25,12.37,12.05,-0.49,150.05,138.08,172.76,
8/7/2006,647.98,644.17,652.17,644.17,0.24,12.27,12.36,12.48,12.24,-0.73,171.41,153.8,192.42,
8/4/2006,646.45,645.35,654.85,643.75,0.22,12.36,12.05,12.61,12.01,2.15,132.37,135.18,134.24,
8/3/2006,645.05,651.85,653.5,639.35,-0.91,12.1,12.1,12.23,11.96,-0.98,137.9,183.3,91.73,
8/2/2006,650.95,647.25,656.2,645.75,0.58,12.22,11.7,12.25,11.68,4.18,150.25,209.01,110.41,
8/1/2006,647.2,636,647.6,630.5,1.99,11.73,11.38,11.8,11.25,3.44,151.56,172.67,144.03,
7/31/2006,634.58,636.38,638.98,629.27,-0.21,11.34,11.4,11.49,11.22,-0.09,150.19,174.68,152.64,
7/28/2006,635.9,634.5,637.75,626.1,0.32,11.35,11.35,11.43,11.25,-0.18,180.03,191.44,164.67,
7/27/2006,633.88,624.12,640.88,624.12,1.88,11.37,11.05,11.52,11.05,2.9,115.32,137.96,100.69,
7/26/2006,622.17,618.88,623.27,613.27,0.44,11.05,10.92,11.11,10.73,1.01,165.11,171.46,154.46,
7/25/2006,619.45,615.25,624,610.15,1.14,10.94,10.85,11.06,10.75,0.46,141.11,189.91,99.74,
7/24/2006,612.48,620.88,621.12,601.98,-1.33,10.89,10.77,10.97,10.62,1.02,150.57,154.16,148.89,
7/21/2006,620.75,629.65,637.15,616.25,-1.34,10.78,10.95,11.29,10.69,-1.37,142.37,151.4,126.28,
7/20/2006,629.15,643.6,645.1,629.05,-2.01,10.93,11.1,11.34,10.89,-2.5,130.3,178.97,101.13,
7/19/2006,642.05,630.85,646.75,618.3,1.72,11.21,10.56,11.21,10.4,6.46,179.24,238.25,143.52,
7/18/2006,631.2,642.9,654.5,628.1,-1.86,10.53,10.89,11.2,10.41,-3.66,206.6,258.33,145.59,
7/17/2006,643.15,668.75,676.75,642.85,-3.31,10.93,11.48,11.79,10.86,-4.79,224.1,203.1,257.49,
7/14/2006,665.15,663.45,668.5,659.55,0.77,11.48,11.65,11.8,11.43,-1.63,171.88,105.93,228.68,
7/13/2006,660.05,650.85,661,644.75,1.35,11.67,11.54,11.75,11.33,0.78,180.89,191.61,164.52,
7/12/2006,651.25,641.05,656.05,639.75,1.54,11.58,11.5,11.85,11.31,0.43,154.59,150.97,157.4,
7/11/2006,641.35,624.15,643.75,621.75,2.77,11.53,11.02,11.64,10.98,3.97,149.44,170.26,147.93,
7/10/2006,624.05,630.25,632.75,620.75,-1.03,11.09,11.34,11.43,10.87,-2.38,161.29,148.42,171.94,
7/7/2006,630.55,633.65,637.75,627.75,-0.54,11.36,11.51,11.65,11.27,-1.82,151.52,130.32,163.05,
7/6/2006,633.95,628.85,635.5,622.75,0.88,11.57,11.35,11.66,11.25,1.31,172.96,64.29,248.64,
7/5/2006,628.45,622.35,630.85,617.85,1.04,11.42,11.2,11.48,11.18,1.69,114.97,93.13,131.45,
7/4/2006,622,624,624,617,-0.4,11.23,11.2,11.3,11.06,-0.62,147.32,142.67,175,
7/3/2006,624.5,618,625.55,617,1.86,11.3,10.95,11.32,10.95,2.63,82.81,123.84,41.32,
6/30/2006,613.1,597.4,615.9,597.35,2.53,11.01,10.7,11.14,10.57,2.61,133.72,139.37,136.46,
6/29/2006,598,580.4,598,579.4,3.07,10.73,10.19,10.73,10.19,4.79,98.39,141.69,63.64,
6/28/2006,580.2,579.5,586.8,576.9,-0.29,10.24,10.14,10.45,10.13,0.29,94.64,97.4,91.39,
6/27/2006,581.9,585.3,596.1,581.9,-0.61,10.21,10.26,10.68,10.18,-0.97,132.11,171.21,93.37,
6/26/2006,585.45,584.9,587.5,577.5,0.36,10.31,10.32,10.43,10.04,-0.39,108.67,112.07,99.71,
6/23/2006,583.35,580.85,586.45,571.85,0.46,10.35,10.16,10.39,9.98,1.17,131.73,175.11,100.41,
6/22/2006,580.65,587.35,595.15,580.35,-1.06,10.23,10.41,10.73,10.18,-2.29,112.62,76.67,132.47,
6/21/2006,586.85,575.1,590.55,570.55,1.8,10.47,10.3,10.59,10.13,1.75,107.32,144.59,77.18,
6/20/2006,576.5,565.5,576.7,561,1.29,10.29,9.9,10.31,9.78,3.52,139.97,124.03,139.66,
6/19/2006,569.15,580.35,580.45,566.05,-2.01,9.94,10.21,10.26,9.83,-3.31,114.1,139.43,85.7,
6/16/2006,580.85,570.35,585.35,567.35,1.9,10.28,10.1,10.4,9.83,2.29,96.51,130.17,80.25,
6/15/2006,570,560.55,576.8,554.25,1.9,10.05,9.55,10.27,9.47,4.25,114.03,149.73,74.01,
6/14/2006,559.35,564.35,571.45,543.35,-0.69,9.64,9.68,10.06,9.38,-0.1,125.99,165.42,71.55,
6/13/2006,563.25,604.75,605.05,562.45,-7.03,9.65,10.92,11.03,9.56,-12.03,90.46,93.29,72.62,
6/12/2006,605.85,603.85,611.75,602.85,-0.26,10.97,11.14,11.33,10.91,-2.05,84.54,68.96,95.86,
6/9/2006,607.45,613.35,617.45,601,-0.77,11.2,11.2,11.55,11.04,0.54,113.72,151.16,87.29,
6/8/2006,612.15,626.95,627.45,607.85,-2.36,11.14,11.88,11.93,11.08,-6.39,86.82,91.96,85.73,
6/7/2006,626.95,630.35,630.55,616.6,-0.51,11.9,11.88,12.01,11.35,-0.08,115.41,99.51,129.68,
6/6/2006,630.15,635.35,639.15,625.35,-1.13,11.91,12.25,12.3,11.57,-3.72,123.41,129.5,108.02,
6/5/2006,637.35,638.65,645.35,637.05,-0.13,12.37,12.16,12.41,12.08,1.73,85.32,81.36,74.03,
6/2/2006,638.2,629.3,639,618.9,1.37,12.16,11.98,12.32,11.76,1.08,98.02,51.73,148.63,
6/1/2006,629.6,643.3,645.4,621.3,-2.19,12.03,12.51,12.57,11.6,-4.07,118.31,69.04,148.76,
5/31/2006,643.7,653.1,659.7,638.9,-1.39,12.54,12.97,13.15,12.32,-3.83,52.93,61.1,41.7,
5/30/2006,652.8,651.8,665,648.6,0.35,13.04,12.78,13.43,12.65,1.72,74.69,52.12,86.95,
5/29/2006,650.5,653.15,654.1,646.4,-0.23,12.82,12.75,12.93,12.6,0.55,86.57,45.42,113.67,
5/26/2006,652,650.1,655.5,640.4,0.18,12.75,12.67,12.8,12.45,0.16,95.89,86.9,91.82,
5/25/2006,650.8,642.6,651.3,639,1.39,12.73,12.48,12.84,12.3,1.6,62.55,79.37,52.02,
5/24/2006,641.9,669.4,670.9,637.8,-4.41,12.53,12.99,13.2,12.42,-3.47,91.52,70.64,98.2,
5/23/2006,671.5,656.5,674,650.9,2.33,12.98,12.55,13.25,12.23,3.76,86.56,92.93,66.44,
5/22/2006,656.2,656.6,661.65,636.6,-0.21,12.51,12.44,12.56,11.9,0.64,91.61,73.06,109.69,
5/19/2006,657.6,683.9,688.9,651.4,-3.62,12.43,12.7,12.85,12.11,-2.05,79.36,76.19,83.1,
5/18/2006,682.3,686.9,694.5,678.8,-1.1,12.69,13.13,13.35,12.53,-3.72,78.34,83.67,65.14,
5/17/2006,689.9,688.9,716.4,685.7,0.04,13.18,13.51,14.1,12.85,-2.95,87.97,90.72,90.81,
5/16/2006,689.6,679,692.5,674.5,1.25,13.58,13.14,13.67,12.8,2.88,109.31,112.28,104.67,
5/15/2006,681.1,714.2,721,678.1,-4.71,13.2,14.36,14.52,13.1,-8.14,70.65,86.08,45.69,
5/12/2006,714.8,714.2,730.5,708.3,-0.63,14.37,14.65,15.1,14.13,-2.84,92.18,86.15,91.02,
5/11/2006,719.3,709.1,726.5,704.75,1.67,14.79,14.5,15.22,14.29,2.21,115.94,82.56,133.13,
5/10/2006,707.5,700.7,707.5,693.8,0.96,14.47,14.4,14.65,14.02,-0.21,118.42,76.58,138.39,
5/9/2006,700.8,679,701,677.75,3.24,14.5,13.91,14.58,13.64,3.87,105.06,39.27,141.96,
5/8/2006,678.8,685.2,685.2,670.5,-0.57,13.96,14.04,14.09,13.45,-0.29,128.15,123.89,116.25,
5/5/2006,682.7,678.5,684.6,675.3,0.78,14,13.94,14.14,13.69,0.07,91.86,68.68,105.02,
5/4/2006,677.4,667.9,677.9,660.9,1.48,13.99,13.69,14.3,13.48,1.75,83.42,80.48,76.08,
5/3/2006,667.5,668,676.8,660.5,-0.01,13.75,14.28,14.58,13.3,-3.98,96.45,84.14,100.25,
5/2/2006,667.6,654.5,667.7,653.5,1.44,14.32,13.7,14.33,13.65,2.65,106.17,155.24,52.97,
5/1/2006,658.1,654.6,661.6,652.4,0.55,13.95,13.66,14.07,13.65,1.68,99,113.87,94.98,
4/28/2006,654.5,634,655.8,633.9,3.23,13.72,12.66,13.95,12.43,8.03,89.53,86.55,90.24,
4/27/2006,634,639.4,643.5,627.7,-0.78,12.7,12.87,13.13,12.2,-1.17,129.06,148.68,119.24,
4/26/2006,639,630.7,640.9,628.6,1.38,12.85,12.5,12.97,12.36,2.23,129.79,135.27,127.55,
4/25/2006,630.3,621.2,635.1,619,1.45,12.57,12,12.7,11.91,4.92,128.02,159.53,122.42,
4/24/2006,621.3,639.5,639.5,619.2,-2,11.98,13.18,13.24,11.73,-7.7,104.02,119.65,93.15,
4/21/2006,634,610.65,634.4,610.6,3.04,12.98,11.94,12.98,11.6,5.19,71.95,40.17,86.15,
4/20/2006,615.3,639.7,646.15,608.2,-3.84,12.34,14.55,14.7,12.32,-15.94,90.29,78.76,107.93,
4/19/2006,639.9,621.8,640.3,621.4,2.94,14.68,14.06,14.68,13.87,5.38,99.25,92.76,98.01,
4/18/2006,621.6,614.2,622.1,612.5,1.24,13.93,13.44,13.93,13.37,3.72,132.8,154.45,110.43,
4/17/2006,614,600.4,615.8,600.4,2.37,13.43,13,13.43,13,3.63,139.61,134.96,126.64,
4/14/2006,599.8,596.75,599.8,595.75,0.55,12.96,12.85,12.96,12.84,1.33,60.97,64.83,67.6,
4/13/2006,596.5,598.5,598.8,590.9,-0.31,12.79,12.75,12.79,12.53,0.16,99.69,73.83,127.9,
4/12/2006,598.38,593.17,600.38,593.17,0.82,12.77,12.48,12.84,12.47,2.49,100.11,102.82,95.85,
4/11/2006,593.5,600.1,604.4,593.1,-1.08,12.46,12.82,13.03,12.45,-2.27,115.31,97.54,122.03,
4/10/2006,600,589.15,600.3,588.3,1.96,12.75,12.09,12.75,12.09,5.63,100.38,107.77,89.89,
4/7/2006,588.45,596.15,598.45,585.25,-1.14,12.07,12.12,12.2,11.95,-0.58,96.72,123.2,89.36,
4/6/2006,595.25,589.15,596.95,587.2,1.09,12.14,11.7,12.14,11.68,3.67,62.45,59.29,59.34,
4/5/2006,588.85,585.95,589.85,582.35,0.41,11.71,11.65,11.79,11.56,0.09,62.57,48.51,69.37,
4/4/2006,586.45,588.25,590.45,584.85,-0.39,11.7,11.74,11.83,11.63,-0.43,82.26,63.08,99.97,
4/3/2006,588.75,582.95,591.95,582.25,0.87,11.75,11.47,11.82,11.47,2.17,121.23,113.75,124.53,
3/31/2006,583.65,588.75,589.15,579.05,-0.85,11.5,11.7,11.93,11.36,-1.71,84,55.83,97.79,
3/30/2006,588.65,573.45,589.15,571.45,2.65,11.7,11.15,11.71,11.11,4.84,76.18,89.04,69.9,
3/29/2006,573.45,564.75,574.05,560.45,1.59,11.16,10.79,11.18,10.74,3.14,68.18,84.97,47.25,
3/28/2006,564.5,567,569.3,563.2,-0.43,10.82,10.86,10.95,10.77,-0.55,75.89,105.25,43.9,
3/27/2006,566.95,559.95,568.75,558.65,1.16,10.88,10.72,10.94,10.71,1.4,81.88,103.89,68.09,
3/24/2006,560.45,550.15,561.15,548.95,1.87,10.73,10.65,10.75,10.62,0.47,92.18,126.35,71.86,
3/23/2006,550.15,550.85,551.45,545.05,-0.07,10.68,10.48,10.68,10.38,1.71,74.7,92.45,51.41,
3/22/2006,550.55,552.05,553.7,547.15,-0.24,10.5,10.46,10.61,10.46,0,108.81,120.52,105.56,
3/21/2006,551.85,554.75,555.45,547.35,-0.47,10.5,10.31,10.57,10.14,1.74,112.02,82.96,133.07,
3/20/2006,554.45,554.55,556.65,550.15,0.11,10.32,10.33,10.41,10.24,-0.39,94.13,101.06,90.31,
3/17/2006,553.85,555.45,557.95,552.15,-0.25,10.36,10.31,10.45,10.27,0.39,125.48,105.63,153.03,
3/16/2006,555.25,553.05,557.05,547.55,0.23,10.32,10.3,10.38,10.09,0,105.03,107.39,116.45,
3/15/2006,553.95,551.2,557.35,550.45,0.36,10.32,10.19,10.38,10.19,1.08,81.18,74.7,72.69,
3/14/2006,551.95,546.05,552.45,542.75,1.06,10.21,10.11,10.25,10.05,0.79,143.75,146.49,148.75,
3/13/2006,546.15,541.2,546.95,540.95,1.07,10.13,9.94,10.17,9.9,1.81,95.05,91.25,93.67,
3/10/2006,540.35,545.45,547.3,534.05,-1.04,9.95,9.91,10.03,9.72,0.2,130.72,138.64,124.89,
3/9/2006,546.05,543.7,550.55,540.3,0.4,9.93,9.8,10.07,9.7,1.12,126.25,114.91,127.8,
3/8/2006,543.85,552.45,554.2,538.45,-1.65,9.82,10.08,10.09,9.67,-2.68,137.76,102.2,154.51,
3/7/2006,552.95,555.15,559.2,548.75,-0.47,10.09,10.03,10.11,9.94,0.5,132.38,138.25,120.56,
3/6/2006,555.55,565.95,568.6,552.55,-1.68,10.04,10.18,10.29,9.9,-1.57,119.78,126.87,124.5,
3/3/2006,565.05,569.45,570.95,564.65,-0.65,10.2,10.2,10.33,10.1,-0.1,126.45,115.1,123.44,
3/2/2006,568.75,562.45,568.75,562.2,0.87,10.21,9.74,10.25,9.67,4.5,71.77,77.06,64.27,
3/1/2006,563.85,561.15,566.95,560.6,0.37,9.77,9.73,9.86,9.63,0,120.51,147.87,107.92,
2/28/2006,561.75,553.7,561.95,553.2,1.19,9.77,9.58,9.8,9.58,1.14,128.42,118.18,131.43,
2/27/2006,555.15,558.35,559.1,552.55,-0.68,9.66,9.75,9.77,9.56,-0.72,106.4,77.79,129.76,
2/24/2006,558.95,547.45,559.95,547.45,1.74,9.73,9.5,9.73,9.48,2.42,102.42,134.35,71.72,
2/23/2006,549.38,554.62,554.73,548.27,-0.9,9.5,9.55,9.61,9.48,-1.25,136.38,151.65,126.49,
2/22/2006,554.35,554.65,555.45,547.45,0.09,9.62,9.54,9.66,9.43,0.52,88.15,73.7,94.58,
2/21/2006,553.85,555.6,556.35,551.35,-0.4,9.57,9.52,9.59,9.45,0.31,113.87,110.08,120.51,
2/20/2006,556.05,552.2,557.05,551.95,0.71,9.54,9.44,9.61,9.44,1.17,69.17,114.93,38.35,
2/17/2006,552.15,546.45,554.45,544.45,1.08,9.43,9.38,9.52,9.32,0.53,106.58,114.87,95.81,
2/16/2006,546.25,538.45,546.45,535.45,1.17,9.38,9.18,9.38,9.09,1.85,112.87,151.77,87.31,
2/15/2006,539.95,547.95,548.2,535.95,-1.4,9.21,9.29,9.41,9.06,-1.39,64.59,79.72,66.5,
2/14/2006,547.62,538.38,547.62,534.88,1.59,9.34,9.07,9.34,9.04,2.52,89.01,69.72,105.74,
2/13/2006,539.05,550.35,551.95,539.05,-2.16,9.11,9.37,9.46,9.08,-2.77,89.34,99.75,71.31,
2/10/2006,550.95,564.25,568.95,547.05,-2.31,9.37,9.64,9.71,9.26,-2.29,88.15,130.39,56.75,
2/9/2006,563.95,551.35,566.95,549.65,2.38,9.59,9.43,9.68,9.43,1.7,67.94,108.36,27.12,
2/8/2006,550.85,549.05,553.25,545.35,0.36,9.43,9.29,9.48,9.23,1.4,85.92,133.24,52.92,
2/7/2006,548.85,569.95,571.25,548.15,-3.69,9.3,9.71,9.8,9.29,-4.22,144.17,120.33,150.55,
2/6/2006,569.85,569.2,573.95,568.7,0.39,9.71,9.75,9.87,9.69,-0.21,140.07,120.77,138.51,
2/3/2006,567.65,572.25,574.15,565.05,-0.84,9.73,9.83,9.89,9.66,-1.32,131.32,80.15,178.29,
2/2/2006,572.45,569.45,575.05,567.65,0.58,9.86,9.75,9.93,9.69,0.92,89.6,72.58,111.76,
2/1/2006,569.15,568.95,571.85,563.75,0.04,9.77,9.83,9.86,9.64,-0.51,167.52,170.16,147.19,
1/31/2006,568.95,568.25,572.65,566.05,-0.04,9.82,9.83,9.93,9.75,0,106.64,89.16,108.69,
1/30/2006,569.15,558.45,569.35,558.35,1.72,9.82,9.54,9.84,9.54,2.61,111.96,115.47,102.73,
1/27/2006,559.55,559.7,564.35,555.95,-0.11,9.57,9.58,9.77,9.52,0,127.52,101.7,150.8,
1/26/2006,560.15,563.55,563.85,554.85,-0.59,9.57,9.48,9.63,9.38,0.95,115.13,140.86,91.38,
1/25/2006,563.45,558.45,566.65,556.85,0.85,9.48,9.19,9.5,9.12,2.93,105.57,96.71,109.14,
1/24/2006,558.7,559.5,560.15,552.65,-0.09,9.21,9.01,9.21,8.88,1.88,70.62,76.8,64.06,
1/23/2006,559.2,553.4,560.5,549.4,0.98,9.04,8.86,9.04,8.78,1.8,111.7,107.52,102.49,
1/20/2006,553.8,557.9,568,553.4,-0.75,8.88,9.04,9.23,8.79,-1.88,153.49,183.62,181,
1/19/2006,558,543.15,558,558,2.57,9.05,8.78,9.05,9.04,2.61,94.49,96.89,107.76,
1/18/2006,544,554.6,544,544,-1.89,8.82,9,8.82,8.8,-2.22,147.08,159.38,132.94,
1/17/2006,554.5,561.4,554.5,554.5,-1.37,9.02,9.23,9.02,9,-2.49,106.5,87.87,134.37,
1/16/2006,562.2,556.9,562.2,562.2,0.96,9.25,9.1,9.25,9.24,1.43,93.36,96.8,93.16,
1/13/2006,556.88,546.38,556.88,556.88,1.58,9.12,8.92,9.12,9.1,1.33,121.59,70.96,147.96,
1/12/2006,548.2,549.4,548.2,548.2,-0.15,9,9.01,9,8.99,-0.22,91.49,75.11,89.5,
1/11/2006,549,541.9,549,549,1.19,9.02,8.9,9.02,9,1.23,117.62,69.72,158.61,
1/10/2006,542.55,549.1,542.55,542.55,-1.2,8.91,9.16,8.91,8.9,-2.73,96.76,115.76,80.46,
1/9/2006,549.12,539.38,549.12,549.12,1.75,9.16,9.11,9.16,9.14,0.55,85.78,122.16,54.34,
1/6/2006,539.65,525.35,539.65,539.65,2.78,9.11,8.73,9.11,9.09,4.35,91.84,107.34,68.47,
1/5/2006,525.05,534.6,525.05,525.05,-1.78,8.73,9.11,8.73,8.72,-4.38,58.21,88.43,32.27,
1/4/2006,534.55,534.6,534.55,534.55,0.18,9.13,9.16,9.13,9.12,-0.54,107.42,131.27,97.96,
1/3/2006,533.6,517.15,533.6,533.6,3.09,9.18,8.82,9.18,9.16,3.85,64.71,56.45,60.54,
12/30/2005,517.6,515.4,517.6,517.6,0.3,8.82,8.8,8.82,8.81,-0.23,80.44,109.35,48.64,
12/29/2005,516.05,516.75,516.05,516.05,0.04,8.84,8.9,8.84,8.82,-0.79,116.05,161.26,105.27,
12/28/2005,515.85,507.85,515.85,515.85,1.56,8.91,8.73,8.91,8.89,1.83,103.91,165.74,55.3,
12/27/2005,507.95,504.85,507.95,507.95,0.58,8.75,8.57,8.75,8.74,1.86,93.71,102.76,77.92,
12/26/2005,505,504.5,505,505,0.4,8.59,8.57,8.59,8.57,0.23,130.76,173.81,108.73,
12/23/2005,503,504.2,503,503,-0.16,8.57,8.52,8.57,8.55,0.59,84.36,109.97,59.35,
12/22/2005,503.8,495.4,503.8,503.8,1.78,8.52,8.39,8.52,8.51,1.31,102.74,130.36,67.31,
12/21/2005,495,492.7,495,495,0.47,8.41,8.24,8.41,8.39,1.94,105.32,135.48,84.75,
12/20/2005,492.7,504,492.7,492.7,-2.22,8.25,8.55,8.25,8.23,-3.4,101.2,147.97,72.93,
12/19/2005,503.9,504.9,503.9,503.9,0.12,8.54,8.51,8.54,8.53,0,140.79,218.34,84.55,
12/16/2005,503.3,502.9,503.3,503.3,0.04,8.54,8.51,8.54,8.52,0.23,81.59,113.87,40.71,
12/15/2005,503.1,504.9,503.1,503.1,-0.52,8.52,8.33,8.52,8.51,1.55,119.57,151.71,99.42,
12/14/2005,505.75,518.85,505.75,505.75,-2.53,8.39,8.42,8.39,8.38,-1.06,126.94,174.76,105.56,
12/13/2005,518.88,525.88,518.88,518.88,-1.78,8.48,8.65,8.48,8.46,-3.53,144.88,190.4,104.05,
12/12/2005,528.3,527.4,528.3,528.3,0.43,8.79,9.03,8.79,8.78,-2.33,86.78,105.31,75.29,
12/9/2005,526.05,520.85,526.05,526.05,0.97,9,8.94,9,8.98,0.56,110.24,144.75,80.49,
12/8/2005,521,515.2,521,521,1.13,8.95,8.8,8.95,8.93,1.7,94.03,107.13,89.36,
12/7/2005,515.2,511.2,515.2,515.2,0.74,8.8,8.7,8.8,8.79,1.03,79.22,99.45,58.55,
12/6/2005,511.4,509.9,511.4,511.4,0.4,8.71,8.67,8.71,8.69,0.93,135.58,196.61,92.24,
12/5/2005,509.38,504.38,509.38,509.38,1.19,8.63,8.55,8.63,8.62,0.94,91.51,138.66,60.87,
12/2/2005,503.4,504.15,503.4,503.4,0,8.55,8.49,8.55,8.54,0.35,67.13,81.47,43.68,
12/1/2005,503.38,493.88,503.38,503.38,1.93,8.52,8.24,8.52,8.51,3.27,115.46,158.95,86.86,
11/30/2005,493.85,499.35,493.85,493.85,-1.25,8.25,8.27,8.25,8.24,-0.72,76.75,104.06,66.37,
11/29/2005,500.1,498.65,500.1,500.1,0.3,8.31,8.34,8.31,8.3,-0.6,60.58,57.21,63.63,
11/28/2005,498.6,497.15,498.6,498.6,0.51,8.36,8.19,8.36,8.35,1.83,54.18,77.16,38.61,
11/25/2005,496.07,493.62,496.07,496.07,0.55,8.21,8.15,8.21,8.19,0.61,86.17,82.72,79.61,
11/24/2005,493.38,493.62,493.38,493.38,0.26,8.16,8.13,8.16,8.14,0.49,70.55,85.62,51.01,
11/23/2005,492.1,493.9,492.1,492.1,-0.46,8.12,8.17,8.12,8.11,-0.85,84.62,87.48,78.18,
11/22/2005,494.38,491.62,494.38,494.38,0.66,8.19,8.14,8.19,8.18,0.74,84.27,90.48,70.08,
11/21/2005,491.15,485.1,491.15,491.15,1.1,8.13,8.03,8.13,8.12,0.99,86.68,82.65,94.01,
11/18/2005,485.8,485.65,485.8,485.8,0.18,8.05,8.04,8.05,8.04,-0.37,74.44,79.92,66.66,
11/17/2005,484.95,479.1,484.95,484.95,1.16,8.08,8.03,8.08,8.07,0.75,83.27,93.39,60.59,
11/16/2005,479.38,468.68,479.38,479.38,2.38,8.02,7.77,8.02,8.01,3.48,77.52,83.23,69.42,
11/15/2005,468.25,469.35,468.25,468.25,0.05,7.75,7.71,7.75,7.74,0,121.74,146.91,95.9,
11/14/2005,468,469.4,468,468,-0.15,7.75,7.75,7.75,7.74,0,91.46,103.08,72.75,
11/11/2005,468.7,466.9,468.7,468.7,0.34,7.75,7.68,7.75,7.74,0.78,146.63,131.26,149.3,
11/10/2005,467.1,466.9,467.1,467.1,0.17,7.69,7.67,7.69,7.68,-0.13,118.9,143.34,96.57,
11/9/2005,466.3,460.6,466.3,466.3,1.02,7.7,7.6,7.7,7.68,1.05,80.14,88.77,64.17,
11/8/2005,461.6,459.45,461.6,461.6,0.46,7.62,7.57,7.62,7.61,0.66,97.8,113.22,83.95,
11/7/2005,459.5,457,459.5,459.5,0.64,7.57,7.51,7.57,7.56,0.4,101.29,112.2,87.35,
11/4/2005,456.6,461.4,456.6,456.6,-0.89,7.54,7.56,7.54,7.52,-0.4,99.14,133.72,92.14,
11/3/2005,460.7,463.4,460.7,460.7,-0.46,7.57,7.52,7.57,7.56,0.66,79.82,107.99,71.11,
11/2/2005,462.85,459.15,462.85,462.85,0.77,7.52,7.45,7.52,7.51,0.94,76.12,84.32,75.02,
11/1/2005,459.3,465.3,459.3,459.3,-1.27,7.45,7.55,7.45,7.44,-1.19,112.35,142.55,84.93,
10/31/2005,465.2,472.9,465.2,465.2,-1.74,7.54,7.78,7.54,7.52,-2.96,177.8,192.67,154.28,
10/28/2005,473.45,474.35,473.45,473.45,-0.09,7.77,7.8,7.77,7.75,-0.38,78.54,67.11,83.96,
10/27/2005,473.9,470.9,473.9,473.9,0.69,7.8,7.75,7.8,7.79,0.13,86.83,83.94,91.89,
10/26/2005,470.65,472.55,470.65,470.65,-0.41,7.79,7.78,7.79,7.77,0,92.25,105.9,79.03,
10/25/2005,472.6,465.35,472.6,472.6,1.58,7.79,7.66,7.79,7.78,1.56,72.3,65.52,76.51,
10/24/2005,465.25,466.2,465.25,465.25,-0.35,7.67,7.63,7.67,7.65,0.26,80.53,80.28,79.13,
10/21/2005,466.88,462.38,466.88,466.88,1.22,7.65,7.59,7.65,7.64,0.39,91.94,99.52,91.74,
10/20/2005,461.25,464.65,461.25,461.25,-0.79,7.62,7.59,7.62,7.6,0.13,75.11,108.44,51.69,
10/19/2005,464.9,471.55,464.9,464.9,-1.48,7.61,7.76,7.61,7.6,-2.19,62.61,73.76,52.06,
10/18/2005,471.9,474.2,471.9,471.9,-0.42,7.78,7.76,7.78,7.77,-0.13,122.11,149.82,119.76,
10/17/2005,473.9,469.65,473.9,473.9,0.92,7.79,7.8,7.79,7.77,0,107.21,140.06,67.63,
10/14/2005,469.6,471.9,469.6,469.6,-0.46,7.79,7.69,7.79,7.78,1.04,61.07,104.38,33.86,
10/13/2005,471.75,471.25,471.75,471.75,0.18,7.71,7.73,7.71,7.7,-0.26,99.43,135.64,78.33,
10/12/2005,470.88,476.12,470.88,470.88,-0.98,7.73,7.79,7.73,7.72,-1.02,63.48,103.56,19.2,
10/11/2005,475.55,475.35,475.55,475.55,0.08,7.81,7.79,7.81,7.8,0.26,86.91,106.64,72.27,
10/10/2005,475.15,474.6,475.15,475.15,0.21,7.79,7.7,7.79,7.78,1.04,92.55,99.96,83.37,
10/7/2005,474.15,473.6,474.15,474.15,0.3,7.71,7.57,7.71,7.7,2.25,140.39,161.49,157.14,
10/6/2005,472.75,465.1,472.75,472.75,1.68,7.54,7.4,7.54,7.53,1.89,78.23,86.06,62.81,
10/5/2005,464.95,466.85,464.95,464.95,-0.3,7.4,7.36,7.4,7.39,0.41,125.68,161.09,89.58,
10/4/2005,466.35,465.65,466.35,466.35,0.04,7.37,7.39,7.37,7.36,-0.14,103.71,156.66,62.72,
10/3/2005,466.15,467.6,466.15,466.15,-0.64,7.38,7.42,7.38,7.37,-1.07,123.83,192.9,83.66,
9/30/2005,469.15,471.6,469.15,469.15,-0.66,7.46,7.47,7.46,7.44,-0.4,100.21,137,61.9,
9/29/2005,472.25,469.25,472.25,472.25,0.61,7.49,7.33,7.49,7.48,1.9,83.77,111.34,59.1,
9/28/2005,469.38,462.88,469.38,469.38,1.54,7.35,7.26,7.35,7.33,0.96,101.79,133.37,72.55,
9/27/2005,462.25,466.25,462.25,462.25,-0.94,7.28,7.33,7.28,7.27,-0.68,109.07,149.12,93.29,
9/26/2005,466.62,463.88,466.62,466.62,0.73,7.33,7.28,7.33,7.32,0.55,115.09,186.45,59.82,
9/23/2005,463.25,465.35,463.25,463.25,-0.54,7.29,7.34,7.29,7.27,-0.82,117.31,128.09,97.55,
9/22/2005,465.75,472.15,465.75,465.75,-1.36,7.35,7.41,7.35,7.33,-0.94,105.24,110.17,87.51,
9/21/2005,472.15,464.35,472.15,472.15,1.75,7.42,7.28,7.42,7.4,1.64,142.57,139.11,131.17,
9/20/2005,464.05,464,464.05,464.05,-0.19,7.3,7.29,7.3,7.29,-0.27,148.46,111,169.75,
9/19/2005,464.95,459.35,464.95,464.95,1.13,7.32,7.19,7.32,7.31,1.24,161.86,187.63,143.99,
9/16/2005,459.75,455.85,459.75,459.75,0.99,7.23,7.06,7.23,7.22,2.41,93.93,110.17,78.11,
9/15/2005,455.25,450.85,455.25,455.25,1,7.06,7.02,7.06,7.05,0.57,109.03,155.28,73.4,
9/14/2005,450.75,446.45,450.75,450.75,1.02,7.02,6.95,7.02,7,0.86,130.53,138.8,125.42,
9/13/2005,446.2,449.55,446.2,446.2,-0.7,6.96,7.01,6.96,6.95,-1,100.84,115.77,91.48,
9/12/2005,449.35,449.85,449.35,449.35,0.02,7.03,7.04,7.03,7.01,0.14,113.72,175.54,73.21,
9/9/2005,449.25,446.6,449.25,449.25,0.47,7.02,6.97,7.02,7,0.57,101.75,135.25,70.51,
9/8/2005,447.15,444.75,447.15,447.15,0.56,6.98,7.04,6.98,6.97,-0.85,75.34,70.1,75.18,
9/7/2005,444.65,443.9,444.65,444.65,0.15,7.04,7.02,7.04,7.03,0.14,123,161.64,92.98,
9/6/2005,444,445.75,444,444,-0.28,7.03,7.04,7.03,7.02,-0.28,108.97,159.32,66.45,
9/5/2005,445.25,444.35,445.25,445.25,0.13,7.05,7,7.05,7.04,0.43,60.46,86.11,35.91,
9/2/2005,444.65,443.05,444.65,444.65,0.32,7.02,6.96,7.02,7,0.57,139.81,164.98,109.14,
9/1/2005,443.25,435,443.25,443.25,1.84,6.98,6.83,6.98,6.97,2.2,86.96,135.45,31.63,
8/31/2005,435.25,431.55,435.25,435.25,0.93,6.83,6.73,6.83,6.82,1.19,91.29,123.51,70.49,
8/30/2005,431.25,436.5,431.25,431.25,-1.3,6.75,6.73,6.75,6.73,0.15,97.89,132.72,84.65,
8/29/2005,436.95,438.65,436.95,436.95,-0.15,6.74,6.74,6.74,6.73,0.15,113.67,169.97,74.26,
8/26/2005,437.6,438.25,437.6,437.6,-0.16,6.73,6.83,6.73,6.72,-1.61,109.43,106.15,108.21,
8/25/2005,438.3,437.55,438.3,438.3,0.18,6.84,6.91,6.84,6.83,-1.44,114.23,192.71,58.45,
8/24/2005,437.5,439.4,437.5,437.5,-0.34,6.94,6.95,6.94,6.92,-0.29,98.83,129.11,62.34,
8/23/2005,439,438,439,439,0.19,6.96,7.04,6.96,6.95,-1.28,109.91,136.02,81.94,
8/22/2005,438.15,437.25,438.15,438.15,0.42,7.05,6.98,7.05,7.04,0.71,94.4,136.89,71.36,
8/19/2005,436.3,439.9,436.3,436.3,-0.77,7,6.99,7,6.98,0,130.34,158.46,100.45,
8/18/2005,439.7,440.6,439.7,439.7,-0.1,7,6.97,7,6.98,0.29,80.37,114.47,52.51,
8/17/2005,440.15,446.15,440.15,440.15,-1.34,6.98,7.02,6.98,6.97,-0.71,94.32,127.88,75.29,
8/16/2005,446.15,442.55,446.15,446.15,0.8,7.03,6.96,7.03,7.02,0.86,90.11,129.36,65.94,
8/15/2005,442.6,446.25,442.6,442.6,-0.81,6.97,7.17,6.97,6.96,-1.41,120.23,165.33,82.74,
8/12/2005,446.2,445.8,446.2,446.2,0.04,7.07,7.16,7.07,7.06,-1.39,149.44,148.98,155.33,
8/11/2005,446,437.5,446,446,1.94,7.17,7.07,7.17,7.15,1.13,113.52,156.7,82.3,
8/10/2005,437.5,435,437.5,437.5,0.53,7.09,7.03,7.09,7.08,0.71,136.88,163.75,113.82,
8/9/2005,435.2,434.9,435.2,435.2,0.05,7.04,7,7.04,7.02,0.43,143.53,143.09,175.89,
8/8/2005,435,437.4,435,435,-0.67,7.01,7.11,7.01,7,-1.68,173.5,217.21,140.91,
8/5/2005,437.95,437.6,437.95,437.95,0.05,7.13,7.2,7.13,7.12,-1.11,122.57,156.66,88.85,
8/4/2005,437.75,436.75,437.75,437.75,0.25,7.21,7.26,7.21,7.2,-0.96,170.34,236.53,96.12,
8/3/2005,436.65,432,436.65,436.65,1.04,7.28,7.22,7.28,7.27,0.55,164.02,166.72,144.41,
8/2/2005,432.15,431.75,432.15,432.15,0.03,7.24,7.25,7.24,7.23,-0.41,160.59,156.37,149.06,
8/1/2005,432,429.7,432,432,0.42,7.27,7.21,7.27,7.26,0.55,184.26,212.27,156.62,
7/29/2005,430.2,427.9,430.2,430.2,0.51,7.23,7.16,7.23,7.22,0.7,169.95,218.24,143.71,
7/28/2005,428,425.05,428,428,0.65,7.18,7.02,7.18,7.17,1.99,171.76,206.57,131.49,
7/27/2005,425.25,423.45,425.25,425.25,0.47,7.04,6.88,7.04,7.03,0.72,188.04,224.95,171.99,
7/26/2005,423.25,425.75,423.25,423.25,-0.65,6.99,7.08,6.99,6.98,-1.55,211.98,250.72,161.33,
7/25/2005,426,425.2,426,426,0.26,7.1,7.07,7.1,7.08,0.42,214.23,308.48,131.95,
7/22/2005,424.9,426.4,424.9,424.9,-0.19,7.07,7.12,7.07,7.06,-0.7,190.59,241.27,135.84,
7/21/2005,425.7,423.05,425.7,425.7,0.65,7.12,7.06,7.12,7.11,0.71,134.26,152.96,118.47,
7/20/2005,422.95,420.35,422.95,422.95,0.74,7.07,6.95,7.07,7.06,1.58,190.3,212.23,182.38,
7/19/2005,419.85,421.15,419.85,419.85,-0.24,6.96,6.98,6.96,6.94,-0.29,175.07,239.55,154.14,
7/18/2005,420.85,421.25,420.85,420.85,-0.17,6.98,6.96,6.98,6.97,0.29,167.34,224.7,130.63,
7/15/2005,421.55,419.85,421.55,421.55,0.36,6.96,6.96,6.96,6.95,0,154.66,218.66,112.24,
7/14/2005,420.05,424.1,420.05,420.05,-1.01,6.96,6.99,6.96,6.95,-1,171.48,282.21,86.01,
7/13/2005,424.35,426.65,424.35,424.35,-0.56,7.03,7.04,7.03,7.02,-0.42,224.74,331.46,179.2,
7/12/2005,426.75,425.75,426.75,426.75,0.23,7.06,7.07,7.06,7.05,-0.28,201.46,342.42,93.37,
7/11/2005,425.75,423.75,425.75,425.75,0.64,7.08,7.01,7.08,7.07,1.14,223.27,323.76,189.03,
7/8/2005,423.05,424.65,423.05,423.05,-0.37,7,6.96,7,6.98,0.43,469.2,879.39,249.7, London Bombings 7/7
7/7/2005,424.62,423.88,424.62,424.62,0.26,6.97,6.92,6.97,6.96,0.43,46.66,63.95,24.25,
7/6/2005,423.5,423.85,423.5,423.5,-0.06,6.94,6.86,6.94,6.92,0.87,83.54,115.31,42.75,
7/5/2005,423.75,427.25,423.75,423.75,-0.91,6.88,6.89,6.88,6.87,-0.86,126.38,160.35,114.64,
7/4/2005,427.65,428.35,427.65,427.65,0,6.94,6.85,6.94,6.93,1.17,124.92,212.16,53.86,
7/1/2005,427.65,434.85,427.65,427.65,-1.75,6.86,7,6.86,6.84,-2.7,128.17,130.62,123.16,
6/30/2005,435.25,436.85,435.25,435.25,-0.48,7.05,7.05,7.05,7.04,0,110.42,136.86,84.37,
6/29/2005,437.35,436.15,437.35,437.35,0.31,7.05,7.08,7.05,7.04,-0.42,77.94,113.57,54.84,
6/28/2005,436,439.55,436,436,-0.82,7.08,7.21,7.08,7.07,-1.8,99.28,98.97,88.06,
6/27/2005,439.62,439.62,439.62,439.62,-0.21,7.21,7.25,7.21,7.19,-0.83,156.5,208.02,105.35,
6/24/2005,440.55,440.85,440.55,440.55,-0.16,7.27,7.23,7.27,7.25,0.14,71.3,59.24,74.11,
6/23/2005,441.25,437.95,441.25,441.25,0.73,7.26,7.24,7.26,7.25,0.14,91.94,104.75,83.01,
6/22/2005,438.05,438.5,438.05,438.05,-0.19,7.25,7.28,7.25,7.23,-0.55,106.27,121.08,90.89,
6/21/2005,438.88,437.38,438.88,438.88,0.17,7.29,7.26,7.29,7.28,0.14,81.06,95.51,61.28,
6/20/2005,438.15,438.1,438.15,438.15,-0.05,7.28,7.3,7.28,7.26,-0.41,59.35,73.96,55.52,
6/17/2005,438.35,435.6,438.35,438.35,0.5,7.31,7.34,7.31,7.3,-0.27,101.17,80.69,110.56,
6/16/2005,436.15,428.85,436.15,436.15,1.75,7.33,7.29,7.33,7.32,0.41,65.01,64.81,58.56,
6/15/2005,428.65,426.95,428.65,428.65,0.43,7.3,7.25,7.3,7.29,0.69,64.35,85.54,50.96,
6/14/2005,426.82,426.88,426.82,426.82,-0.48,7.25,7.17,7.25,7.23,-0.28,64.51,77.17,53.64,
6/13/2005,428.9,425.8,428.9,428.9,0.36,7.27,7.23,7.27,7.25,0.28,113.59,138.82,85.32,
6/10/2005,427.35,423.85,427.35,427.35,0.84,7.25,7.24,7.25,7.24,0,78.94,84.32,75.02,
6/9/2005,423.77,423.82,423.77,423.77,0.05,7.25,7.39,7.25,7.24,-1.89,111.63,129.4,86.35,
6/8/2005,423.55,424.45,423.55,423.55,-0.21,7.39,7.41,7.39,7.38,-0.14,90.16,110.18,82.22,
6/7/2005,424.45,426.35,424.45,424.45,-0.36,7.4,7.48,7.4,7.39,-1.33,91.2,123.39,70.42,
6/6/2005,426,422.55,426,426,0.84,7.5,7.42,7.5,7.49,0.54,121.01,150.79,94.33,
6/3/2005,422.45,422.15,422.45,422.45,0.19,7.46,7.49,7.46,7.44,-0.53,46.53,46.39,38.69,
6/2/2005,421.65,414.25,421.65,421.65,1.49,7.5,7.45,7.5,7.48,0.4,82.88,79.96,93.37,
6/1/2005,415.45,417,415.45,415.45,-0.46,7.47,7.38,7.47,7.46,0.95,81.01,65.81,79.84,
5/31/2005,417.35,418.85,417.35,417.35,-0.33,7.4,7.21,7.4,7.39,2.07,137.53,117.52,137.24,
5/30/2005,418.75,419.6,418.75,418.75,-0.31,7.25,7.23,7.25,7.23,-0.55,125.57,129.5,108.02,
5/27/2005,420.05,417.85,420.05,420.05,0.55,7.29,7.1,7.29,7.27,2.24,146.49,149.02,169.05,
5/26/2005,417.75,418.95,417.75,417.75,-0.43,7.13,7.14,7.13,7.12,-0.83,133.25,127.53,128.53,
5/25/2005,419.55,418.2,419.55,419.55,0.37,7.19,6.98,7.19,7.17,2.71,97.17,117.42,73.45,
5/24/2005,418,417.45,418,418,0.18,7,6.95,7,6.98,0.72,74.26,90.12,53.69,
5/23/2005,417.25,417.65,417.25,417.25,-0.12,6.95,6.93,6.95,6.94,0.14,61.63,30.72,83.28,
5/20/2005,417.77,420.68,417.77,417.77,-0.68,6.94,7.09,6.94,6.92,-2.39,115.29,100.92,116.91,
5/19/2005,420.65,421.85,420.65,420.65,-0.2,7.11,7.19,7.11,7.09,-1.25,88.96,114.77,65.27,
5/18/2005,421.5,418.75,421.5,421.5,0.66,7.2,7.02,7.2,7.19,2.56,99.69,119.26,80.53,
5/17/2005,418.75,419.85,418.75,418.75,-0.18,7.02,6.94,7.02,7,1.15,70.74,61.33,71.61,
5/16/2005,419.5,420.25,419.5,419.5,-0.21,6.94,6.91,6.94,6.93,0.14,103.4,125.17,98.27,
5/13/2005,420.4,422.6,420.4,420.4,-0.47,6.93,6.93,6.93,6.91,-0.14,97.43,82.41,108.02,
5/12/2005,422.38,427.68,422.38,422.38,-1.17,6.94,7.05,6.94,6.92,-1.7,139.61,136.65,139.31,
5/11/2005,427.38,426.98,427.38,427.38,0.18,7.06,7.08,7.06,7.05,-0.56,92.79,104.84,72.01,
5/10/2005,426.62,426.38,426.62,426.62,0.12,7.1,7.04,7.1,7.08,0.57,98.49,111.28,76.44,
5/9/2005,426.12,426.38,426.12,426.12,0.09,7.06,6.93,7.06,7.05,1.88,134.97,192.22,109.03,
5/6/2005,425.73,430.02,425.73,425.73,-1,6.93,7.04,6.93,6.91,-1.56,99.69,124.94,80.53,
5/5/2005,430.02,430.07,430.02,430.02,0.18,7.04,7.02,7.04,7.03,0.86,76.85,79.26,66.11,
5/4/2005,429.23,427.68,429.23,429.23,0.37,6.98,6.87,6.98,6.97,1.45,128.56,107.3,134.24,
5/3/2005,427.65,428.85,427.65,427.65,-0.54,6.88,6.82,6.88,6.86,0.73,122.08,138.15,115.23,
5/2/2005,429.98,434.38,429.98,429.98,-1.13,6.83,6.9,6.83,6.82,-1.01,150.57,102.71,177.92,
4/29/2005,434.88,431.57,434.88,434.88,0.86,6.9,6.93,6.9,6.89,-0.72,82.67,76.53,88.38,
4/28/2005,431.18,432.88,431.18,431.18,-0.25,6.95,7.1,6.95,6.93,-2.25,106.53,121.37,88.58,
4/27/2005,432.27,436.12,432.27,432.27,-1.11,7.11,7.23,7.11,7.09,-1.93,92.93,101.61,89.74,
4/26/2005,437.12,436.12,437.12,437.12,0.57,7.25,7.3,7.25,7.23,0,100.77,90.74,113.53,
4/25/2005,434.65,433.95,434.65,434.65,0.01,7.25,7.26,7.25,7.24,-0.28,75.2,89.96,56.28,
4/22/2005,434.6,432.8,434.6,434.6,0.47,7.27,7.2,7.27,7.25,0.83,89.53,132.44,67.24,
4/21/2005,432.57,434.68,432.57,432.57,-0.51,7.21,7.28,7.21,7.19,-1.37,62.23,73.32,51.75,
4/20/2005,434.77,433.77,434.77,434.77,0.28,7.31,7.22,7.31,7.3,1.11,80.17,102.75,52.38,
4/19/2005,433.57,426.98,433.57,433.57,1.48,7.23,6.99,7.23,7.22,3.14,112.51,112.17,126.58,
4/18/2005,427.25,424.5,427.25,427.25,0.53,7.01,6.99,7.01,7,0.14,129.31,128.91,145.47,
4/15/2005,425,423.7,425,425,0.23,7,7.02,7,6.99,-0.57,100.55,103.11,81.23,
4/14/2005,424.02,429.18,424.02,424.02,-1.19,7.04,7.17,7.04,7.02,-2.22,70.7,67.87,69.68,
4/13/2005,429.12,428.57,429.12,429.12,0.2,7.2,7.16,7.2,7.18,0.56,75.72,53.92,80.95,
4/12/2005,428.25,428.65,428.25,428.25,0.03,7.16,7.23,7.16,7.15,-0.97,78.35,106.23,57.33,
4/11/2005,428.12,426.88,428.12,428.12,0.71,7.23,7.13,7.23,7.22,1.26,84.25,99.26,70.06,
4/8/2005,425.12,425.62,425.12,425.12,-0.21,7.14,7.03,7.14,7.13,1.42,67.43,78.43,60.74,
4/7/2005,426.02,426.77,426.02,426.02,-0.18,7.04,7.08,7.04,7.03,-0.85,114.95,145.85,82.55,
4/6/2005,426.77,424.88,426.77,426.77,0.4,7.1,7.02,7.1,7.08,0.85,121.23,157.39,84.39,
4/5/2005,425.05,424.35,425.05,425.05,0.17,7.04,7,7.04,7.03,0.14,109.9,162.77,57.44,
4/4/2005,424.32,425.88,424.32,424.32,-0.43,7.03,6.97,7.03,7.01,0.86,99.52,120.47,76.84,
4/1/2005,426.15,428.35,426.15,426.15,-0.54,6.97,7.12,6.97,6.96,-2.52,115.72,144.21,101.04,
3/31/2005,428.45,426.6,428.45,428.45,0.49,7.15,7.12,7.15,7.14,0.42,82.88,65.1,87.71,
3/30/2005,426.38,426.12,426.38,426.38,0,7.12,6.96,7.12,7.11,2.15,88.41,76.39,88.22,
3/29/2005,426.38,426.12,426.38,426.38,0.12,6.97,6.88,6.97,6.96,1.31,86,82.3,74.37,
3/28/2005,425.88,425.38,425.88,425.88,-0.09,6.88,6.91,6.88,6.87,-0.86,88.23,55.97,113.38,
3/25/2005,426.25,425.25,426.25,426.25,0.28,6.94,6.9,6.94,6.91,0.29,93.22,74.35,98.19,
3/24/2005,425.05,425.45,425.05,425.05,0.05,6.92,6.94,6.92,6.9,-0.43,124.65,111.05,123.5,
3/23/2005,424.85,426.85,424.85,424.85,-0.56,6.95,6.93,6.95,6.93,0,97,99.63,83.1,
3/22/2005,427.25,431.55,427.25,427.25,-0.95,6.95,7.09,6.95,6.93,-1.97,78.42,87.56,57.39,
3/21/2005,431.35,439,431.35,431.35,-1.82,7.09,7.35,7.09,7.08,-3.8,138.65,134.49,137.1,
3/18/2005,439.35,438.85,439.35,439.35,0.21,7.37,7.36,7.37,7.35,0,75.22,72.21,74.13,
3/17/2005,438.43,443.12,438.43,438.43,-1.18,7.37,7.4,7.37,7.35,-0.67,83.65,76.25,83.47,
3/16/2005,443.65,440.6,443.65,443.65,0.63,7.42,7.37,7.42,7.4,0.54,110.61,75.45,130.71,
3/15/2005,440.88,440.88,440.88,440.88,-0.07,7.38,7.37,7.38,7.36,0,101.69,104.45,92.24,
3/14/2005,441.18,445.62,441.18,441.18,-1.05,7.38,7.51,7.38,7.37,-1.99,80.2,90.38,57.99,
3/11/2005,445.85,441.85,445.85,445.85,0.78,7.53,7.49,7.53,7.51,0.4,98.31,103.45,95.37,
3/10/2005,442.38,440.43,442.38,442.38,0.4,7.5,7.56,7.5,7.48,-0.79,82.25,119.27,45.6,
3/9/2005,440.62,441.12,440.62,440.62,0,7.56,7.49,7.56,7.55,0.8,95.81,86.83,111.05,
3/8/2005,440.62,434.62,440.62,440.62,1.38,7.5,7.35,7.5,7.48,2.04,124.82,153.15,95.81,
3/7/2005,434.62,433.98,434.62,434.62,0.14,7.35,7.32,7.35,7.33,0.27,107.57,103.55,104.87,
3/4/2005,434,430.1,434,434,0.87,7.33,7.2,7.33,7.32,1.52,74.18,73.95,61.69,
3/3/2005,430.27,431.88,430.27,430.27,-0.55,7.22,7.27,7.22,7.21,-0.96,88.82,104.18,86.89,
3/2/2005,432.65,432.35,432.65,432.65,-0.02,7.29,7.2,7.29,7.28,1.11,109.88,96.65,112.87,
3/1/2005,432.75,435.65,432.75,432.75,-0.66,7.21,7.28,7.21,7.2,-1.5,146.94,140.12,143.44,
2/28/2005,435.62,434.88,435.62,435.62,0.16,7.32,7.27,7.32,7.31,0.97,118.31,100.07,131.17,
2/25/2005,434.93,433.62,434.93,434.93,0.19,7.25,7.32,7.25,7.24,-1.36,113.62,133.61,87.21,
2/24/2005,434.12,434.27,434.12,434.12,-0.09,7.35,7.4,7.35,7.33,-1.08,104.25,124.72,99.69,
2/23/2005,434.5,435.5,434.5,434.5,-0.01,7.43,7.52,7.43,7.41,-1.2,85.23,56.64,103.94,
2/22/2005,434.55,427.1,434.55,434.55,1.68,7.52,7.37,7.52,7.5,1.76,123.3,93.02,138.56,
2/21/2005,427.35,428.75,427.35,427.35,-0.02,7.39,7.36,7.39,7.38,-0.4,106.33,89.69,122.42,
2/18/2005,427.43,427.27,427.43,427.43,0,7.42,7.33,7.42,7.4,1.23,107.51,115.87,96.65,
2/17/2005,427.45,425.2,427.45,427.45,0.49,7.33,7.2,7.33,7.32,1.66,135.85,104.18,178.13,
2/16/2005,425.38,425.38,425.38,425.38,-0.06,7.21,7.3,7.21,7.2,-1.5,129.59,144.95,120.9,
2/15/2005,425.62,425.62,425.62,425.62,-0.06,7.32,7.27,7.32,7.31,0.41,150.57,130.53,152.42,
2/14/2005,425.88,420.62,425.88,425.88,1.19,7.29,7.17,7.29,7.27,1.39,128.28,120.36,138.04,
2/11/2005,420.88,417.38,420.88,420.88,0.78,7.19,6.94,7.19,7.17,3.45,124.79,96.13,127.35,
2/10/2005,417.62,413.38,417.62,417.62,1.09,6.95,6.57,6.95,6.93,5.78,119.67,111.69,114.33,
2/9/2005,413.12,412.57,413.12,413.12,0.08,6.57,6.52,6.57,6.56,0.46,138.54,171.87,97.28,
2/8/2005,412.8,413.65,412.8,412.8,-0.34,6.54,6.5,6.54,6.53,0,86.85,105.13,56.74,
2/7/2005,414.2,414.65,414.2,414.2,-0.1,6.54,6.6,6.54,6.52,-1.21,140.13,155.22,116.52,
2/4/2005,414.6,417.1,414.6,414.6,-0.6,6.62,6.65,6.62,6.61,-0.75,106.86,112.45,98.73,
2/3/2005,417.1,421.8,417.1,417.1,-1.16,6.67,6.73,6.67,6.65,-1.19,113.01,135.2,87.71,
2/2/2005,421.98,420.98,421.98,421.98,0.21,6.75,6.7,6.75,6.73,0.6,145.08,192.84,115.61,
2/1/2005,421.1,422.4,421.1,421.1,-0.36,6.71,6.7,6.71,6.7,-0.3,142.2,154.65,128.99,
1/31/2005,422.62,426.38,422.62,422.62,-0.98,6.73,6.76,6.73,6.72,-0.74,155.16,194.26,114.02,
1/28/2005,426.8,426.2,426.8,426.8,0.14,6.78,6.79,6.78,6.76,-0.15,103.7,103.38,86.23,
1/27/2005,426.2,426.65,426.2,426.2,-0.07,6.79,6.78,6.79,6.78,0,116.51,163.67,70.46,
1/26/2005,426.5,422.15,426.5,426.5,0.96,6.79,6.68,6.79,6.77,1.8,128.87,169.35,102.29,
1/25/2005,422.43,427.68,422.43,422.43,-1.13,6.67,6.83,6.67,6.66,-2.63,100.28,135.45,75.32,
1/24/2005,427.27,427.38,427.27,427.27,0.12,6.85,6.77,6.85,6.84,1.03,159.03,201.08,154.82,
1/21/2005,426.75,422.35,426.75,426.75,0.99,6.78,6.52,6.78,6.76,3.67,115.35,135.63,98.38,
1/20/2005,422.55,423.15,422.55,422.55,-0.07,6.54,6.69,6.54,6.52,-1.06,88.77,116.32,67.49,
1/19/2005,422.85,423.05,422.85,422.85,-0.05,6.61,6.62,6.61,6.59,-0.15,108.37,99.28,107.16,
1/18/2005,423.05,421.75,423.05,423.05,0.16,6.62,6.57,6.62,6.61,0.61,112.46,149.49,85.02,
1/17/2005,422.38,422.62,422.38,422.38,-0.18,6.58,6.57,6.58,6.57,0,88.14,124.48,42.75,
1/14/2005,423.15,425.25,423.15,423.15,-0.46,6.58,6.71,6.58,6.57,-2.52,89.14,126.13,66.95,
1/13/2005,425.12,426.02,425.12,425.12,-0.23,6.75,6.69,6.75,6.73,0.6,94.35,135.86,61.02,
1/12/2005,426.12,422.62,426.12,426.12,0.89,6.71,6.61,6.71,6.69,1.36,107.35,122.31,112.22,
1/11/2005,422.38,419.98,422.38,422.38,0.78,6.62,6.43,6.62,6.6,2.95,79.02,126.04,52.57,
1/10/2005,419.12,419.38,419.12,419.12,0.04,6.43,6.41,6.43,6.41,0.16,112.8,142.44,100.05,
1/7/2005,418.95,421.75,418.95,418.95,-0.56,6.42,6.41,6.42,6.41,-0.31,108.05,160.04,71.88,
1/6/2005,421.32,426.77,421.32,421.32,-1.23,6.44,6.5,6.44,6.42,-1.38,89.06,108.84,66.89,
1/5/2005,426.55,427.55,426.55,426.55,-0.26,6.53,6.41,6.53,6.51,1.56,109.9,100.17,104.44,
1/4/2005,427.65,429.6,427.65,427.65,-0.3,6.43,6.48,6.43,6.41,-0.77,145.57,198.21,106.28,
1/3/2005,428.95,437.85,428.95,428.95,-2.17,6.48,6.8,6.48,6.47,-4.71,141.9,185.68,95.87,
12/31/2004,438.45,437.6,438.45,438.45,0.23,6.8,6.81,6.8,6.79,0,121.06,146.28,79.31,
12/30/2004,437.45,436.25,437.45,437.45,0.25,6.8,6.8,6.8,6.79,-0.15,132.65,157.26,101.36,
12/29/2004,436.38,443.88,436.38,436.38,-1.61,6.81,6.98,6.81,6.8,-2.71,110.01,146.23,60.99,
12/28/2004,443.5,444.75,443.5,443.5,-0.28,7,6.96,7,6.98,0.43,89.05,79.9,81.45,
12/27/2004,444.73,442.38,444.73,444.73,0.46,6.97,6.88,6.97,6.95,0.72,110.42,162.73,87.82,
12/24/2004,442.7,442.15,442.7,442.7,0.19,6.92,6.88,6.92,6.9,0.58,112.93,142.6,81.38,
12/23/2004,441.88,439.88,441.88,441.88,0.5,6.88,6.79,6.88,6.87,1.03,112.02,146.77,74.52,
12/22/2004,439.68,441.88,439.68,439.68,-0.5,6.81,6.87,6.81,6.8,-1.02,122.3,202.04,75.55,
12/21/2004,441.88,442.93,441.88,441.88,-0.26,6.88,6.82,6.88,6.87,0.88,117.54,213.06,53.31,
12/20/2004,443.02,441.62,443.02,443.02,0.42,6.82,6.76,6.82,6.81,1.04,128.91,225.87,64.96,
12/17/2004,441.18,437.38,441.18,441.18,0.93,6.75,6.67,6.75,6.74,1.05,96.98,138.98,65.52,
12/16/2004,437.12,440.88,437.12,437.12,-0.68,6.68,6.85,6.68,6.66,-2.05,72.19,106.61,57.8,
12/15/2004,440.12,436.12,440.12,440.12,1.06,6.82,6.72,6.82,6.81,1.49,114.85,162.71,75.4,
12/14/2004,435.52,438.88,435.52,435.52,-0.82,6.72,6.8,6.72,6.7,-1.18,89.36,95.44,69,
12/13/2004,439.1,434.15,439.1,439.1,1.06,6.8,6.67,6.8,6.79,1.64,122.14,177.11,80.02,
12/10/2004,434.5,437.3,434.5,434.5,-0.75,6.69,6.76,6.69,6.67,-1.04,100.29,108.56,76.25,
12/9/2004,437.8,440.4,437.8,437.8,-0.55,6.76,7.13,6.76,6.74,-4.79,113.25,169.35,77.05,
12/8/2004,440.2,451,440.2,440.2,-2.37,7.1,7.78,7.1,7.07,-9.32,125.06,179.76,72.55,
12/7/2004,450.9,451.9,450.9,450.9,-0.34,7.83,7.85,7.83,7.82,-0.89,126.59,156.25,100.25,
12/6/2004,452.45,455.25,452.45,452.45,-0.74,7.9,7.88,7.9,7.89,-1.25,137.55,137.12,133.44,
12/3/2004,455.82,449.48,455.82,455.82,1.44,8,7.88,8,7.99,1.39,89.97,92.41,77.08,
12/2/2004,449.35,454.6,449.35,449.35,-0.95,7.89,8.01,7.89,7.88,-1.38,137.91,172.53,107.93,
12/1/2004,453.68,451.12,453.68,453.68,0.62,8,7.7,8,7.98,3.9,146.83,187.37,136.75,
11/30/2004,450.88,453.12,450.88,450.88,-0.62,7.7,7.75,7.7,7.68,-1.16,114.01,151.54,84.27,
11/29/2004,453.68,454.12,453.68,453.68,0.23,7.79,7.61,7.79,7.77,1.3,117.65,139.28,85.6,
11/26/2004,452.62,451.38,452.62,452.62,0.2,7.69,7.65,7.69,7.67,0.52,86.25,89.17,90.31,
11/25/2004,451.7,449.2,451.7,451.7,0.57,7.65,7.59,7.65,7.64,0.66,140.57,164.51,121.97,
11/24/2004,449.12,447.38,449.12,449.12,0.47,7.6,7.52,7.6,7.58,0.93,176,200.52,146.35,
11/23/2004,447,448.5,447,447,-0.36,7.53,7.56,7.53,7.52,-0.13,182.61,204.4,154.51,
11/22/2004,448.62,446.62,448.62,448.62,0.36,7.54,7.56,7.54,7.53,-0.4,131.05,152.42,108.97,
11/19/2004,447.02,442.38,447.02,447.02,0.88,7.57,7.51,7.57,7.56,0.4,82.81,74.02,75.99,
11/18/2004,443.12,444.77,443.12,443.12,-0.34,7.54,7.52,7.54,7.53,-1.31,114.32,119.14,95.06,
11/17/2004,444.62,439.38,444.62,444.62,1.14,7.64,7.54,7.64,7.63,1.33,157.07,184.55,139.94,
11/16/2004,439.62,436.88,439.62,439.62,0.64,7.54,7.53,7.54,7.53,0,167.92,152.18,192.94,
11/15/2004,436.82,437.62,436.82,436.82,-0.26,7.54,7.5,7.54,7.53,-0.53,181.66,241.46,142.17,
11/12/2004,437.95,434.5,437.95,437.95,0.71,7.58,7.43,7.58,7.57,1.74,123.01,163.51,77.93,
11/11/2004,434.88,434.12,434.88,434.88,0.23,7.45,7.39,7.45,7.43,0.81,115.59,178.08,74.27,
11/10/2004,433.88,434.88,433.88,433.88,-0.33,7.39,7.48,7.39,7.38,-1.47,166.5,209.67,126.31,
11/9/2004,435.32,432.12,435.32,435.32,0.8,7.5,7.44,7.5,7.49,0.67,201.72,326.78,131.04,
11/8/2004,431.88,431.12,431.88,431.88,-0.4,7.45,7.45,7.45,7.43,-0.27,176.36,229.33,133.9,
11/5/2004,433.62,429.62,433.62,433.62,0.93,7.47,7.16,7.47,7.46,1.91,137.9,210.6,63.43,
11/4/2004,429.62,426.88,429.62,429.62,0.49,7.33,7.18,7.33,7.32,1.81,87.24,69.58,107.78,
11/3/2004,427.52,421.38,427.52,427.52,1.34,7.2,6.99,7.2,7.18,2.56,87.99,113.19,51.93,
11/2/2004,421.88,425.88,421.88,421.88,-1.2,7.02,7.16,7.02,7,-3.7,104.91,164.8,68.73,
11/1/2004,427,429.5,427,427,-0.35,7.29,7.31,7.29,7.27,0.14,124.04,130.93,109.21,
10/29/2004,428.52,424.18,428.52,428.52,1.03,7.28,7.12,7.28,7.26,2.25,113.72,180.24,87.29,
10/28/2004,424.15,423.95,424.15,424.15,0.01,7.12,7.16,7.12,7.1,-0.7,122.4,122.03,114.51,
10/27/2004,424.12,426.77,424.12,424.12,-0.7,7.17,7.31,7.17,7.15,-2.05,121.94,167.87,91.74,
10/26/2004,427.12,428.98,427.12,427.12,-0.35,7.32,7.34,7.32,7.31,-0.41,124.78,148.09,118.58,
10/25/2004,428.62,425.12,428.62,428.62,1.01,7.35,7.34,7.35,7.33,0.82,121.33,139.28,97.83,
10/22/2004,424.32,424.62,424.32,424.32,0.12,7.29,7.25,7.29,7.28,0.41,97.34,109.17,96.12,
10/21/2004,423.82,423.88,423.82,423.82,-0.07,7.26,7.29,7.26,7.25,-0.41,130.05,157.62,118.75,
10/20/2004,424.12,420.23,424.12,424.12,1.01,7.29,7.13,7.29,7.28,1.82,104.85,135.6,94.25,
10/19/2004,419.88,415.62,419.88,419.88,0.78,7.16,6.93,7.16,7.15,2.87,116.99,146.62,77.83,
10/18/2004,416.62,418.62,416.62,416.62,-0.53,6.96,7.05,6.96,6.94,-1.28,102.45,170.23,70.99,
10/15/2004,418.82,417.98,418.82,418.82,0.16,7.05,7.03,7.05,7.04,0,122.69,171.9,71.69,
10/14/2004,418.15,415.65,418.15,418.15,0.43,7.05,6.94,7.05,7.04,1,101.01,98.12,107.68,
10/13/2004,416.38,413.57,416.38,416.38,0.3,6.98,7.02,6.98,6.97,0.14,95.64,121.35,72.3,
10/12/2004,415.12,421.82,415.12,415.12,-1.59,6.97,7.21,6.97,6.96,-3.46,127.9,121.13,122.3,
10/11/2004,421.82,419.38,421.82,421.82,-0.24,7.22,7.23,7.22,7.21,-0.69,140.51,203.12,81.79,
10/8/2004,422.82,418.12,422.82,422.82,1.11,7.27,7.14,7.27,7.25,1.25,166.02,162.89,166.54,
10/7/2004,418.18,418.12,418.18,418.18,0.07,7.18,7.15,7.18,7.16,-0.14,135.6,144.84,153.03,
10/6/2004,417.88,419.12,417.88,417.88,-0.12,7.19,7.04,7.19,7.17,1.84,156.64,179.29,144.72,
10/5/2004,418.38,414.38,418.38,418.38,1.07,7.06,6.72,7.06,7.05,4.9,105.87,136.18,102.23,
10/4/2004,413.95,418.75,413.95,413.95,-1.26,6.73,6.88,6.73,6.72,-2.46,164.2,170.81,148.41,
10/1/2004,419.23,418.12,419.23,419.23,0.23,6.9,6.86,6.9,6.89,0.15,165.22,236.08,91.59,
9/30/2004,418.25,412.5,418.25,418.25,1.27,6.89,6.65,6.89,6.88,3.3,174.51,219.75,137.47,
9/29/2004,413.02,412.88,413.02,413.02,0.19,6.67,6.59,6.67,6.65,1.21,142.18,162.86,130.81,
9/28/2004,412.25,408.75,412.25,412.25,0.89,6.59,6.54,6.59,6.58,1.38,187.38,246.97,158.46,
9/27/2004,408.62,409.77,408.62,408.62,0.17,6.5,6.21,6.5,6.49,1.72,184.23,230.48,162.21,
9/24/2004,407.93,409.38,407.93,407.93,-0.53,6.39,6.41,6.39,6.38,-0.16,161.94,181.26,160.64,
9/23/2004,410.12,404.88,410.12,410.12,0.67,6.4,6.37,6.4,6.39,1.11,170.14,195.32,154.34,
9/22/2004,407.38,409.12,407.38,407.38,-0.43,6.33,6.25,6.33,6.32,-0.47,165.49,182.04,161.33,
9/21/2004,409.12,404.88,409.12,409.12,0.93,6.36,6.32,6.36,6.34,1.76,175.94,260.08,131.17,
9/20/2004,405.35,404.85,405.35,405.35,-0.13,6.25,6.21,6.25,6.23,0.32,168.68,150.27,185.03,
9/17/2004,405.88,404.68,405.88,405.88,0.31,6.23,6.21,6.23,6.22,-0.64,144.28,158.51,146.91,
9/16/2004,404.62,404.88,404.62,404.62,0,6.27,6.21,6.27,6.25,0.32,140.68,174.64,105.94,
9/15/2004,404.62,403.62,404.62,404.62,-0.25,6.25,6.19,6.25,6.24,0.81,152.41,204.65,108.63,
9/14/2004,405.62,403.82,405.62,405.62,0.45,6.2,6.17,6.2,6.18,0.16,163.55,213.44,123.63,
9/13/2004,403.82,402.12,403.82,403.82,0.47,6.19,6.13,6.19,6.17,1.14,118.67,108.16,107.14,
9/10/2004,401.93,399.38,401.93,401.93,0.7,6.12,6.17,6.12,6.11,-0.81,187.84,261.57,133.88,
9/9/2004,399.12,399.57,399.12,399.12,-0.11,6.17,6.17,6.17,6.15,-0.16,191.81,248.07,163.8,
9/8/2004,399.55,397.75,399.55,399.55,0.42,6.18,6.2,6.18,6.16,-0.48,163.58,203.85,131.17,
9/7/2004,397.88,401.62,397.88,397.88,-1,6.21,6.55,6.21,6.2,-4.75,183.45,213.95,149.67,
9/6/2004,401.88,401.38,401.88,401.88,0.34,6.52,6.54,6.52,6.5,-0.46,130.07,155.61,108.16,
9/3/2004,400.52,405.88,400.52,400.52,-1.36,6.55,6.75,6.55,6.54,-2.96,192.66,229.25,165.37,
9/2/2004,406.05,408.5,406.05,406.05,-0.62,6.75,6.76,6.75,6.74,-0.44,184.48,205.55,180.48,
9/1/2004,408.6,410.15,408.6,408.6,-0.3,6.78,6.74,6.78,6.76,0.44,142.14,221.8,66.81,
8/31/2004,409.82,407.12,409.82,409.82,0.72,6.75,6.7,6.75,6.74,0.6,158.43,193.83,143.71,
8/30/2004,406.88,403.62,406.88,406.88,0.91,6.71,6.57,6.71,6.69,2.29,166.18,161.99,159.68,
8/27/2004,403.23,406.88,403.23,403.23,-0.9,6.56,6.66,6.56,6.55,-1.65,143.5,202.67,79.55,
8/26/2004,406.88,407.12,406.88,406.88,0.01,6.67,6.59,6.67,6.65,0.91,114.23,127.12,106.03,
8/25/2004,406.82,403.38,406.82,406.82,0.9,6.61,6.55,6.61,6.59,0.92,171.29,248.91,159.33,
8/24/2004,403.18,409.12,403.18,403.18,-1.33,6.55,6.65,6.55,6.54,-2.24,110.54,120.86,112.67,
8/23/2004,408.62,412.12,408.62,408.62,-1.14,6.7,6.83,6.7,6.68,-2.33,101.87,105.31,94.12,
8/20/2004,413.32,406.38,413.32,413.32,1.58,6.86,6.79,6.86,6.84,0.73,105.12,101.96,99.22,
8/19/2004,406.88,404.38,406.88,406.88,0.6,6.81,6.82,6.81,6.8,-0.29,119.67,135.57,131.17,
8/18/2004,404.45,404.25,404.45,404.45,0,6.83,6.71,6.83,6.82,1.79,133.39,189.97,100.36,
8/17/2004,404.45,402.5,404.45,404.45,0.42,6.71,6.7,6.71,6.7,0,115.75,101.82,118.9,
8/16/2004,402.75,399.75,402.75,402.75,0.97,6.71,6.62,6.71,6.69,1.51,130.27,207.79,74.28,
8/13/2004,398.9,394.75,398.9,398.9,1.04,6.61,6.52,6.61,6.59,1.23,136.47,210.26,87.69,
8/12/2004,394.8,395.75,394.8,394.8,-0.32,6.53,6.5,6.53,6.51,0.15,125.79,156.06,106.93,
8/11/2004,396.05,397.5,396.05,396.05,-0.53,6.52,6.67,6.52,6.5,-2.4,130.34,177.48,111.03,
8/10/2004,398.18,399.93,398.18,398.18,-0.55,6.68,6.68,6.68,6.66,-0.45,167.72,250.81,122.03,
8/9/2004,400.38,398.62,400.38,400.38,0.16,6.71,6.72,6.71,6.69,-0.59,158.85,162.22,186.86,
8/6/2004,399.75,392.25,399.75,399.75,1.76,6.75,6.72,6.75,6.73,0,210.99,246.4,205.52,
8/5/2004,392.85,392.25,392.85,392.85,0.12,6.75,6.68,6.75,6.73,0.9,180.85,198.32,190.48,
8/4/2004,392.38,393.88,392.38,392.38,-0.38,6.69,6.65,6.69,6.68,0.45,225.56,282.69,225.08,
8/3/2004,393.88,391.12,393.88,393.88,0.47,6.66,6.57,6.66,6.65,1.06,344.62,469.76,374.29, Terrorist Threats in New York and Washington
8/2/2004,392.05,394.25,392.05,392.05,0.2,6.59,6.59,6.59,6.58,0.76,197.46,297.29,160.85,
7/30/2004,391.25,388.05,391.25,391.25,0.74,6.54,6.33,6.54,6.52,3.65,162.11,195.15,157.69,
7/29/2004,388.38,388.52,388.38,388.38,-0.2,6.31,6.32,6.31,6.3,-0.79,133.07,186.29,94.17,
7/28/2004,389.15,387.75,389.15,389.15,0.27,6.36,6.19,6.36,6.34,2.09,110.73,128.78,107.42,
7/27/2004,388.12,391.12,388.12,388.12,-0.64,6.23,6.22,6.23,6.22,0.32,163.03,228.23,138.45,
7/26/2004,390.62,390.88,390.62,390.62,0.17,6.21,6.31,6.21,6.2,-1.58,162.31,147.1,177.91,
7/23/2004,389.95,395.75,389.95,389.95,-1.3,6.31,6.39,6.31,6.3,-1.1,281.2,400.47,251.81,
7/22/2004,395.07,397.88,395.07,395.07,-0.74,6.38,6.38,6.38,6.36,0,150.18,186.45,164.94,
7/21/2004,398,400.5,398,398,-0.53,6.38,6.53,6.38,6.37,-2.6,149.3,142.64,160.36,
7/20/2004,400.12,406.38,400.12,400.12,-1.44,6.55,6.62,6.55,6.54,-0.91,134.52,181.04,100.67,
7/19/2004,405.95,406.5,405.95,405.95,-0.12,6.61,6.68,6.61,6.6,-1.34,135.92,131.63,142.08,
7/16/2004,406.45,404.1,406.45,406.45,0.53,6.7,6.61,6.7,6.68,0.75,134.66,155.12,119.44,
7/15/2004,404.3,404.35,404.3,404.3,-0.2,6.65,6.58,6.65,6.63,0.61,169.73,201.96,163.9,
7/14/2004,405.12,402.38,405.12,405.12,0.68,6.61,6.36,6.61,6.59,3.61,133.55,156.29,130.36,
7/13/2004,402.38,407.48,402.38,402.38,-1.17,6.38,6.49,6.38,6.37,-1.85,121.15,165.28,116.65,
7/12/2004,407.15,407.5,407.15,407.15,-0.1,6.5,6.45,6.5,6.49,0.78,168.23,199.66,193.18,
7/9/2004,407.57,406.27,407.57,407.57,0.11,6.45,6.35,6.45,6.44,0.94,162.53,194.43,142.52,
7/8/2004,407.12,401.88,407.12,407.12,1.33,6.39,6.11,6.39,6.38,4.41,109.02,128.19,88.33,
7/7/2004,401.77,392.62,401.77,401.77,2.46,6.12,5.96,6.12,6.11,2.68,109.38,124.62,88.35,
7/6/2004,392.12,398.12,392.12,392.12,-1.4,5.96,5.99,5.96,5.95,-0.67,86.04,85.78,77.51,
7/5/2004,397.7,397.75,397.7,397.7,-0.06,6,5.97,6,5.98,0,103.39,164.91,41.27,
7/2/2004,397.93,395.88,397.93,397.93,0.47,6,5.92,6,5.98,1.01,92.82,134.01,74.52,
7/1/2004,396.05,394.5,396.05,396.05,0.42,5.94,5.82,5.94,5.93,1.89,128.33,138.6,115.6,
6/30/2004,394.38,392.88,394.38,394.38,0.54,5.83,5.85,5.83,5.82,-0.51,119.24,168.16,91.9,
6/29/2004,392.27,401.62,392.27,392.27,-2.15,5.86,5.93,5.86,5.84,-1.35,200.76,272.92,166.94,
6/28/2004,400.88,403.12,400.88,400.88,-0.45,5.94,6.13,5.94,5.92,-3.1,151.26,188.49,119.49,
6/25/2004,402.68,402.27,402.68,402.68,0.14,6.13,6.14,6.13,6.12,-0.33,164.05,201.29,131.17,
6/24/2004,402.12,394.88,402.12,402.12,1.83,6.15,5.87,6.15,6.14,4.77,135.15,158.51,123.4,
6/23/2004,394.88,395.38,394.88,394.88,-0.13,5.87,5.86,5.87,5.86,0,160.72,219.56,133.64,
6/22/2004,395.38,394.18,395.38,395.38,0.25,5.87,5.87,5.87,5.86,0.34,157.74,188.71,152.15,
6/21/2004,394.38,394.88,394.38,394.38,-0.23,5.85,5.96,5.85,5.84,-2.17,183.22,219.18,158.44,
6/18/2004,395.27,388.38,395.27,395.27,1.92,5.98,5.88,5.98,5.97,1.01,190.44,258.9,115.17,
6/17/2004,387.82,385.07,387.82,387.82,0.8,5.92,5.72,5.92,5.9,3.5,127.79,154.88,100.01,
6/16/2004,384.75,388.75,384.75,384.75,-1.13,5.72,5.73,5.72,5.71,-0.17,103.07,102.75,99.99,
6/15/2004,389.15,383.75,389.15,389.15,1.51,5.73,5.65,5.73,5.72,1.24,123.03,153.31,97.19,
6/14/2004,383.38,384.18,383.38,383.38,-0.43,5.66,5.69,5.66,5.65,-0.7,100.95,119.27,80.83,
6/11/2004,385.05,385.85,385.05,385.05,-0.26,5.7,5.72,5.7,5.69,-0.7,163.15,220.74,101.75,
6/10/2004,386.07,383.38,386.07,386.07,0.51,5.74,5.6,5.74,5.73,1.95,146.41,208.52,100.01,
6/9/2004,384.12,391.88,384.12,384.12,-1.85,5.63,5.78,5.63,5.62,-2.6,135.86,149.85,134.6,
6/8/2004,391.38,394.23,391.38,391.38,-0.63,5.78,5.89,5.78,5.76,-1.87,161.75,167.7,172.16,
6/7/2004,393.88,391.62,393.88,393.88,0.72,5.89,5.82,5.89,5.88,1.55,53.66,49.93,59.49,
6/4/2004,391.05,388.5,391.05,391.05,0.69,5.8,5.74,5.8,5.79,1.22,156.36,236.71,125.2,
6/3/2004,388.38,391.12,388.38,388.38,-0.64,5.73,5.82,5.73,5.72,-1.55,176.63,254.65,103.94,
6/2/2004,390.88,394.48,390.88,390.88,-0.95,5.82,6.05,5.82,5.81,-3.8,156.25,205.62,135.13,
6/1/2004,394.62,395.27,394.62,394.62,-0.22,6.05,6.13,6.05,6.04,-1.94,151.92,229.02,104.76,
5/31/2004,395.5,394.15,395.5,395.5,0.33,6.17,6.1,6.17,6.15,0.98,151.87,264.95,78.93,
5/28/2004,394.18,395.62,394.18,394.18,-0.4,6.11,6.18,6.11,6.09,-1.61,161.73,185.12,159.39,
5/27/2004,395.75,388.65,395.75,395.75,1.87,6.21,6.05,6.21,6.19,2.48,170.89,235.88,135.54,
5/26/2004,388.5,388.75,388.5,388.5,0.13,6.06,6.07,6.06,6.05,-0.16,131.19,130.79,128.92,
5/25/2004,388,385.75,388,388,0.45,6.07,5.98,6.07,6.06,1.34,136.05,176.63,94.71,
5/24/2004,386.25,384.5,386.25,386.25,0.36,5.99,5.85,5.99,5.97,2.39,156.36,166.75,145.13,
5/21/2004,384.88,380.38,384.88,384.88,1.28,5.85,5.82,5.85,5.83,0.52,124.6,151.48,96.03,
5/20/2004,380,381.5,380,380,-0.52,5.82,5.88,5.82,5.8,-1.69,160.24,225.22,135.43,
5/19/2004,382,376.75,382,382,1.29,5.92,5.66,5.92,5.9,4.23,117.47,152.24,87.91,
5/18/2004,377.15,378.75,377.15,377.15,-0.59,5.68,5.66,5.68,5.66,-0.35,158.36,199.75,134.37,
5/17/2004,379.38,377.88,379.38,379.38,0.61,5.7,5.73,5.7,5.68,-0.52,149.94,159.9,127.58,
5/14/2004,377.07,374.12,377.07,377.07,0.58,5.73,5.59,5.73,5.71,2.14,114.82,143.08,100.25,
5/13/2004,374.9,378.6,374.9,374.9,-0.92,5.61,5.55,5.61,5.59,1.08,125.53,178.78,80.95,
5/12/2004,378.38,378.62,378.38,378.38,0.11,5.55,5.58,5.55,5.54,-0.18,122.35,134.17,106.82,
5/11/2004,377.98,377.88,377.98,377.98,-0.14,5.56,5.76,5.56,5.55,-3.97,133.52,190.16,74.02,
5/10/2004,378.5,378.5,378.5,378.5,-0.16,5.79,5.57,5.79,5.77,3.58,128.39,197.48,97.61,
5/7/2004,379.1,388,379.1,379.1,-2.24,5.59,5.78,5.59,5.57,-3.79,137.28,160.66,114.15,
5/6/2004,387.77,393.38,387.77,387.77,-1.51,5.81,6.09,5.81,5.79,-5.07,103.92,134.68,64.81,
5/5/2004,393.7,393.1,393.7,393.7,0.31,6.12,6.08,6.12,6.1,0.99,128.23,188.71,86.32,
5/4/2004,392.5,387.85,392.5,392.5,1.33,6.06,5.98,6.06,6.04,0.66,122.93,178.86,88.41,
5/3/2004,387.35,389,387.35,387.35,-0.06,6.02,6.09,6.02,6,-0.33,113.19,150.45,81.57,
4/30/2004,387.6,388.4,387.6,387.6,-0.07,6.04,5.87,6.04,6.02,2.9,150.31,230.53,86.53,
4/29/2004,387.88,384.88,387.88,387.88,0.65,5.87,5.81,5.87,5.84,0.17,141.27,199.11,105.32,
4/28/2004,385.38,398.77,385.38,385.38,-3.35,5.86,6.24,5.86,5.84,-6.54,189.78,269.46,114.77,
4/27/2004,398.75,396.65,398.75,398.75,0.54,6.27,6.18,6.27,6.25,0.97,128.47,164.66,111.91,
4/26/2004,396.6,395.5,396.6,396.6,0.38,6.21,6.15,6.21,6.19,0.65,120.07,154.91,111.59,
4/23/2004,395.1,394.5,395.1,395.1,0.22,6.17,6.12,6.17,6.15,0.82,128.64,174.88,92.38,
4/22/2004,394.25,391.25,394.25,394.25,0.99,6.12,6.2,6.12,6.11,-2.55,148.21,176.26,142.7,
4/21/2004,390.38,394.62,390.38,390.38,-1.2,6.28,6.61,6.28,6.26,-7.78,134.61,157.53,102.2,
4/20/2004,395.12,400.77,395.12,395.12,-1.29,6.81,7.18,6.81,6.8,-5.42,144.69,184.15,133.12,
4/19/2004,400.3,402.35,400.3,400.3,-0.05,7.2,7.17,7.2,7.18,0.98,176.76,218.51,146.99,
4/16/2004,400.5,399.6,400.5,400.5,0.35,7.13,7.1,7.13,7.12,0.14,180.4,217.06,191.39,
4/15/2004,399.12,401.18,399.12,399.12,-0.44,7.12,7.04,7.12,7.1,0.99,177.98,270.12,141.37,
4/14/2004,400.88,407.38,400.88,400.88,-1.47,7.05,7.42,7.05,7.04,-5.11,239.21,326.01,231.64,
4/13/2004,406.88,420.18,406.88,406.88,-2.94,7.43,8.01,7.43,7.41,-7.24,153.91,195.28,145.43,
4/12/2004,419.2,420,419.2,419.2,-0.49,8.01,8.13,8.01,8,-1.6,187.35,270.23,159.1,
4/9/2004,421.25,419.5,421.25,421.25,0.42,8.14,8.09,8.14,8.12,0.74,252.65,377.81,210.09,
4/8/2004,419.5,422.75,419.5,419.5,-0.92,8.08,8.19,8.08,8.07,-1.34,148.97,210.62,112.61,
4/7/2004,423.38,419.62,423.38,423.38,0.83,8.19,8.24,8.19,8.18,-0.49,131.77,183.3,101.92,
4/6/2004,419.88,415.88,419.88,419.88,1.02,8.23,8.11,8.23,8.22,1.48,175.18,228.63,132.43,
4/5/2004,415.62,421.12,415.62,415.62,-1,8.11,8.18,8.11,8.1,-0.12,184.24,264.48,128.69,
4/2/2004,419.8,426.25,419.8,419.8,-1.54,8.12,8.09,8.12,8.11,0,167.09,239.64,131.63,
4/1/2004,426.38,426.88,426.38,426.38,-0.06,8.12,7.9,8.12,8.11,2.53,139.82,172.34,143.75,
3/31/2004,426.62,421.38,426.62,426.62,1.2,7.92,7.75,7.92,7.9,2.19,173.76,251.45,139.82,
3/30/2004,421.55,417.5,421.55,421.55,0.82,7.75,7.6,7.75,7.74,1.84,116.34,183.13,61.1,
3/29/2004,418.12,421.62,418.12,418.12,-1.04,7.61,7.68,7.61,7.6,-1.3,149.41,203.45,103.03,
3/26/2004,422.5,416.5,422.5,422.5,1.47,7.71,7.57,7.71,7.7,1.58,164.91,184.59,168.4,
3/25/2004,416.38,415.38,416.38,416.38,0.12,7.59,7.58,7.59,7.58,-0.39,145.94,181.18,119.06,
3/24/2004,415.88,419.62,415.88,415.88,-0.95,7.62,7.71,7.62,7.61,-0.78,174.35,245.73,134.98,
3/23/2004,419.88,417.62,419.88,419.88,0.6,7.68,7.61,7.68,7.67,0.92,208.84,288.28,170.99,
3/22/2004,417.38,412.12,417.38,417.38,1.28,7.61,7.51,7.61,7.6,0.79,162.42,248.53,100.51,
3/19/2004,412.12,410.88,412.12,412.12,0.18,7.55,7.41,7.55,7.54,1.34,207.22,286.91,167.52,
3/18/2004,411.38,407.12,411.38,411.38,0.98,7.45,7.24,7.45,7.43,2.62,145.77,205.46,100.32,
3/17/2004,407.38,402.27,407.38,407.38,1.18,7.26,7.14,7.26,7.25,1.4,182.45,261.46,146.97,
3/16/2004,402.62,400.12,402.62,402.62,0.81,7.16,7.13,7.16,7.15,0.56,257.5,354.96,222.05,
3/15/2004,399.38,396.12,399.38,399.38,1.04,7.12,7.04,7.12,7.11,1.14,192.09,289.05,114.52,
3/12/2004,395.25,402.6,395.25,395.25,-1.77,7.04,7.18,7.04,7.03,-2.09,179.51,240.48,135.28,
3/11/2004,402.38,400.12,402.38,402.38,0.52,7.19,7.12,7.19,7.18,0.84,110.76,138.67,94.24,
3/10/2004,400.3,403.35,400.3,400.3,-0.58,7.13,7.11,7.13,7.12,0.28,111.99,129.27,88.22,
3/9/2004,402.62,402.12,402.62,402.62,0.25,7.11,6.98,7.11,7.1,1.86,82.81,117.94,63.94,
3/8/2004,401.62,400.62,401.62,401.62,0.05,6.98,6.94,6.98,6.97,0.29,84.56,109.96,67.26,
3/5/2004,401.4,392.75,401.4,401.4,2.11,6.96,6.73,6.96,6.95,3.11,106.58,97.64,95.81,
3/4/2004,393.12,392.62,393.12,393.12,-0.07,6.75,6.75,6.75,6.74,-0.15,112.29,154.59,75.59,
3/3/2004,393.38,392.62,393.38,393.38,0.02,6.76,6.71,6.76,6.75,0.75,108.42,113.78,104.39,
3/2/2004,393.3,399.55,393.3,393.3,-1.65,6.71,6.91,6.71,6.7,-3.17,86.58,83.12,74.66,
3/1/2004,399.88,397.12,399.88,399.88,0.87,6.93,6.63,6.93,6.92,3.59,118.18,145.54,86.71,
2/27/2004,396.45,395.1,396.45,396.45,0.27,6.69,6.67,6.69,6.68,-0.45,126.19,154.4,100.16,
2/26/2004,395.38,396.12,395.38,395.38,-0.11,6.72,6.53,6.72,6.71,2.91,111.18,95.72,113.46,
2/25/2004,395.8,403.85,395.8,395.8,-2.06,6.53,6.6,6.53,6.52,-1.06,161.73,149.29,184.3,
2/24/2004,404.12,398.88,404.12,404.12,1.31,6.6,6.48,6.6,6.59,2.01,138.15,195.88,97.01,
2/23/2004,398.9,398.1,398.9,398.9,0.32,6.47,6.5,6.47,6.46,-0.92,120.87,195.81,56.53,
2/20/2004,397.62,410.88,397.62,397.62,-2.99,6.53,6.66,6.53,6.52,-2.1,77.57,80.2,62.11,
2/19/2004,409.88,410.88,409.88,409.88,-0.18,6.67,6.63,6.67,6.66,0.6,132.07,139.73,116.55,
2/18/2004,410.62,415.62,410.62,410.62,-1.2,6.63,6.79,6.63,6.62,-1.92,93.44,96.16,85.22,
2/17/2004,415.62,411.48,415.62,415.62,0.93,6.76,6.56,6.76,6.75,2.89,91.92,91.64,103.74,
2/16/2004,411.8,410.4,411.8,411.8,0.39,6.57,6.54,6.57,6.56,0.15,93.03,104.84,94.17,
2/13/2004,410.2,412.35,410.2,410.2,-0.56,6.56,6.57,6.56,6.55,-0.46,121.85,118.65,117.81,
2/12/2004,412.5,411.6,412.5,412.5,0.21,6.59,6.55,6.59,6.58,0.46,93.02,77.28,90.24,
2/11/2004,411.62,406.12,411.62,411.62,1.26,6.56,6.37,6.56,6.55,2.66,126.61,152.64,102.83,
2/10/2004,406.5,406.9,406.5,406.5,-0.09,6.39,6.42,6.39,6.38,-0.31,125.68,131.26,159.25,
2/9/2004,406.88,402.38,406.88,406.88,0.89,6.41,6.24,6.41,6.4,2.4,133.39,140.37,135.57,
2/6/2004,403.3,397.75,403.3,403.3,1.51,6.26,6.1,6.26,6.25,2.45,140.21,128.13,160.32,
2/5/2004,397.3,400.8,397.3,397.3,-0.89,6.11,6.12,6.11,6.1,-0.49,116.09,134.57,103.27,
2/4/2004,400.88,400.12,400.88,400.88,0.32,6.14,6.11,6.14,6.13,0.49,161.24,152.29,174.07,
2/3/2004,399.62,398.62,399.62,399.62,0.31,6.11,6.04,6.11,6.1,1.33,150.85,153.46,153.6,
2/2/2004,398.38,402.38,398.38,398.38,-1.04,6.03,6.24,6.03,6.02,-3.21,184.91,243.17,157.03,
1/30/2004,402.57,399.88,402.57,402.57,0.67,6.23,6.23,6.23,6.22,-0.32,91.78,137.24,47.7,
1/29/2004,399.88,409.38,399.88,399.88,-2.56,6.25,6.47,6.25,6.24,-4.14,142.78,165.64,125.2,
1/28/2004,410.38,410.12,410.38,410.38,0,6.52,6.51,6.52,6.51,-0.31,129.14,149.7,94.9,
1/27/2004,410.38,404.12,410.38,410.38,1.61,6.54,6.25,6.54,6.53,4.47,129.59,138.65,136.67,
1/26/2004,403.88,407.62,403.88,403.88,-1.05,6.26,6.34,6.26,6.25,-1.57,97.64,79.31,114.27,
1/23/2004,408.18,410.12,408.18,408.18,-0.35,6.36,6.31,6.36,6.35,0.32,105.16,115.87,92.05,
1/22/2004,409.62,410.98,409.62,409.62,-0.26,6.34,6.2,6.34,6.33,2.26,117.88,146.9,102.93,
1/21/2004,410.7,412.55,410.7,410.7,-0.53,6.2,6.3,6.2,6.19,-1.9,85.47,88.14,83.32,
1/20/2004,412.88,406.88,412.88,412.88,1.38,6.32,6.33,6.32,6.31,-0.32,101.2,127.79,89.76,
1/19/2004,407.25,407.5,407.25,407.25,0.17,6.34,6.29,6.34,6.33,0.96,89.24,128.11,53.43,
1/16/2004,406.57,409.38,406.57,406.57,-0.5,6.28,6.18,6.28,6.27,1.13,95.97,81.18,106.41,
1/15/2004,408.62,419.88,408.62,408.62,-2.57,6.21,6.38,6.21,6.2,-2.2,119.83,132.73,106.28,
1/14/2004,419.38,424.38,419.38,419.38,-1.12,6.35,6.56,6.35,6.34,-3.2,97.6,82.56,93.46,
1/13/2004,424.12,424.62,424.12,424.12,-0.18,6.56,6.56,6.56,6.55,-0.15,147.09,171.08,163.08,
1/12/2004,424.88,426.62,424.88,424.88,-0.4,6.57,6.47,6.57,6.56,1.7,73.86,80.99,67.56,
1/9/2004,426.6,423.6,426.6,426.6,0.64,6.46,6.18,6.46,6.45,4.36,144.02,123.07,161.31,
1/8/2004,423.88,420.62,423.88,423.88,0.83,6.19,6.18,6.19,6.18,-0.32,128.04,157.51,90.61,
1/7/2004,420.38,422.12,420.38,420.38,-0.47,6.21,6.3,6.21,6.2,-1.43,148.56,138.65,157.7,
1/6/2004,422.38,423.68,422.38,422.38,-0.29,6.3,6.2,6.3,6.29,1.29,128.37,106.13,135.38,
1/5/2004,423.62,416.12,423.62,423.62,2.05,6.22,5.97,6.22,6.21,4.19,102.53,141.53,85.26,
1/2/2004,415.12,415.38,415.12,415.12,0.02,5.97,5.93,5.97,5.96,0.51,165.04,180.2,209.12,
12/31/2003,415.05,416.35,415.05,415.05,-0.32,5.94,5.98,5.94,5.93,-0.5,156.76,123.38,185.23,
12/30/2003,416.38,414.57,416.38,416.38,0.39,5.97,5.9,5.97,5.96,0.84,191.78,252.02,181.22,
12/29/2003,414.77,411.88,414.77,414.77,0.57,5.92,5.74,5.92,5.91,2.6,184.28,218.7,204.31,
12/26/2003,412.4,413.15,412.4,412.4,0.1,5.77,5.76,5.77,5.76,0,151.01,194.26,129.62,
12/25/2003,412,412.05,412,412,0,5.77,5.77,5.77,5.76,0,128.89,154.2,128.61,
12/24/2003,412,411.6,412,412,0.27,5.77,5.7,5.77,5.76,0.87,186.51,234.44,182.06,
12/23/2003,410.88,409.98,410.88,410.88,0.19,5.72,5.67,5.72,5.71,0.53,171.54,243.21,190.18,
12/22/2003,410.12,408.62,410.12,410.12,0.19,5.69,5.69,5.69,5.68,-0.18,177.01,184.87,196.25,
12/19/2003,409.35,410.65,409.35,409.35,-0.34,5.7,5.68,5.7,5.69,-0.18,156.91,214.36,101.48,
12/18/2003,410.75,412.5,410.75,410.75,-0.45,5.71,5.67,5.71,5.7,0.35,81.55,123.35,56.12,
12/17/2003,412.62,407.88,412.62,412.62,1.29,5.69,5.61,5.69,5.68,1.43,133.35,187.33,105.85,
12/16/2003,407.38,410.38,407.38,407.38,-0.49,5.61,5.62,5.61,5.6,-0.53,138.41,177.84,102.3,
12/15/2003,409.38,408.38,409.38,409.38,0.06,5.64,5.6,5.64,5.63,0.53,130.19,158.63,102.24,
12/12/2003,409.15,405.15,409.15,409.15,0.99,5.61,5.57,5.61,5.6,0.54,133.43,156.15,106.13,
12/11/2003,405.12,404.88,405.12,405.12,-0.1,5.58,5.54,5.58,5.57,0,109.38,150.58,69.3,
12/10/2003,405.52,408.48,405.52,405.52,-0.7,5.58,5.61,5.58,5.57,-0.89,143.15,159.84,114.28,
12/9/2003,408.38,406.38,408.38,408.38,0.31,5.63,5.53,5.63,5.62,1.44,80.17,119.88,38.09,
12/8/2003,407.12,406.18,407.12,407.12,0.19,5.55,5.46,5.55,5.54,1.65,82.53,104.72,68.63,
12/5/2003,406.35,402.25,406.35,406.35,0.86,5.46,5.43,5.46,5.45,0.18,112.19,164.82,63.83,
12/4/2003,402.88,404.38,402.88,402.88,-0.44,5.45,5.45,5.45,5.44,-0.18,134.11,171.14,107.06,
12/3/2003,404.65,403.75,404.65,404.65,0.35,5.46,5.48,5.46,5.45,-0.55,166.86,240.28,149.03,
12/2/2003,403.25,402.25,403.25,403.25,-0.03,5.49,5.45,5.49,5.48,0.37,120.28,155.56,75.69,
12/1/2003,403.38,398.62,403.38,403.38,1.38,5.47,5.35,5.47,5.46,2.24,143.39,175.93,116.17,
11/28/2003,397.88,395.38,397.88,397.88,0.68,5.35,5.31,5.35,5.34,0.56,143.21,148.98,139.8,
11/27/2003,395.2,396,395.2,395.2,-0.36,5.32,5.33,5.32,5.31,-0.56,119.7,149.16,114.46,
11/26/2003,396.62,391.38,396.62,396.62,1.37,5.35,5.28,5.35,5.34,1.13,105.75,167.44,67.25,
11/25/2003,391.25,391.9,391.25,391.25,-0.06,5.29,5.24,5.29,5.28,0.95,101.44,94.8,94.89,
11/24/2003,391.5,396.25,391.5,391.5,-1.19,5.24,5.28,5.24,5.23,-0.76,131.9,180.33,94.01,
11/21/2003,396.2,394.65,396.2,396.2,0.42,5.28,5.26,5.28,5.27,0.38,203.21,255.31,175.92,
11/20/2003,394.55,394.95,394.55,394.55,-0.05,5.26,5.27,5.26,5.25,-0.19,131.66,168.01,113.86,
11/19/2003,394.75,398.75,394.75,394.75,-0.94,5.27,5.37,5.27,5.26,-1.86,134.97,146.25,126.87,
11/18/2003,398.5,390.75,398.5,398.5,2.11,5.37,5.24,5.37,5.36,2.48,152.06,190.24,143.8,
11/17/2003,390.25,399,390.25,390.25,-1.85,5.24,5.38,5.24,5.23,-2.78,129.64,197.26,73.76,
11/14/2003,397.62,394.88,397.62,397.62,0.75,5.39,5.27,5.39,5.38,2.08,101.61,133.14,86.91,
11/13/2003,394.65,394.25,394.65,394.65,0.15,5.28,5.29,5.28,5.27,-0.56,120.31,175.91,57.8,
11/12/2003,394.05,388.1,394.05,394.05,1.64,5.31,5.05,5.31,5.3,4.94,95.5,124.95,69.48,
11/11/2003,387.7,385.75,387.7,387.7,0.32,5.06,5.07,5.06,5.05,-0.39,151.93,196,118.9,
11/10/2003,386.45,383.25,386.45,386.45,0.87,5.08,5.04,5.08,5.07,0.59,128.72,173.61,113.33,
11/7/2003,383.12,380.38,383.12,383.12,0.83,5.05,4.95,5.05,5.04,2.02,86.49,103.47,71.92,
11/6/2003,379.95,382,379.95,379.95,-0.41,4.95,4.97,4.95,4.94,-0.4,95.63,105.93,79.52,
11/5/2003,381.52,380.02,381.52,381.52,0.51,4.97,5.03,4.97,4.96,-1.39,109.34,164.97,68.8,
11/4/2003,379.6,377.45,379.6,379.6,0.66,5.04,4.92,5.04,5.03,2.23,122.46,156.51,83.55,
11/3/2003,377.1,384.6,377.1,377.1,-1.9,4.93,5.04,4.93,4.92,-2.38,151.24,213.29,122.7,
10/31/2003,384.4,383.4,384.4,384.4,0.23,5.05,5.11,5.05,5.04,-1.37,107.63,95.38,104.41,
10/30/2003,383.5,385.75,383.5,383.5,-0.79,5.12,5.12,5.12,5.11,-0.19,74.47,95.79,55.93,
10/29/2003,386.55,383,386.55,386.55,0.97,5.13,5.09,5.13,5.12,0.79,128.7,161.77,111.67,
10/28/2003,382.85,388.25,382.85,382.85,-1.3,5.09,5.16,5.09,5.08,-1.74,112.82,143.72,78.18,
10/27/2003,387.9,388.25,387.9,387.9,-0.21,5.18,5.14,5.18,5.17,0.58,101.59,122.98,72.41,
10/24/2003,388.7,384.65,388.7,388.7,1.03,5.15,5.14,5.15,5.14,0,133.06,121.59,124.47,
10/23/2003,384.75,384.55,384.75,384.75,-0.29,5.15,5.11,5.15,5.14,0.59,120.77,137.6,98.38,
10/22/2003,385.85,380.65,385.85,385.85,1.21,5.12,5.04,5.12,5.11,1.39,163.69,116.16,193.78,
10/21/2003,381.25,373.25,381.25,381.25,2.12,5.05,4.97,5.05,5.04,1.2,154.49,189.55,128.46,
10/20/2003,373.35,372.55,373.35,373.35,0.45,4.99,4.93,4.99,4.98,1.22,115.71,145.01,93.47,
10/17/2003,371.68,372.18,371.68,371.68,-0.01,4.93,4.91,4.93,4.92,0.61,110.51,150.47,85.17,
10/16/2003,371.7,372.85,371.7,371.7,-0.39,4.9,4.92,4.9,4.89,-0.61,130.32,179.53,98.52,
10/15/2003,373.15,375.75,373.15,373.15,-0.6,4.93,4.92,4.93,4.92,0.41,113.09,137.48,105.5,
10/14/2003,375.4,374.3,375.4,375.4,0.2,4.91,4.95,4.91,4.9,-1.01,123.98,133.11,111.03,
10/13/2003,374.65,373.6,374.65,374.65,0.28,4.96,4.91,4.96,4.95,1.22,129.84,146.93,116.72,
10/10/2003,373.62,370.38,373.62,373.62,0.98,4.9,4.83,4.9,4.89,1.24,137.34,158.82,123.34,
10/9/2003,370,375.7,370,370,-1.39,4.84,4.86,4.84,4.83,-0.62,77.25,98.02,70.08,
10/8/2003,375.2,376.85,375.2,375.2,-0.35,4.87,4.85,4.87,4.86,0.41,88.89,119.9,73.92,
10/7/2003,376.5,373,376.5,376.5,0.95,4.85,4.8,4.85,4.84,1.25,126.36,161.97,85.06,
10/6/2003,372.95,371.5,372.95,372.95,0.88,4.79,4.83,4.79,4.78,-0.42,135.82,191.54,88.14,
10/3/2003,369.7,383.35,369.7,369.7,-3.42,4.81,5.07,4.81,4.8,-5.31,133.13,130.12,151.94,
10/2/2003,382.8,385.2,382.8,382.8,-0.46,5.08,5.09,5.08,5.07,-0.2,114.32,159.02,88.43,
10/1/2003,384.57,385.07,384.57,384.57,-0.18,5.09,5.11,5.09,5.08,-0.59,83.62,118.33,62.81,
9/30/2003,385.25,383,385.25,385.25,0.78,5.12,5.06,5.12,5.11,1.19,120.98,91.89,153.29,
9/29/2003,382.25,381.25,382.25,382.25,0.37,5.06,5.12,5.06,5.05,-0.98,131.3,157.08,112.3,
9/26/2003,380.85,384.75,380.85,380.85,-1.18,5.11,5.2,5.11,5.1,-1.73,119.2,160.28,92.2,
9/25/2003,385.38,389.12,385.38,385.38,-1.02,5.2,5.29,5.2,5.19,-1.89,110.16,127.7,102.26,
9/24/2003,389.35,385.25,389.35,389.35,1.21,5.3,5.21,5.3,5.29,1.92,150.31,190.19,120.18,
9/23/2003,384.7,386.5,384.7,384.7,-0.62,5.2,5.24,5.2,5.19,-0.95,105.35,116.69,82.73,
9/22/2003,387.1,382.25,387.1,387.1,1.35,5.25,5.28,5.25,5.24,0,116.23,163.58,73.91,
9/19/2003,381.95,376.85,381.95,381.95,1.41,5.25,5.21,5.25,5.24,0.38,115.17,169.49,72.97,
9/18/2003,376.65,376,376.65,376.65,-0.03,5.23,5.26,5.23,5.22,-0.76,128.59,158.97,111.21,
9/17/2003,376.75,373,376.75,376.75,0.96,5.27,5.19,5.27,5.26,1.54,122.79,159.42,94.98,
9/16/2003,373.15,374.35,373.15,373.15,-0.25,5.19,5.17,5.19,5.18,0.39,133.72,127.25,136.46,
9/15/2003,374.1,375.8,374.1,374.1,-0.27,5.17,5.17,5.17,5.16,-0.39,111.35,117.94,104.16,
9/12/2003,375.12,379.77,375.12,375.12,-1.35,5.19,5.3,5.19,5.18,-2.44,126.28,158.09,112.33,
9/11/2003,380.25,380.25,380.25,380.25,-0.04,5.32,5.23,5.32,5.31,1.33,97.43,153.36,55.43,
9/10/2003,380.4,382,380.4,380.4,-0.59,5.25,5.24,5.25,5.24,0,159.71,171.02,137.73,
9/9/2003,382.65,375.25,382.65,382.65,1.97,5.25,5.07,5.25,5.24,3.35,157.89,160.49,175.05,
9/8/2003,375.25,376.65,375.25,375.25,-0.52,5.08,5.11,5.08,5.07,-0.59,165.08,256,122.02,
9/5/2003,377.2,373.2,377.2,377.2,1,5.11,5.02,5.11,5.1,1.79,133.41,101.87,146.34,
9/4/2003,373.45,375.05,373.45,373.45,-0.11,5.02,5.05,5.02,5.01,-0.79,99.16,80.15,120.34,
9/3/2003,373.85,371.75,373.85,373.85,0.6,5.06,5,5.06,5.05,1.61,132.26,155.83,124.98,
9/2/2003,371.62,376.12,371.62,371.62,-1.14,4.98,5.12,4.98,4.97,-3.3,151.92,184.7,123.24,
9/1/2003,375.9,374.9,375.9,375.9,0.09,5.15,5.1,5.15,5.14,0.98,154.59,246.58,66.11,
8/29/2003,375.57,369.88,375.57,375.57,1.6,5.1,5.11,5.1,5.09,-0.39,114.12,147.59,97.46,
8/28/2003,369.65,372.15,369.65,369.65,-0.77,5.12,5.11,5.12,5.11,0,139.65,122.52,157.93,
8/27/2003,372.5,364.75,372.5,372.5,2.15,5.12,4.99,5.12,5.11,2.61,164.56,157.98,157.11,
8/26/2003,364.65,361.25,364.65,364.65,0.9,4.99,4.98,4.99,4.98,0.2,195.97,232.93,175.49,
8/25/2003,361.4,362.45,361.4,361.4,-0.48,4.98,4.97,4.98,4.97,-0.2,129.43,177.42,87.44,
8/22/2003,363.15,361.85,363.15,363.15,0.49,4.99,4.93,4.99,4.98,0.81,134.41,178.67,114.25,
8/21/2003,361.38,366.38,361.38,361.38,-1.34,4.95,5.02,4.95,4.94,-1.39,117.31,144.79,97.55,
8/20/2003,366.27,361.98,366.27,366.27,1.21,5.02,4.97,5.02,5.01,0.6,208.79,285.81,155.48,
8/19/2003,361.88,358.88,361.88,361.88,0.91,4.99,4.92,4.99,4.98,1.22,162.8,239.92,100.06,
8/18/2003,358.62,363.62,358.62,358.62,-1.36,4.93,4.92,4.93,4.92,0.2,139.31,208.33,90.1,
8/15/2003,363.55,366.35,363.55,363.55,-0.63,4.92,5.02,4.92,4.91,-1.99,218.31,315.41,168.37,
8/14/2003,365.85,362.35,365.85,365.85,0.88,5.02,4.99,5.02,5.01,0.8,150.97,165.27,162.46,
8/13/2003,362.65,358.4,362.65,362.65,1.19,4.98,4.86,4.98,4.97,2.26,179.58,230.17,154.66,
8/12/2003,358.4,361.75,358.4,358.4,-0.95,4.87,4.98,4.87,4.86,-2.4,144.33,203.55,122.94,
8/11/2003,361.85,356.25,361.85,361.85,1.46,4.99,4.97,4.99,4.98,0,134.56,181.49,111.89,
8/8/2003,356.65,352.6,356.65,356.65,1.07,4.99,5.02,4.99,4.98,-0.8,150.86,236.8,80.07,
8/7/2003,352.88,351.38,352.88,352.88,0.32,5.03,4.95,5.03,5.02,1.21,136.01,192.84,80.42,
8/6/2003,351.75,351.75,351.75,351.75,-0.04,4.97,4.94,4.97,4.96,0.4,152.3,221.42,110.81,
8/5/2003,351.9,349.55,351.9,351.9,0.67,4.95,5.02,4.95,4.94,-1.2,107.45,162.53,73.95,
8/4/2003,349.55,347.5,349.55,349.55,0.45,5.01,5.08,5.01,5,-1.57,161.49,181.63,130.84,
8/1/2003,347.98,355.48,347.98,347.98,-1.98,5.09,5.12,5.09,5.08,-0.97,153.79,190.11,117.65,
7/31/2003,355,356.35,355,355,-0.41,5.14,5.06,5.14,5.13,1.38,134.59,153.34,137.04,
7/30/2003,356.45,361.5,356.45,356.45,-1.47,5.07,5.14,5.07,5.06,-1.55,191.42,284.63,118.71,
7/29/2003,361.75,363.85,361.75,361.75,-0.82,5.15,5.15,5.15,5.14,-0.39,178.57,283.37,96.97,
7/28/2003,364.75,362,364.75,364.75,0.54,5.17,5.04,5.17,5.16,1.97,134.13,235.02,54.08,
7/25/2003,362.8,362.1,362.8,362.8,0.29,5.07,5.08,5.07,5.06,-0.39,159.49,262.97,96.92,
7/24/2003,361.75,360.4,361.75,361.75,0.58,5.09,5.05,5.09,5.08,0.79,125.43,187.57,56.89,
7/23/2003,359.65,351.15,359.65,359.65,2.54,5.05,4.78,5.05,5.04,5.43,170.66,261.27,96.29,
7/22/2003,350.75,352,350.75,350.75,-0.28,4.79,4.74,4.79,4.78,0.84,134.77,134.36,135.66,
7/21/2003,351.75,347.5,351.75,351.75,1.28,4.75,4.68,4.75,4.74,0.85,165.02,168.53,167.35,
7/18/2003,347.3,344.45,347.3,347.3,0.71,4.71,4.67,4.71,4.7,0.86,132.39,158.37,127.21,
7/17/2003,344.85,343.4,344.85,344.85,0.38,4.67,4.65,4.67,4.66,0.21,138.02,157.26,121.8,
7/16/2003,343.55,342.35,343.55,343.55,0.41,4.66,4.65,4.66,4.65,0.22,141.79,132.34,160.55,
7/15/2003,342.15,347.05,342.15,342.15,-1.48,4.65,4.77,4.65,4.64,-2.72,147.01,130.27,157.56,
7/14/2003,347.3,345.05,347.3,347.3,0.62,4.78,4.78,4.78,4.77,-0.21,143.31,122.46,143,
7/11/2003,345.15,344.45,345.15,345.15,-0.09,4.79,4.79,4.79,4.78,-0.42,95.22,120.82,76.78,
7/10/2003,345.45,344.45,345.45,345.45,0.26,4.81,4.8,4.81,4.8,0,147.48,169.64,127.35,
7/9/2003,344.55,344.4,344.55,344.55,-0.01,4.81,4.72,4.81,4.8,1.48,145.82,170.65,115.98,
7/8/2003,344.6,348.25,344.6,344.6,-1.09,4.74,4.71,4.74,4.73,0.21,190.15,206.19,160.89,
7/7/2003,348.4,351,348.4,348.4,-0.7,4.73,4.65,4.73,4.72,1.5,88.9,123.31,64.28,
7/4/2003,350.85,351.05,350.85,350.85,-0.09,4.66,4.67,4.66,4.65,-0.43,150.41,178.51,125.07,
7/3/2003,351.15,351.25,351.15,351.15,-0.1,4.68,4.62,4.68,4.67,0.86,119.14,168.02,77.32,
7/2/2003,351.5,351.25,351.5,351.5,0.21,4.64,4.56,4.64,4.63,1.53,176.5,226.23,136.28,
7/1/2003,350.75,346.75,350.75,350.75,1.26,4.57,4.54,4.57,4.56,0.22,154.61,190.21,114.88,
6/30/2003,346.4,345,346.4,346.4,0.33,4.56,4.51,4.56,4.55,1.11,150.57,215.54,96.31,
6/27/2003,345.25,347.45,345.25,345.25,0.32,4.51,4.51,4.51,4.5,-0.44,150.3,182.16,112.73,
6/26/2003,344.15,347.6,344.15,344.15,-0.94,4.53,4.55,4.53,4.52,-0.66,167,207.42,132.03,
6/25/2003,347.4,347.5,347.4,347.4,0.01,4.56,4.53,4.56,4.55,0.88,226.12,298.62,175.82,
6/24/2003,347.38,352.88,347.38,347.38,-1.44,4.52,4.54,4.52,4.51,-0.88,155.85,204.95,132.35,
6/23/2003,352.45,357.25,352.45,352.45,-1.38,4.56,4.53,4.56,4.55,0.22,141.29,179.99,117.49,
6/20/2003,357.38,361.43,357.38,357.38,-1.28,4.55,4.57,4.55,4.54,-0.66,156.14,115.98,173.11,
6/19/2003,362,357.75,362,362,1.2,4.58,4.56,4.58,4.57,0.22,164.94,197.32,150.87,
6/18/2003,357.7,363.05,357.7,357.7,-1.41,4.57,4.61,4.57,4.56,-1.08,176.98,252.9,156.98,
6/17/2003,362.8,359.45,362.8,362.8,0.95,4.62,4.6,4.62,4.61,0.22,146.94,114.64,154.06,
6/16/2003,359.4,356.75,359.4,359.4,0.71,4.61,4.51,4.61,4.6,0.66,173.57,242.98,153.54,
6/13/2003,356.88,353.73,356.88,356.88,0.98,4.58,4.5,4.58,4.57,1.55,139.18,222.01,106.48,
6/12/2003,353.4,355.1,353.4,353.4,-0.38,4.51,4.5,4.51,4.5,0.22,172.36,225.53,138.84,
6/11/2003,354.75,353,354.75,354.75,0.67,4.5,4.47,4.5,4.49,0.45,158.88,185.29,134.61,
6/10/2003,352.38,361.48,352.38,352.38,-2.48,4.48,4.51,4.48,4.47,-0.88,172.5,163.22,194.49,
6/9/2003,361.35,362.75,361.35,361.35,-0.66,4.52,4.54,4.52,4.51,-0.44,150.4,179.92,150.08,
6/6/2003,363.75,367.85,363.75,363.75,-1.24,4.54,4.5,4.54,4.53,0.89,172.53,229.33,148.25,
6/5/2003,368.3,361.95,368.3,368.3,1.95,4.5,4.48,4.5,4.49,0.45,166.03,186.88,155.87,
6/4/2003,361.27,365.68,361.27,361.27,-1.09,4.48,4.5,4.48,4.47,-0.67,186.19,227.18,157.14,
6/3/2003,365.25,366.05,365.25,365.25,-0.27,4.51,4.51,4.51,4.5,0,205.26,195.18,210.07,
6/2/2003,366.25,362.35,366.25,366.25,0.35,4.51,4.51,4.51,4.5,-0.44,150.92,115.74,173.77,
5/30/2003,364.98,368.62,364.98,364.98,-1.11,4.53,4.56,4.53,4.52,-0.88,143.5,137.1,144.19,
5/29/2003,369.07,366.12,369.07,369.07,1.24,4.57,4.61,4.57,4.56,-1.51,126.14,158.56,118.57,
5/28/2003,364.55,365.25,364.55,364.55,-0.16,4.64,4.6,4.64,4.63,0.65,148.32,166.35,118.2,
5/27/2003,365.12,370.62,365.12,365.12,-1.62,4.61,4.66,4.61,4.6,-1.28,126.3,107.92,144.03,
5/26/2003,371.15,367.85,371.15,371.15,0.65,4.67,4.63,4.67,4.66,0.65,152.4,160.87,134.18,
5/23/2003,368.75,369.05,368.75,368.75,0.1,4.64,4.65,4.64,4.63,-0.22,189.29,133.2,226.84,
5/22/2003,368.38,372.12,368.38,368.38,-0.87,4.65,4.7,4.65,4.64,-1.48,207.52,237.92,185.5,
5/21/2003,371.62,368.48,371.62,371.62,0.95,4.72,4.76,4.72,4.71,-1.05,186.1,211.21,219.03,
5/20/2003,368.12,367.12,368.12,368.12,0.51,4.77,4.82,4.77,4.76,-1.24,195.05,283.44,137.45,
5/19/2003,366.25,356.75,366.25,366.25,3.21,4.83,4.79,4.83,4.82,1.05,144.02,222.55,101.8,
5/16/2003,354.85,351.85,354.85,354.85,0.81,4.78,4.76,4.78,4.77,0.42,210.05,266,207.71,
5/15/2003,352,352.35,352,352,-0.14,4.76,4.85,4.76,4.75,-2.06,224.32,239.23,221.23,
5/14/2003,352.5,350.25,352.5,352.5,0.79,4.86,4.81,4.86,4.85,0.83,222.93,302.03,161.61,
5/13/2003,349.73,350.88,349.73,349.73,-0.43,4.82,4.84,4.82,4.81,-0.62,167.4,237.49,117.78,
5/12/2003,351.25,348.65,351.25,351.25,0.73,4.85,4.78,4.85,4.84,1.46,182.05,177.93,172.16,
5/9/2003,348.7,348.4,348.7,348.7,0.13,4.78,4.78,4.78,4.77,-0.21,192.16,211.58,186.02,
5/8/2003,348.25,341.7,348.25,348.25,1.83,4.79,4.72,4.79,4.78,1.05,145.43,161.09,147.8,
5/7/2003,342,344.35,342,342,-0.69,4.74,4.79,4.74,4.73,-1.25,155.23,151.83,165.61,
5/6/2003,344.38,342.12,344.38,344.38,0.64,4.8,4.79,4.8,4.79,-0.21,160.29,153.13,172.16,
5/5/2003,342.2,341.75,342.2,342.2,0.34,4.81,4.77,4.81,4.8,0.63,175.33,171.07,186.12,
5/2/2003,341.05,341.85,341.05,341.05,-0.2,4.78,4.74,4.78,4.77,0.63,154.07,208.46,114.39,
5/1/2003,341.75,339.65,341.75,341.75,0.63,4.75,4.64,4.75,4.74,2.15,201.63,240.17,187.26,
4/30/2003,339.62,334.88,339.62,339.62,1.61,4.65,4.56,4.65,4.64,1.75,225.66,178.82,274.25,
4/29/2003,334.25,333.85,334.25,334.25,0.04,4.57,4.57,4.57,4.56,-0.44,159.49,134.54,163.23,
4/28/2003,334.1,333.25,334.1,334.1,0.21,4.59,4.6,4.59,4.58,-0.65,141.5,159.15,126.71,
4/25/2003,333.4,334.4,333.4,333.4,-0.36,4.62,4.63,4.62,4.61,-0.43,214.84,219.97,207.61,
4/24/2003,334.6,331.35,334.6,334.6,0.97,4.64,4.61,4.64,4.63,0.43,172.42,187.52,178.13,
4/23/2003,331.38,332.98,331.38,331.38,-0.52,4.62,4.58,4.62,4.61,0.87,184.36,136.36,252.21,
4/22/2003,333.12,333.77,333.12,333.12,-0.2,4.58,4.53,4.58,4.57,0.66,174.88,207.86,184.57,
4/21/2003,333.8,327.25,333.8,333.8,2,4.55,4.48,4.55,4.54,1.56,199.16,226.91,189.27,
4/18/2003,327.25,327.25,327.25,327.25,0.02,4.48,4.46,4.48,4.47,0,234.46,273.81,239.52,
4/17/2003,327.2,326.85,327.2,327.2,0.23,4.48,4.48,4.48,4.47,-0.44,229.66,199.33,260.62,
4/16/2003,326.45,324.75,326.45,326.45,0.46,4.5,4.51,4.5,4.49,-0.44,280.17,328.59,242.1,
4/15/2003,324.95,324.95,324.95,324.95,-0.02,4.52,4.52,4.52,4.51,-0.44,280.67,357.89,217.1,
4/14/2003,325,326.6,325,325,-0.97,4.54,4.48,4.54,4.53,0.89,263.3,368.9,213.02,
4/11/2003,328.18,326.27,328.18,328.18,0.51,4.5,4.47,4.5,4.49,0.22,319.09,452.9,229.35,
4/10/2003,326.5,327.05,326.5,326.5,-0.11,4.49,4.48,4.49,4.48,0,287.74,359.16,237.32,
4/9/2003,326.85,323.05,326.85,326.85,1.1,4.49,4.48,4.49,4.48,0.22,354.19,549.91,217.27,
4/8/2003,323.3,322.85,323.3,323.3,0.09,4.48,4.42,4.48,4.47,1.13,339.98,527.9,230.17,
4/7/2003,323,321.75,323,323,-0.83,4.43,4.39,4.43,4.42,0.23,277.46,357.56,225.09,
4/4/2003,325.7,325.35,325.7,325.7,0.1,4.42,4.4,4.42,4.41,0,394.21,621.76,229.95,
4/3/2003,325.38,329.62,325.38,325.38,-1.4,4.42,4.37,4.42,4.41,0.45,356.86,510.44,245.13,
4/2/2003,330,335.25,330,330,-1.53,4.4,4.44,4.4,4.39,-0.9,428.78,648.18,288.97,
4/1/2003,335.12,337.62,335.12,335.12,-0.7,4.44,4.46,4.44,4.43,-0.67,512.38,706.8,401.29,
3/31/2003,337.48,332.62,337.48,337.48,1.68,4.47,4.44,4.47,4.46,0.68,439.02,676.39,298.68,
3/28/2003,331.9,329.65,331.9,331.9,0.77,4.44,4.38,4.44,4.43,1.14,373.54,486.18,323.55,
3/27/2003,329.38,330.88,329.38,329.38,-0.3,4.39,4.4,4.39,4.38,-0.23,482.87,713.35,370.32,
3/26/2003,330.38,328.88,330.38,330.38,0.54,4.4,4.38,4.4,4.39,0.23,417.85,624.85,278.88,
3/25/2003,328.62,330.38,328.62,328.62,-0.4,4.39,4.36,4.39,4.38,0.46,516.67,753.48,353.52,
3/24/2003,329.93,327.88,329.93,329.93,1.15,4.37,4.35,4.37,4.36,0.46,441.45,678.62,285.82,
3/21/2003,326.18,332.12,326.18,326.18,-1.87,4.35,4.41,4.35,4.34,-1.36,595.03,924.46,479.79, Beginning of the Iraq War
3/20/2003,332.38,336.88,332.38,332.38,-1.24,4.41,4.42,4.41,4.4,-0.45,478.95,700.93,498.32,
3/19/2003,336.55,338.65,336.55,336.55,-0.46,4.43,4.47,4.43,4.42,-1.12,540.06,575.83,658.01,
3/18/2003,338.1,337.15,338.1,338.1,0.36,4.48,4.44,4.48,4.47,0.45,554.58,653.93,689.25,
3/17/2003,336.9,335.1,336.9,336.9,0.12,4.46,4.56,4.46,4.45,-1.76,344.84,312.53,417.09,
3/14/2003,336.5,334.4,336.5,336.5,0.54,4.54,4.52,4.54,4.53,0,336.59,307.59,433.82,
3/13/2003,334.7,346.5,334.7,334.7,-3.27,4.54,4.62,4.54,4.53,-1.94,262.22,202.73,333.74,
3/12/2003,346,350.6,346,346,-1.42,4.63,4.66,4.63,4.62,-1.07,347.37,288.13,425.19,
3/11/2003,350.98,354.98,350.98,350.98,-1.07,4.68,4.67,4.68,4.67,0,309.09,255.23,379.04,
3/10/2003,354.77,351.88,354.77,354.77,1.19,4.68,4.68,4.68,4.67,-0.21,327.62,297.58,387.45,
3/7/2003,350.6,356.4,350.6,350.6,-1.65,4.69,4.67,4.69,4.67,0.43,313.06,224.07,422.74,
3/6/2003,356.5,353.9,356.5,356.5,0.74,4.67,4.63,4.67,4.66,0.65,285.29,273.88,316.31,
3/5/2003,353.88,354.12,353.88,353.88,0.22,4.64,4.67,4.64,4.63,-0.64,338.19,270.88,384.57,
3/4/2003,353.12,350.12,353.12,353.12,0.86,4.67,4.66,4.67,4.66,0.21,326.09,289.68,397.34,
3/3/2003,350.12,348.62,350.12,350.12,0.08,4.66,4.57,4.66,4.65,1.3,247.1,199.93,303.74,
2/28/2003,349.85,345.1,349.85,349.85,1.22,4.6,4.57,4.6,4.59,0.66,240.86,203.4,315.74,
2/27/2003,345.62,354.77,345.62,345.62,-2.47,4.57,4.66,4.57,4.56,-1.93,228.99,212.72,285.62,
2/26/2003,354.38,352.12,354.38,354.38,0.7,4.66,4.64,4.66,4.65,0.22,284.53,197.07,353.65,
2/25/2003,351.93,357.12,351.93,351.93,-1.39,4.65,4.72,4.65,4.64,-1.48,338.82,295.15,415.77,
2/24/2003,356.88,351.38,356.88,356.88,1.55,4.72,4.65,4.72,4.71,1.07,186.14,166.63,240.07,
2/21/2003,351.43,352.77,351.43,351.43,-0.3,4.67,4.65,4.67,4.66,0.21,227.28,198.26,259.86,
2/20/2003,352.48,349.62,352.48,352.48,0.72,4.66,4.63,4.66,4.65,0.65,239.5,209.25,304.32,
2/19/2003,349.95,342.75,349.95,349.95,1.73,4.63,4.54,4.63,4.62,1.54,242.38,212.87,278.33,
2/18/2003,344,346.75,344,344,-0.86,4.56,4.49,4.56,4.55,1.33,342.68,303.67,431.74,
2/17/2003,347,350.5,347,347,-1.14,4.5,4.5,4.5,4.49,-0.66,290.78,274.22,385.57,
2/14/2003,351,357,351,351,-1.61,4.53,4.53,4.53,4.52,-0.22,344.46,331.95,448.74, War Fears U.S./Iraq; Terrorism in UK; Tension with North Korea
2/13/2003,356.75,352,356.75,356.75,1.1,4.54,4.49,4.54,4.53,0.89,334.66,375.33,382.63,
2/12/2003,352.88,363.88,352.88,352.88,-2.97,4.5,4.57,4.5,4.49,-1.75,296.34,298.35,336.69,
2/11/2003,363.68,362.62,363.68,363.68,0.19,4.58,4.59,4.58,4.57,-0.43,213.41,190.52,248.96,
2/10/2003,362.98,369.38,362.98,362.98,-1.87,4.6,4.63,4.6,4.59,-0.86,180.55,117.55,238.99,
2/7/2003,369.9,370,369.9,369.9,-0.23,4.64,4.67,4.64,4.63,-0.85,257.03,172.75,345.81,
2/6/2003,370.75,370.1,370.75,370.75,-0.4,4.68,4.74,4.68,4.67,-1.27,211.49,121.93,292.4,
2/5/2003,372.25,382.25,372.25,372.25,-2.55,4.74,4.92,4.74,4.73,-3.66,196.58,140.4,243.98,
2/4/2003,382,371.5,382,382,2.87,4.92,4.83,4.92,4.91,1.65,206.44,170.98,264.09,
2/3/2003,371.35,368,371.35,371.35,0.78,4.84,4.84,4.84,4.83,0,167.59,213.29,166.04,
1/31/2003,368.48,370.38,368.48,368.48,-0.44,4.84,4.87,4.84,4.83,-0.82,230.36,180.24,281.27,
1/30/2003,370.12,365.12,370.12,370.12,1.02,4.88,4.79,4.88,4.87,1.46,264.37,263.56,320.96,
1/29/2003,366.38,369.77,366.38,366.38,-0.84,4.81,4.85,4.81,4.8,-1.23,257.61,211.5,352.82,
1/28/2003,369.48,369.12,369.48,369.48,-0.11,4.87,4.82,4.87,4.86,0.83,285.57,183.47,390.49,
1/27/2003,369.88,368.88,369.88,369.88,0.34,4.83,4.88,4.83,4.82,-1.02,258.56,201.73,348.99,
1/24/2003,368.62,363.38,368.62,368.62,1.39,4.88,4.78,4.88,4.87,2.09,247.88,247.12,267.02,
1/23/2003,363.57,362.12,363.57,363.57,0.71,4.78,4.85,4.78,4.77,-1.24,184.46,127.7,217.29,
1/22/2003,361,358,361,361,0.8,4.84,4.81,4.84,4.83,0.41,226.73,135.03,288.92,
1/21/2003,358.15,356.35,358.15,358.15,0.53,4.82,4.79,4.82,4.81,0.42,229.15,194.85,285.82,
1/20/2003,356.25,356.25,356.25,356.25,-0.06,4.8,4.8,4.8,4.79,0,210.03,176.32,232.86,
1/17/2003,356.48,357.12,356.48,356.48,-0.46,4.8,4.81,4.8,4.79,-0.62,241.23,211.16,269.09,
1/16/2003,358.12,351.12,358.12,358.12,2.13,4.83,4.75,4.83,4.82,1.47,177.98,153.6,189.97,
1/15/2003,350.65,351.75,350.65,350.65,-0.24,4.76,4.74,4.76,4.75,0,242.03,186.05,286.12,
1/14/2003,351.5,354,351.5,351.5,-0.88,4.76,4.81,4.76,4.75,-1.45,193,157.71,220.99,
1/13/2003,354.62,353.38,354.62,354.62,-0.02,4.83,4.84,4.83,4.82,-0.62,202.41,162.98,220.1,
1/10/2003,354.68,352.88,354.68,354.68,0.4,4.86,4.83,4.86,4.85,0.62,245.27,164.97,309.61,
1/9/2003,353.27,353.12,353.27,353.27,-0.1,4.83,4.84,4.83,4.82,-0.41,175.07,158.16,204.71,
1/8/2003,353.62,347.62,353.62,353.62,1.8,4.85,4.8,4.85,4.84,1.04,202.43,189.58,275.45,
1/7/2003,347.38,350.62,347.38,347.38,-1.17,4.8,4.88,4.8,4.79,-2.04,209.53,152.52,254.43,
1/6/2003,351.48,350.88,351.48,351.48,0.08,4.9,4.88,4.9,4.89,0.62,117.88,109.69,124.17,
1/3/2003,351.2,345.3,351.2,351.2,1.61,4.87,4.81,4.87,4.86,1.25,171.76,132.79,215.7,
1/2/2003,345.62,346.38,345.62,345.62,-0.4,4.81,4.76,4.81,4.8,0.84,183.23,179.09,179.25,
12/31/2002,347,343.3,347,347,0.93,4.77,4.66,4.77,4.76,2.36,228.61,223.44,238.55,
12/30/2002,343.8,349.3,343.8,343.8,-1.55,4.66,4.71,4.66,4.65,-1.06,162.63,145.07,213.53,
12/27/2002,349.2,349.55,349.2,349.2,-0.12,4.71,4.7,4.71,4.7,0,203.79,199.18,212.65,
12/26/2002,349.62,344.38,349.62,349.62,1.19,4.71,4.64,4.71,4.7,1.29,206.75,201.53,236.86,
12/25/2002,345.5,347,345.5,345.5,-0.39,4.65,4.64,4.65,4.64,0,193.87,201.67,266.34,
12/24/2002,346.85,345.45,346.85,346.85,0.29,4.65,4.65,4.65,4.64,-0.21,273.16,164.25,353.33,
12/23/2002,345.85,340.25,345.85,345.85,1.51,4.66,4.63,4.66,4.65,0.65,189.76,197.4,192.09,
12/20/2002,340.7,345.85,340.7,340.7,-1.36,4.63,4.68,4.63,4.62,-1.7,276.05,215.37,314.37,
12/19/2002,345.38,344.88,345.38,345.38,0.5,4.71,4.67,4.71,4.7,0,175.63,167,193.22,
12/18/2002,343.65,337.25,343.65,343.65,2.01,4.71,4.63,4.71,4.69,1.73,201.61,204.08,196.01,
12/17/2002,336.88,336.88,336.88,336.88,0.03,4.63,4.7,4.63,4.62,-1.7,176.88,160.31,181.85,
12/16/2002,336.77,332.88,336.77,336.77,1.09,4.71,4.69,4.71,4.7,0.21,152.83,141.73,171.42,
12/13/2002,333.15,331.25,333.15,333.15,0.51,4.7,4.72,4.7,4.69,-0.63,165.34,130.73,189.64,
12/12/2002,331.45,325,331.45,331.45,2.09,4.73,4.63,4.73,4.72,2.16,171.69,191.3,176.36,
12/11/2002,324.65,323.5,324.65,324.65,0.28,4.63,4.59,4.63,4.62,0.43,177.72,168.46,184.12,
12/10/2002,323.75,325.95,323.75,323.75,-0.69,4.61,4.59,4.61,4.6,0,175.52,146.35,206.99,
12/9/2002,326,326.45,326,326,-0.08,4.61,4.63,4.61,4.6,-0.65,135.85,152.79,110.06,
12/6/2002,326.25,324.65,326.25,326.25,0.51,4.64,4.62,4.64,4.63,0.22,216.98,265.34,182.83,
12/5/2002,324.6,322.15,324.6,324.6,0.73,4.63,4.56,4.63,4.62,1.31,200.52,223.89,191.19,
12/4/2002,322.25,320.75,322.25,322.25,0.44,4.57,4.53,4.57,4.56,0.66,172.23,194.59,152.76,
12/3/2002,320.85,317.75,320.85,320.85,0.96,4.54,4.43,4.54,4.53,2.25,174.35,180.25,187.93,
12/2/2002,317.8,318.85,317.8,317.8,-0.39,4.44,4.43,4.44,4.43,0,176.12,261.5,124.64,
11/29/2002,319.05,317.85,319.05,319.05,0.36,4.44,4.43,4.44,4.43,0.23,198.88,278.81,160.21,
11/28/2002,317.9,317.25,317.9,317.9,0.19,4.43,4.43,4.43,4.42,0,147.88,129.74,177.08,
11/27/2002,317.3,318.1,317.3,317.3,-0.27,4.43,4.44,4.43,4.42,-0.23,142.68,179.34,118.64,
11/26/2002,318.15,318.1,318.15,318.15,0.02,4.44,4.47,4.44,4.43,-0.89,168.44,158.04,159.28,
11/25/2002,318.1,320.25,318.1,318.1,-0.92,4.48,4.52,4.48,4.47,-1.32,130.19,115.37,132.31,
11/22/2002,321.05,317.75,321.05,321.05,1.07,4.54,4.46,4.54,4.53,1.57,147.59,196.18,118.18,
11/21/2002,317.65,317.85,317.65,317.65,-0.06,4.47,4.53,4.47,4.46,-1.54,142.72,154.76,137.41,
11/20/2002,317.85,318.9,317.85,317.85,-0.38,4.54,4.54,4.54,4.53,-0.22,123.65,126.13,129.12,
11/19/2002,319.05,319.25,319.05,319.05,-0.09,4.55,4.53,4.55,4.54,0.22,216.77,255.67,203.1,
11/18/2002,319.35,320.25,319.35,319.35,-0.37,4.54,4.58,4.54,4.53,-0.66,181.79,241.64,179.15,
11/15/2002,320.55,318.15,320.55,320.55,0.69,4.57,4.55,4.57,4.56,0.22,194.86,219.6,197.25,
11/14/2002,318.35,319.2,318.35,318.35,-0.2,4.56,4.56,4.56,4.55,0,216.92,239.15,224.94,
11/13/2002,319,324.35,319,319,-1.68,4.56,4.59,4.56,4.55,-0.87,192.52,243.72,188.04,
11/12/2002,324.45,321.5,324.45,324.45,0.87,4.6,4.56,4.6,4.59,0.66,156.81,136.78,195.59,
11/11/2002,321.65,321.5,321.65,321.65,0.03,4.57,4.53,4.57,4.56,0.88,164.71,197.05,164.36,
11/8/2002,321.55,321,321.55,321.55,0.14,4.53,4.55,4.53,4.52,-0.44,160.75,160.25,181.41,
11/7/2002,321.1,318.05,321.1,321.1,0.9,4.55,4.49,4.55,4.54,1.11,155.12,129.7,166.44,
11/6/2002,318.25,317.85,318.25,318.25,0.16,4.5,4.48,4.5,4.49,0,182.94,213.24,159.14,
11/5/2002,317.75,318.55,317.75,317.75,-0.16,4.5,4.48,4.5,4.49,0.22,143.18,136.25,162.35,
11/4/2002,318.25,318.75,318.25,318.25,-0.62,4.49,4.49,4.49,4.48,0,94.85,109.11,91.01,
11/1/2002,320.25,317.65,320.25,320.25,0.77,4.49,4.5,4.49,4.48,-0.44,169.15,202.36,159.41,
10/31/2002,317.8,316.25,317.8,317.8,0.44,4.51,4.48,4.51,4.5,0.45,140.38,142.41,147.45,
10/30/2002,316.4,317,316.4,316.4,-0.11,4.49,4.49,4.49,4.48,-0.44,154.14,214.55,130.59,
10/29/2002,316.75,315.65,316.75,316.75,0.36,4.51,4.41,4.51,4.5,2.27,176.87,209.2,169.51,
10/28/2002,315.6,313.45,315.6,315.6,0.56,4.41,4.4,4.41,4.4,0,174.35,218.27,182.06,
10/25/2002,313.85,311.8,313.85,313.85,0.71,4.41,4.37,4.41,4.4,0.92,201.68,242.38,206.76,
10/24/2002,311.65,312.05,311.65,311.65,-0.06,4.37,4.4,4.37,4.36,-0.91,144.02,166.25,126.06,
10/23/2002,311.85,312.75,311.85,311.85,-0.37,4.41,4.4,4.41,4.4,-0.23,161.52,146.9,193.22,
10/22/2002,313,311.25,313,313,0.63,4.42,4.35,4.42,4.41,1.61,135.34,96.37,155.41,
10/21/2002,311.05,312.85,311.05,311.05,-0.58,4.35,4.35,4.35,4.34,-0.23,166.69,127.29,188.75,
10/18/2002,312.85,311.55,312.85,312.85,0.45,4.36,4.33,4.36,4.35,0.23,271,339.15,249.32,
10/17/2002,311.45,314.25,311.45,311.45,-0.99,4.35,4.36,4.35,4.34,-0.46,187.31,225.1,166.42,
10/16/2002,314.55,313.75,314.55,314.55,0.33,4.37,4.32,4.37,4.36,1.16,158.86,217.03,136.99,
10/15/2002,313.5,318.15,313.5,313.5,-1.4,4.32,4.3,4.32,4.31,0.23,195.05,265.75,194.63,
10/14/2002,317.95,317.65,317.95,317.95,0.38,4.31,4.32,4.31,4.3,-0.23,183.22,263.02,146.26,
10/11/2002,316.75,317,316.75,316.75,-0.03,4.32,4.28,4.32,4.31,0.93,178.91,217.37,172.01,
10/10/2002,316.85,320.25,316.85,316.85,-1,4.28,4.36,4.28,4.27,-1.83,178.04,199.99,179.32,
10/9/2002,320.05,318.45,320.05,320.05,0.57,4.36,4.37,4.36,4.35,-0.46,209.03,272.06,183.47,
10/8/2002,318.25,322.55,318.25,318.25,-1.29,4.38,4.44,4.38,4.37,-1.57,187.33,224.1,197.31,
10/7/2002,322.4,322.75,322.4,322.4,0.05,4.45,4.48,4.45,4.44,-0.89,203.37,233.67,154.78,
10/4/2002,322.25,321.4,322.25,322.25,0.19,4.49,4.47,4.49,4.48,0.22,168.68,191.36,145.1,
10/3/2002,321.65,322.75,321.65,321.65,-0.42,4.48,4.49,4.48,4.47,-0.44,138.47,159.28,124,
10/2/2002,323,320,323,323,0.84,4.5,4.47,4.5,4.49,0.45,134.17,148.62,128.92,
10/1/2002,320.3,323.6,320.3,320.3,-1.07,4.48,4.53,4.48,4.47,-1.1,155.42,121.52,162.18,
9/30/2002,323.75,320.9,323.75,323.75,1.19,4.53,4.5,4.53,4.52,0.89,159.6,162.64,153.36,
9/27/2002,319.95,320.15,319.95,319.95,0,4.49,4.51,4.49,4.48,-0.66,255.03,308.53,247.81,
9/26/2002,319.95,322.35,319.95,319.95,-0.71,4.52,4.58,4.52,4.51,-1.53,140.04,152.3,131.27,
9/25/2002,322.25,326.25,322.25,322.25,-1.2,4.59,4.64,4.59,4.58,-1.29,237.25,195.13,290.99,
9/24/2002,326.15,322.45,326.15,326.15,1.13,4.65,4.61,4.65,4.64,0.65,216.18,185.68,248.9,
9/23/2002,322.5,322.75,322.5,322.5,0.11,4.62,4.64,4.62,4.61,-0.43,128.32,121.19,140.39,
9/20/2002,322.15,323.05,322.15,322.15,-0.36,4.64,4.65,4.64,4.63,-0.43,191.86,191.27,209.39,
9/19/2002,323.3,320.55,323.3,323.3,0.91,4.66,4.61,4.66,4.65,0.87,186.92,217.4,189.97,
9/18/2002,320.4,318,320.4,320.4,0.64,4.62,4.58,4.62,4.61,0.87,236.17,207.93,265.25,
9/17/2002,318.35,315.75,318.35,318.35,0.28,4.58,4.52,4.58,4.57,0.44,205.88,183.81,240.19,
9/16/2002,317.45,316.1,317.45,317.45,0.19,4.56,4.55,4.56,4.55,0.22,151.69,133.64,170.14,
9/13/2002,316.85,319.1,316.85,316.85,-0.83,4.55,4.59,4.55,4.54,-1.09,301.14,306.1,319.15, Bush Seeks UN Approval for Iraq War; Putin Threatens War with Georgia
9/12/2002,319.5,317.35,319.5,319.5,0.58,4.6,4.54,4.6,4.59,0.88,189.82,261.2,124.5,
9/11/2002,317.65,317.55,317.65,317.65,-0.03,4.56,4.54,4.56,4.55,0,198.02,304.57,136.43,
9/10/2002,317.75,321,317.75,317.75,-1.09,4.56,4.57,4.56,4.55,-0.44,225.34,256.74,230.21,
9/9/2002,321.25,320.05,321.25,321.25,0.31,4.58,4.52,4.58,4.57,1.33,157.57,160.73,164.54,
9/6/2002,320.25,319,320.25,320.25,0.31,4.52,4.52,4.52,4.51,-0.44,152.23,163.9,141.78,
9/5/2002,319.25,314.65,319.25,319.25,1.46,4.54,4.47,4.54,4.53,1.34,185.39,179.39,181.37,
9/4/2002,314.65,313.75,314.65,314.65,0.16,4.48,4.47,4.48,4.47,0,188.65,210.38,180.8,
9/3/2002,314.15,312.05,314.15,314.15,0.61,4.48,4.46,4.48,4.47,0,114.62,106.65,127.08,
9/2/2002,312.25,312.65,312.25,312.25,-0.16,4.48,4.46,4.48,4.47,0.45,146.46,231.9,78.8,
8/30/2002,312.75,314.25,312.75,312.75,-0.4,4.46,4.56,4.46,4.45,-1.98,113.78,136.11,97.31,
8/29/2002,314,310.25,314,314,1.24,4.55,4.5,4.55,4.54,0.89,105.93,125.59,104.75,
8/28/2002,310.15,312.45,310.15,310.15,-0.83,4.51,4.51,4.51,4.5,0,122.08,144.73,109.74,
8/27/2002,312.75,309.3,312.75,312.75,1.07,4.51,4.43,4.51,4.5,1.35,128.64,152.29,106.97,
8/26/2002,309.45,307.35,309.45,309.45,0.8,4.45,4.42,4.45,4.44,0.68,137.16,140.88,124.42,
8/23/2002,307,306.95,307,307,-0.02,4.42,4.46,4.42,4.41,-1.12,130.64,148.84,108.63,
8/22/2002,307.05,307.85,307.05,307.05,-0.31,4.47,4.42,4.47,4.46,0.9,142.13,173.5,110.95,
8/21/2002,308,309.15,308,308,-0.34,4.43,4.44,4.43,4.42,-0.45,155.44,254.82,80.42,
8/20/2002,309.05,307.05,309.05,309.05,0.75,4.45,4.42,4.45,4.44,0.91,151.78,181.57,107.28,
8/19/2002,306.75,313.75,306.75,306.75,-2.31,4.41,4.48,4.41,4.4,-2,66.02,92.92,38.75,
8/16/2002,314,315.2,314,314,-0.22,4.5,4.49,4.5,4.49,0.22,119.85,146.03,105.2,
8/15/2002,314.7,311.55,314.7,314.7,0.98,4.49,4.47,4.49,4.48,0.45,86.19,126.02,47.78,
8/14/2002,311.65,315.5,311.65,311.65,-1.27,4.47,4.59,4.47,4.46,-2.83,101.44,174.36,52.36,
8/13/2002,315.65,314.25,315.65,315.65,0.45,4.6,4.6,4.6,4.59,0,118.44,162.35,80.02,
8/12/2002,314.25,313.55,314.25,314.25,-0.11,4.6,4.65,4.6,4.59,-1.5,156.44,194.95,117.07,
8/9/2002,314.6,310.85,314.6,314.6,1.27,4.67,4.63,4.67,4.66,0.65,106.64,132.89,72.05,
8/8/2002,310.65,314.35,310.65,310.65,-1.08,4.64,4.67,4.64,4.63,-0.64,173.86,206.78,147.11,
8/7/2002,314.05,306.25,314.05,314.05,2.51,4.67,4.61,4.67,4.66,1.08,172,196.87,169.51,
8/6/2002,306.35,307.55,306.35,306.35,-0.58,4.62,4.62,4.62,4.61,-0.22,171.07,178.3,168.12,
8/5/2002,308.15,307,308.15,308.15,0.24,4.63,4.6,4.63,4.62,0.65,127.72,172.51,102.78,
8/2/2002,307.4,304,307.4,307.4,0.9,4.6,4.59,4.6,4.59,0.44,132.5,148.2,107.49,
8/1/2002,304.65,303.75,304.65,304.65,0.36,4.58,4.59,4.58,4.57,-0.43,132.86,147.16,108.02,
7/31/2002,303.55,305,303.55,303.55,-0.39,4.6,4.64,4.6,4.59,-1.29,148.47,177.62,131.69,
7/30/2002,304.75,302.75,304.75,304.75,0.73,4.66,4.62,4.66,4.65,0.65,164.48,190.67,146.31,
7/29/2002,302.55,303.75,302.55,302.55,-0.4,4.63,4.66,4.63,4.62,-0.86,114.09,89.36,149.08,
7/26/2002,303.75,310.45,303.75,303.75,-2.1,4.67,4.84,4.67,4.67,-3.71,100.1,130.97,62.43,
7/25/2002,310.25,311.25,310.25,310.25,-0.16,4.85,4.84,4.85,4.84,0.21,126.85,155.2,95.89,
7/24/2002,310.75,313.4,310.75,310.75,-0.8,4.84,4.88,4.84,4.83,-0.82,129.4,206.4,91.46,
7/23/2002,313.25,322.95,313.25,313.25,-3.05,4.88,5.01,4.88,4.87,-2.79,87.65,123.79,54.66,
7/22/2002,323.1,324.75,323.1,323.1,-0.26,5.02,5.08,5.02,5.01,-0.59,94.75,128.47,100.85,
7/19/2002,323.95,317.85,323.95,323.95,1.9,5.05,4.98,5.05,5.04,1.41,118.19,165.6,90.31,
7/18/2002,317.9,317.75,317.9,317.9,0.08,4.98,4.97,4.98,4.97,0,121.23,157.39,117.21,
7/17/2002,317.65,317.85,317.65,317.65,-0.19,4.98,5.01,4.98,4.97,-0.8,109.51,133.43,96.12,
7/16/2002,318.25,318.05,318.25,318.25,0.03,5.02,5.05,5.02,5.01,-0.99,103.72,174.49,53.9,
7/15/2002,318.15,316.25,318.15,318.15,0.68,5.07,5.04,5.07,5.06,0.6,113.15,155.59,97.33,
7/12/2002,316,316.35,316,316,-0.19,5.04,5.04,5.04,5.04,-0.2,141.1,159.84,122.66,
7/11/2002,316.6,315.65,316.6,316.6,0.13,5.05,5.04,5.05,5.04,0,111.35,172.06,69.44,
7/10/2002,316.2,316.45,316.2,316.2,-0.14,5.05,5.03,5.05,5.04,0,100.48,142.18,64.69,
7/9/2002,316.65,312.6,316.65,316.65,1.21,5.05,4.96,5.05,5.04,1.61,107.98,131.96,81.1,
7/8/2002,312.85,310.25,312.85,312.85,0.43,4.97,4.9,4.97,4.96,0.81,105.22,147.64,84.26,
7/5/2002,311.5,310.9,311.5,311.5,0.24,4.93,4.91,4.93,4.92,0.41,148.07,205.97,103.08,
7/4/2002,310.75,311.2,310.75,310.75,-0.14,4.91,4.93,4.91,4.9,-0.61,154,238.12,109.76,
7/3/2002,311.2,313.05,311.2,311.2,-0.58,4.94,4.93,4.94,4.93,0,102.74,142.77,82.84,
7/2/2002,313,315,313,313,-0.68,4.94,4.87,4.94,4.93,1.44,138.87,162.08,123.92,
7/1/2002,315.15,314,315.15,315.15,0.17,4.87,4.82,4.87,4.86,0.83,121.24,155.96,104.07,
6/28/2002,314.62,318.48,314.62,314.62,-1.14,4.83,4.85,4.83,4.82,-0.62,99.78,113.68,71.11,
6/27/2002,318.25,319.55,318.25,318.25,-0.31,4.86,4.83,4.86,4.85,0.41,131.97,199.98,87.79,
6/26/2002,319.25,321.6,319.25,319.25,-0.65,4.84,4.84,4.84,4.83,0,161.81,243.49,111.7,
6/25/2002,321.35,322.85,321.35,321.35,-0.38,4.84,4.85,4.84,4.83,-0.41,191.23,297.28,113.2,
6/24/2002,322.57,325.12,322.57,322.57,-0.64,4.86,4.86,4.86,4.85,0.21,161.4,206.88,134.21,
6/21/2002,324.65,323.75,324.65,324.65,0.22,4.85,4.87,4.85,4.84,-0.61,147.36,176.28,122.53,
6/20/2002,323.95,320.85,323.95,323.95,0.97,4.88,4.86,4.88,4.87,0.21,153.1,205.36,97.22,
6/19/2002,320.85,320.15,320.85,320.85,0.25,4.87,4.85,4.87,4.86,0.21,192.73,282.2,115.19,
6/18/2002,320.05,317.15,320.05,320.05,0.88,4.86,4.81,4.86,4.85,0.83,130.8,130.4,125.08,
6/17/2002,317.25,319.25,317.25,317.25,-0.67,4.82,4.84,4.82,4.81,-0.82,177.12,187.85,162.95,
6/14/2002,319.4,318.25,319.4,319.4,0.39,4.86,4.83,4.86,4.85,0.41,141.88,190.52,115.57,
6/13/2002,318.15,319.5,318.15,318.15,-0.34,4.84,4.89,4.84,4.83,-1.22,165.09,215.84,135.02,
6/12/2002,319.25,321.1,319.25,319.25,-0.61,4.9,4.88,4.9,4.89,0,154.96,198.2,111.83,
6/11/2002,321.2,318.95,321.2,321.2,0.67,4.9,4.92,4.9,4.89,-0.41,188.63,191.35,225.64,
6/10/2002,319.05,323.55,319.05,319.05,-1.53,4.92,4.95,4.92,4.91,-1.01,148.88,178.11,167.13,
6/7/2002,324,325.85,324,324,-0.41,4.97,4.97,4.97,4.96,-0.4,209.43,270.54,191.32,
6/6/2002,325.35,321.55,325.35,325.35,1.23,4.99,4.93,4.99,4.98,1.01,151.06,204.38,121.13,
6/5/2002,321.4,324.8,321.4,321.4,-0.88,4.94,5.06,4.94,4.93,-2.56,175.32,220.77,138.11,
6/4/2002,324.25,328.15,324.25,324.25,-1.17,5.07,5.07,5.07,5.06,-0.2,155.93,165.81,184.4,
6/3/2002,328.1,326.55,328.1,328.1,0.47,5.08,5.02,5.08,5.07,1.4,196.47,227.21,202.59,
5/31/2002,326.55,324.75,326.55,326.55,0.48,5.01,4.96,5.01,5,1.01,131.78,179.15,114.56,
5/30/2002,325,325,325,325,-0.05,4.96,4.92,4.96,4.95,0.61,188.43,250.47,177.12,
5/29/2002,325.15,324.35,325.15,325.15,0.25,4.93,4.86,4.93,4.92,1.23,178.71,184.53,185.76,
5/28/2002,324.35,320.3,324.35,324.35,1.28,4.87,4.79,4.87,4.86,1.46,193.43,254.82,172.34,
5/27/2002,320.25,320.95,320.25,320.25,-0.11,4.8,4.86,4.8,4.79,-1.44,217.67,228.84,250.11,
5/24/2002,320.6,321.5,320.6,320.6,-0.47,4.87,4.87,4.87,4.86,-0.41,166.8,186.71,165.46,
5/23/2002,322.12,317.93,322.12,322.12,1.33,4.89,4.82,4.89,4.88,1.24,209.38,230.15,245.54,
5/22/2002,317.9,316.2,317.9,317.9,0.55,4.83,4.82,4.83,4.82,0,209.66,280.67,244.07,
5/21/2002,316.15,315.75,316.15,316.15,0.13,4.83,4.76,4.83,4.82,1.05,187.76,274.08,195.16,
5/20/2002,315.75,310.65,315.75,315.75,1.53,4.78,4.66,4.78,4.77,2.36,154.43,223.24,121.99,
5/17/2002,311,309.65,311,311,0.35,4.67,4.63,4.67,4.66,0.65,139.67,181.62,121.19,
5/16/2002,309.9,309.05,309.9,309.9,0.28,4.64,4.63,4.64,4.63,0,186.93,186.36,201.16,
5/15/2002,309.05,307.75,309.05,309.05,0.46,4.64,4.6,4.64,4.63,0.65,167.72,203.04,169.35,
5/14/2002,307.65,310.85,307.65,307.65,-1.01,4.61,4.61,4.61,4.6,-0.22,189.75,205.2,187.2,
5/13/2002,310.8,310.75,310.8,310.8,-0.08,4.62,4.66,4.62,4.61,-1.07,162.79,211.35,119.62,
5/10/2002,311.05,310.25,311.05,311.05,0.47,4.67,4.62,4.67,4.66,0.86,117.88,182.16,58.82,
5/9/2002,309.6,308.75,309.6,309.6,0.45,4.63,4.58,4.63,4.62,0.87,196.93,316.47,127.09,
5/8/2002,308.2,311.35,308.2,308.2,-1.04,4.59,4.62,4.59,4.58,-0.86,163.12,243.93,93.9,
5/7/2002,311.45,312.75,311.45,311.45,-0.4,4.63,4.61,4.63,4.62,0.22,178.97,201.98,134.78,
5/6/2002,312.7,311.5,312.7,312.7,0.24,4.62,4.6,4.62,4.61,0.22,155.93,174.41,151.8,
5/3/2002,311.95,307.7,311.95,311.95,1.33,4.61,4.54,4.61,4.6,1.32,135.76,198.5,75.26,
5/2/2002,307.85,308.85,307.85,307.85,-0.29,4.55,4.53,4.55,4.54,0.22,120.86,169.77,68.52,
5/1/2002,308.75,309.25,308.75,308.75,0.13,4.54,4.52,4.54,4.53,0,123.69,156.4,85.29,
4/30/2002,308.35,311.55,308.35,308.35,-0.87,4.54,4.64,4.54,4.53,-1.94,156.22,190.7,111.35,
4/29/2002,311.05,311.05,311.05,311.05,-0.1,4.63,4.65,4.63,4.62,-0.43,120.46,157.61,81.38,
4/26/2002,311.35,307.35,311.35,311.35,1.2,4.65,4.61,4.65,4.64,0.65,126.95,182.48,78.56,
4/25/2002,307.65,304.15,307.65,307.65,1.18,4.62,4.57,4.62,4.61,1.09,106.27,144.7,68.97,
4/24/2002,304.05,303.55,304.05,304.05,0.13,4.57,4.57,4.57,4.56,-0.22,114.12,161.68,79.91,
4/23/2002,303.65,303,303.65,303.65,0.25,4.58,4.54,4.58,4.57,0.44,129.71,192.31,71.9,
4/22/2002,302.9,302.15,302.9,302.9,0.18,4.56,4.49,4.56,4.55,1.33,118.97,163.08,86.56,
4/19/2002,302.35,303.85,302.35,302.35,-0.43,4.5,4.5,4.5,4.49,-0.22,193.63,273.22,133.76,
4/18/2002,303.65,302.25,303.65,303.65,0.53,4.51,4.45,4.51,4.5,1.12,147.28,214.02,83.03,
4/17/2002,302.05,298.15,302.05,302.05,1.27,4.46,4.41,4.46,4.45,0.9,96.57,169.2,24.33,
4/16/2002,298.25,299.65,298.25,298.25,-0.53,4.42,4.46,4.42,4.41,-1.12,203.75,294.85,142.1,
4/15/2002,299.85,301.15,299.85,299.85,-0.76,4.47,4.58,4.47,4.46,-2.61,187.64,266.2,120.02,
4/12/2002,302.15,302.4,302.15,302.15,-0.15,4.59,4.57,4.59,4.58,0.22,151.5,203.31,106.59,
4/11/2002,302.6,301.35,302.6,302.6,0.28,4.58,4.6,4.58,4.57,-0.87,195.67,296.72,110,
4/10/2002,301.75,298.55,301.75,301.75,1.07,4.62,4.54,4.62,4.61,1.54,172.04,205.81,145.66,
4/9/2002,298.55,300.25,298.55,298.55,-0.6,4.55,4.56,4.55,4.54,-0.44,200.57,225.75,182.92,
4/8/2002,300.35,300.15,300.35,300.35,0.1,4.57,4.57,4.57,4.56,-0.22,185.45,275.5,102.8,
4/5/2002,300.05,300.95,300.05,300.05,-0.32,4.58,4.6,4.58,4.57,-1.08,201.63,315.88,124.55,
4/4/2002,301,302.65,301,301,-0.58,4.63,4.66,4.63,4.62,-0.64,238.62,335.83,177.41,
4/3/2002,302.75,305.85,302.75,302.75,-1.01,4.66,4.72,4.66,4.65,-1.69,175.52,222.7,127.38,
4/2/2002,305.85,304.05,305.85,305.85,0.82,4.74,4.67,4.74,4.73,1.07,194,291.92,115.66,
4/1/2002,303.35,302.25,303.35,303.35,0.21,4.69,4.66,4.69,4.67,1.08,156.44,272.92,52.03,
3/29/2002,302.7,302.5,302.7,302.7,0.02,4.64,4.63,4.64,4.63,0,161.51,230.02,109.63,
3/28/2002,302.65,302.25,302.65,302.65,0.17,4.64,4.66,4.64,4.63,-0.85,82.54,148.11,36.6,
3/27/2002,302.15,296.75,302.15,302.15,1.85,4.68,4.58,4.68,4.67,1.74,135.93,223.89,49.14,
3/26/2002,296.65,298.35,296.65,296.65,-0.54,4.6,4.57,4.6,4.59,0.44,124.75,170.19,87.36,
3/25/2002,298.25,297.25,298.25,298.25,0.17,4.58,4.54,4.58,4.58,0.88,115.09,157.77,83.74,
3/22/2002,297.75,292.35,297.75,297.75,1.57,4.54,4.5,4.54,4.53,0.67,160.06,245.04,95.06,
3/21/2002,293.15,292.35,293.15,293.15,0.24,4.51,4.51,4.51,4.5,-0.44,136.2,213.37,72.81,
3/20/2002,292.45,293.2,292.45,292.45,-0.19,4.53,4.52,4.53,4.52,0,176.2,257.63,117.21,
3/19/2002,293,292.65,293,293,0.19,4.53,4.5,4.53,4.52,0.67,132.24,204.34,71.47,
3/18/2002,292.45,290.35,292.45,292.45,0.83,4.5,4.49,4.5,4.5,0.22,184.03,300.88,85.7,
3/15/2002,290.05,291.25,290.05,290.05,-0.38,4.49,4.5,4.49,4.48,-0.22,158.84,230.33,115.27,
3/14/2002,291.15,293.35,291.15,291.15,-0.82,4.5,4.52,4.5,4.5,-0.66,151.4,223.8,104.19,
3/13/2002,293.55,294.15,293.55,293.55,-0.17,4.53,4.5,4.53,4.52,0.67,190.65,225.7,178.35,
3/12/2002,294.05,290.7,294.05,294.05,1.12,4.5,4.47,4.5,4.49,0.22,218.93,272.03,163.58,
3/11/2002,290.8,289.6,290.8,290.8,0.36,4.49,4.5,4.49,4.48,-0.44,228.33,308.17,204.47,
3/8/2002,289.75,289.55,289.75,289.75,-0.17,4.51,4.46,4.51,4.5,0.89,145.26,198.77,90,
3/7/2002,290.25,293.65,290.25,290.25,-1.06,4.47,4.52,4.47,4.46,-1.32,140.68,190.52,88.29,
3/6/2002,293.35,294.05,293.35,293.35,-0.24,4.53,4.54,4.53,4.52,-0.66,137.54,198.38,73,
3/5/2002,294.07,297.07,294.07,294.07,-0.94,4.56,4.59,4.56,4.55,-1.08,164.66,244.62,107.39,
3/4/2002,296.85,298.05,296.85,296.85,-0.44,4.61,4.56,4.61,4.6,0.88,227.93,348.42,132.67,
3/1/2002,298.15,296.65,298.15,298.15,0.4,4.57,4.5,4.57,4.56,1.33,130.83,210.91,60.18,
2/28/2002,296.95,296.5,296.95,296.95,0.19,4.51,4.43,4.51,4.5,1.12,143.91,205.72,94.83,
2/27/2002,296.4,298,296.4,296.4,-0.45,4.46,4.43,4.46,4.45,0.45,142.01,215.44,97.55,
2/26/2002,297.75,292.55,297.75,297.75,1.73,4.44,4.38,4.44,4.43,1.14,146.34,212.2,88.5,
2/25/2002,292.7,291.65,292.7,292.7,-0.1,4.39,4.38,4.39,4.38,-0.45,159.69,236.94,80.29,
2/22/2002,293,294,293,293,0,4.41,4.42,4.41,4.4,-0.68,160.47,257.11,100.08,
2/21/2002,293,292,293,293,0.45,4.44,4.41,4.44,4.43,0.23,179.2,254.45,99.34,
2/20/2002,291.7,292.5,291.7,291.7,-0.53,4.43,4.46,4.43,4.41,-1.34,152.93,195.61,110.37,
2/19/2002,293.25,298.25,293.25,293.25,-1.51,4.49,4.53,4.49,4.48,-0.88,180.07,250.64,135.61,
2/18/2002,297.75,298.5,297.75,297.75,-0.12,4.53,4.56,4.53,4.52,-0.66,100.87,136.76,67.1,
2/15/2002,298.1,299.7,298.1,298.1,-0.73,4.56,4.55,4.56,4.55,0,154.5,240.17,108.87,
2/14/2002,300.3,299.75,300.3,300.3,0.27,4.56,4.5,4.56,4.55,0.88,154.38,219.11,108.79,
2/13/2002,299.5,300.9,299.5,299.5,-0.33,4.52,4.46,4.52,4.51,0.89,211.82,305.01,136.99,
2/12/2002,300.5,299.3,300.5,300.5,0.27,4.48,4.42,4.48,4.47,1.36,175.17,243.23,104.04,
2/11/2002,299.7,303.6,299.7,299.7,-1.41,4.42,4.45,4.42,4.42,-0.9,153.66,228,95.09,
2/8/2002,304,301,304,304,1.23,4.46,4.37,4.46,4.45,1.83,116.33,176.72,69.09,
2/7/2002,300.3,296.5,300.3,300.3,1.15,4.38,4.4,4.38,4.37,0,178.07,219.29,139.36,
2/6/2002,296.9,297.5,296.9,296.9,-0.29,4.38,4.4,4.38,4.38,-0.9,176.87,280.93,104.7,
2/5/2002,297.75,290.05,297.75,297.75,2.8,4.42,4.31,4.42,4.4,2.79,150.85,196.42,112.64,
2/4/2002,289.65,286.25,289.65,289.65,1.19,4.3,4.25,4.3,4.29,-0.46,106.03,153.09,85.13,
2/1/2002,286.25,282.75,286.25,286.25,1.38,4.32,4.22,4.32,4.31,1.89,165.49,234.88,125.95,
1/31/2002,282.35,281.9,282.35,282.35,0.11,4.24,4.29,4.24,4.23,-1.4,202.98,280.59,135.02,
1/30/2002,282.05,281.95,282.05,282.05,0.07,4.3,4.3,4.3,4.29,-0.23,144.94,228.79,60.26,
1/29/2002,281.85,278.75,281.85,281.85,1,4.31,4.25,4.31,4.3,0.94,181.03,259.63,132.05,
1/28/2002,279.05,279.35,279.05,279.05,-0.14,4.27,4.31,4.27,4.26,-1.16,152.35,210.29,103.94,
1/25/2002,279.45,278.85,279.45,279.45,0.23,4.32,4.27,4.32,4.31,0.7,138.53,162.12,105.17,
1/24/2002,278.8,279.25,278.8,278.8,-0.16,4.29,4.27,4.29,4.27,0.23,144.86,196.18,86.36,
1/23/2002,279.25,281.7,279.25,279.25,-0.9,4.28,4.29,4.28,4.26,-0.7,163.93,265.18,92.59,
1/22/2002,281.8,282.55,281.8,281.8,-0.27,4.31,4.33,4.31,4.3,-0.69,183.62,322.18,91.61,
1/21/2002,282.55,283.55,282.55,282.55,-0.35,4.34,4.38,4.34,4.33,-0.91,148.09,209.8,90.74,
1/18/2002,283.55,284,283.55,283.55,-0.32,4.38,4.49,4.38,4.36,-2.67,179.68,271.59,139.77,
1/17/2002,284.45,287.15,284.45,284.45,-1.08,4.5,4.62,4.5,4.49,-2.6,208.58,295.49,132.36,
1/16/2002,287.55,284.65,287.55,287.55,1.05,4.62,4.62,4.62,4.61,0,159.03,227.34,89.82,
1/15/2002,284.55,284.95,284.55,284.55,-0.28,4.62,4.55,4.62,4.61,1.32,186.35,281.87,117.55,
1/14/2002,285.35,287.35,285.35,285.35,-0.77,4.56,4.74,4.56,4.55,-4.2,197.22,276.71,151.85,
1/11/2002,287.55,286.85,287.55,287.55,0.28,4.76,4.75,4.76,4.75,-0.21,211.82,322.61,132.1,
1/10/2002,286.75,283.35,286.75,286.75,1.2,4.77,4.8,4.77,4.76,-0.83,215.1,316.3,129.68,
1/9/2002,283.35,279.05,283.35,283.35,1.54,4.81,4.72,4.81,4.8,1.69,183.32,320.62,69.53,
1/8/2002,279.05,278.85,279.05,279.05,0.11,4.73,4.73,4.73,4.72,-0.42,172.46,298.45,92,
1/7/2002,278.75,278.9,278.75,278.75,-0.07,4.75,4.69,4.75,4.74,1.06,175.1,242.25,124.8,
1/4/2002,278.95,278.55,278.95,278.95,0.18,4.7,4.64,4.7,4.69,1.08,187.88,282.59,93.19,
1/3/2002,278.45,278.85,278.45,278.45,-0.14,4.65,4.56,4.65,4.64,1.53,196.56,308.39,123.26,
1/2/2002,278.85,278.85,278.85,278.85,-0.04,4.58,4.6,4.58,4.57,-0.87,232.91,361.2,150.64,
12/31/2001,278.95,276.15,278.95,278.95,0.87,4.62,4.53,4.62,4.61,1.76,197.33,259.5,167.57,
12/28/2001,276.55,277.25,276.55,276.55,-0.18,4.54,4.52,4.54,4.53,0,263.67,407.24,172.93,
12/27/2001,277.05,279.25,277.05,277.05,-0.79,4.54,4.6,4.54,4.52,-0.44,263.37,451.16,117.21,
12/26/2001,279.25,279.1,279.25,279.25,-0.09,4.56,4.53,4.56,4.55,0.44,188.34,254.03,138.19,
12/25/2001,279.5,278,279.5,279.5,0.52,4.54,4.53,4.54,4.53,0,285.72,498.47,148.49,
12/24/2001,278.05,277.7,278.05,278.05,-0.04,4.54,4.54,4.54,4.53,0.22,213.46,354.67,118.33,
12/21/2001,278.15,276.35,278.15,278.15,0.72,4.53,4.45,4.53,4.51,1.57,229.58,404.25,123.97,
12/20/2001,276.15,276.15,276.15,276.15,0.07,4.46,4.35,4.46,4.45,2.06,245.17,394.4,125.1,
12/19/2001,275.95,280.45,275.95,275.95,-1.57,4.37,4.45,4.37,4.36,-2.24,199.82,311.25,119.42,
12/18/2001,280.35,278.15,280.35,280.35,0.9,4.47,4.4,4.47,4.46,1.36,215.06,331.97,132.68,
12/17/2001,277.85,278.25,277.85,277.85,-0.22,4.41,4.41,4.41,4.4,-0.23,253.74,408.9,121.39,
12/14/2001,278.45,274.5,278.45,278.45,1.53,4.42,4.31,4.42,4.41,2.55,301.41,502.72,139.77,
12/13/2001,274.25,274.35,274.25,274.25,0,4.31,4.28,4.31,4.3,0.7,261.95,418.92,131.6,
12/12/2001,274.25,273.05,274.25,274.25,0.55,4.28,4.29,4.28,4.27,-0.47,279.69,470.52,155.05,
12/11/2001,272.75,272.95,272.75,272.75,0,4.3,4.25,4.3,4.29,0.94,239.95,372.8,145.11,
12/10/2001,272.75,274.45,272.75,272.75,-0.66,4.26,4.28,4.26,4.25,-0.7,246.57,356.24,160.46,
12/7/2001,274.55,274.55,274.55,274.55,0,4.29,4.23,4.29,4.28,1.18,252.41,418.45,103.77,
12/6/2001,274.55,274.35,274.55,274.55,0.15,4.24,4.21,4.24,4.23,0.47,231.7,375.67,118.56,
12/5/2001,274.15,275.7,274.15,274.15,-0.58,4.22,4.17,4.22,4.21,1.2,269.59,480.34,100.16,
12/4/2001,275.75,277.25,275.75,275.75,-0.65,4.17,4.23,4.17,4.16,-1.65,280.51,477.6,141.53,
12/3/2001,277.55,274.8,277.55,277.55,1.15,4.24,4.16,4.24,4.23,1.68,212.03,311.87,132.96,
11/30/2001,274.4,274.25,274.4,274.4,0.13,4.17,4.1,4.17,4.16,1.46,238.01,368.48,149.02,
11/29/2001,274.05,274.5,274.05,274.05,-0.11,4.11,4.14,4.11,4.1,-0.96,208.19,367.81,65.74,
11/28/2001,274.35,273.65,274.35,274.35,0.26,4.15,4.06,4.15,4.14,1.97,360.98,544.35,206.84,
11/27/2001,273.65,272.95,273.65,273.65,0.18,4.07,4.05,4.07,4.06,0.25,297.28,501.54,152.12,
11/26/2001,273.15,273,273.15,273.15,0.09,4.06,4.08,4.06,4.05,-0.98,206.59,347.99,88.85,
11/23/2001,272.9,272.85,272.9,272.9,0.02,4.1,4.05,4.1,4.09,0.99,294.45,497.75,111.78,
11/22/2001,272.85,273.15,272.85,272.85,-0.18,4.06,4.05,4.06,4.05,0,260.6,456.1,86.68,
11/21/2001,273.35,273.25,273.35,273.35,0.02,4.06,4.08,4.06,4.05,-0.73,282.94,481.73,121.6,
11/20/2001,273.3,272.85,273.3,273.3,0.11,4.09,4.07,4.09,4.08,0.25,332.89,611.67,108.55,
11/19/2001,273,274.85,273,273,-0.67,4.08,4.12,4.08,4.07,-0.97,257.04,411.44,108.37,
11/16/2001,274.85,275.25,274.85,274.85,-0.11,4.12,4.13,4.12,4.11,-0.48,293.02,472.96,181,
11/15/2001,275.15,277.35,275.15,275.15,-0.79,4.14,4.16,4.14,4.13,-0.72,273.18,441.62,139.16,
11/14/2001,277.35,277.55,277.35,277.35,-0.14,4.17,4.15,4.17,4.16,0.24,381.34,641.18,170.38,
11/13/2001,277.75,278.25,277.75,277.75,-0.18,4.16,4.14,4.16,4.15,0.24,445.86,795.07,219.32,
11/12/2001,278.25,277.65,278.25,278.25,0.29,4.15,4.1,4.15,4.14,1.22,289.73,404.37,235.56,
11/9/2001,277.45,276.65,277.45,277.45,-0.07,4.1,4.09,4.1,4.09,0,325.32,564.03,131.73,
11/8/2001,277.65,280.75,277.65,277.65,-1,4.1,4.15,4.1,4.09,-1.44,269.07,430.19,143.53,
11/7/2001,280.45,280.75,280.45,280.45,0.2,4.16,4.14,4.16,4.15,0.24,419.39,690.77,222.38,
11/6/2001,279.9,278.95,279.9,279.9,0.38,4.15,4.11,4.15,4.14,0.73,430.88,761.62,172.79,
11/5/2001,278.85,280.25,278.85,278.85,-0.39,4.12,4.12,4.12,4.1,-0.48,279.09,463.72,132.61,
11/2/2001,279.95,279.95,279.95,279.95,0,4.14,4.22,4.14,4.13,-1.9,385.82,664.87,178.74,
11/1/2001,279.95,279.55,279.95,279.95,0.11,4.22,4.21,4.22,4.21,0,399.28,697.82,151.66,
10/31/2001,279.65,280.5,279.65,279.65,-0.25,4.22,4.26,4.22,4.21,-0.94,480,803.44,256.23,
10/30/2001,280.35,279.15,280.35,280.35,0.52,4.26,4.23,4.26,4.25,0.47,381.04,673.95,168.64,
10/29/2001,278.9,277.55,278.9,278.9,0.54,4.24,4.21,4.24,4.23,0.71,335.32,560.53,174.62,
10/26/2001,277.4,276.8,277.4,277.4,0.05,4.21,4.2,4.21,4.2,0,434.08,757.3,180.48,
10/25/2001,277.25,275.85,277.25,277.25,0.64,4.21,4.22,4.21,4.2,0,405.52,722.63,172.82,
10/24/2001,275.5,276.1,275.5,275.5,-0.16,4.21,4.23,4.21,4.21,-0.47,505.96,860.46,217.79,
10/23/2001,275.95,275.75,275.95,275.95,0.13,4.23,4.22,4.23,4.22,0,524.18,909.08,237.28,
10/22/2001,275.6,279.4,275.6,275.6,-1.49,4.23,4.26,4.23,4.22,-0.7,422.81,710.26,238.08,
10/19/2001,279.77,279.38,279.77,279.77,0.07,4.26,4.25,4.26,4.25,0,455.73,749.64,208.42,
10/18/2001,279.57,283.02,279.57,279.57,-1.05,4.26,4.35,4.26,4.25,-2.29,530.52,946.43,185.74,
10/17/2001,282.55,281.65,282.55,282.55,0.39,4.36,4.33,4.36,4.35,0.23,618.74,1024.17,305.79,
10/16/2001,281.45,281.75,281.45,281.45,-0.04,4.35,4.39,4.35,4.34,-0.91,630.97,1076.6,338.01,
10/15/2001,281.55,284.35,281.55,281.55,-1.11,4.39,4.43,4.39,4.38,-1.57,449.56,741.35,207.99,
10/12/2001,284.7,282.55,284.7,284.7,1.14,4.46,4.41,4.46,4.44,0.9,588.47,1041.11,211.35,
10/11/2001,281.5,285.5,281.5,281.5,-1.26,4.42,4.41,4.42,4.4,0,496.64,886.24,210.61,
10/10/2001,285.1,289,285.1,285.1,-1.09,4.42,4.52,4.42,4.41,-2.21,566.55,962.47,288.43,
10/9/2001,288.25,292,288.25,288.25,-1.33,4.52,4.64,4.52,4.51,-2.59,706.4,1198.68,354.94,
10/8/2001,292.15,292.75,292.15,292.15,0.31,4.64,4.66,4.64,4.63,-0.64,616.22,1046.62,336.18,
10/5/2001,291.25,290.25,291.25,291.25,0.4,4.67,4.61,4.67,4.65,0.65,687.97,1042.29,423.42,
10/4/2001,290.1,289.25,290.1,290.1,0.14,4.64,4.59,4.64,4.63,0.87,702.59,1062.02,417.6,
10/3/2001,289.7,290,289.7,289.7,0,4.6,4.6,4.6,4.59,-0.22,818.96,1328.83,450.87, U.S. Invades Afghanistan
10/2/2001,289.7,292.15,289.7,289.7,-0.77,4.61,4.63,4.61,4.6,-0.86,769.49,1234.88,462.99,
10/1/2001,291.95,291.95,291.95,291.95,-0.34,4.65,4.63,4.65,4.64,0.22,617.37,893.43,419.52,
9/28/2001,292.95,291.5,292.95,292.95,0.39,4.64,4.56,4.64,4.63,1.09,776.38,1186.79,502.12,
9/27/2001,291.8,292.65,291.8,291.8,-0.41,4.59,4.58,4.59,4.58,0,786.58,1226.95,474.56,
9/26/2001,293,289,293,293,1.12,4.59,4.51,4.59,4.58,1.55,930.53,1477.6,625.5,
9/25/2001,289.75,289.5,289.75,289.75,0.09,4.52,4.55,4.52,4.51,-1.09,1045.6,1627.43,703.49,
9/24/2001,289.5,291.25,289.5,289.5,-0.75,4.57,4.59,4.57,4.56,-0.65,789.36,1278.34,510.2,
9/21/2001,291.7,289,291.7,291.7,1.06,4.6,4.5,4.6,4.59,1.77,870.98,1446.21,493.91,
9/20/2001,288.65,290.25,288.65,288.65,-0.69,4.52,4.66,4.52,4.5,-3.62,771.03,1444.14,276.31,
9/19/2001,290.65,288,290.65,290.65,0.92,4.69,4.42,4.69,4.67,5.63,755.6,1386.25,258.01,
9/18/2001,288,289.5,288,288,-0.67,4.44,4.38,4.44,4.41,1.37,851.1,1544.36,336.04,
9/17/2001,289.95,290.75,289.95,289.95,1.27,4.38,4.3,4.38,4.37,2.1,744.77,1388.92,277.3,
9/14/2001,286.3,281,286.3,286.3,1.52,4.29,4.21,4.29,4.28,1.66,667.81,1231.79,210.38,
9/13/2001,282,278,282,282,0.89,4.22,4.21,4.22,4.21,-0.24,633.48,1178.85,206.31,
9/12/2001,279.5,291.5,279.5,279.5,-3.12,4.23,4.21,4.23,4.22,-1.63,725.51,1319.54,294.28,
9/11/2001,288.5,273.65,288.5,288.5,6.16,4.3,4.17,4.3,4.25,2.87,154.07,218.58,98.55,
9/10/2001,271.75,273.15,271.75,271.75,-0.51,4.18,4.17,4.18,4.17,0.24,38.24,41.58,28.9,
9/7/2001,273.15,272.9,273.15,273.15,0.09,4.17,4.17,4.17,4.17,0,70.12,44.74,83.96,
9/6/2001,272.9,271.85,272.9,272.9,0.33,4.17,4.17,4.17,4.16,-0.24,37.73,21.5,44.83,
9/5/2001,272,272.05,272,272,-0.06,4.18,4.17,4.18,4.17,0,39.15,6,65.11,
9/4/2001,272.15,273.4,272.15,272.15,-0.49,4.18,4.18,4.18,4.17,-0.48,59.48,51.89,61.83,
9/3/2001,273.5,274.25,273.5,273.5,-0.35,4.2,4.18,4.2,4.19,0,78.77,26.17,116.44,
8/31/2001,274.45,275.25,274.45,274.45,-0.29,4.2,4.18,4.2,4.18,0.48,71.69,71.47,74.51,
8/30/2001,275.25,273.55,275.25,275.25,0.55,4.18,4.19,4.18,4.17,-0.48,55.77,77.83,37.1,
8/29/2001,273.75,272.55,273.75,273.75,0.55,4.2,4.18,4.2,4.19,0,57.7,60.9,45.16,
8/28/2001,272.25,272.75,272.25,272.25,-0.22,4.2,4.2,4.2,4.19,-0.24,79.14,97.68,81.48,
8/27/2001,272.85,272.75,272.85,272.85,0,4.21,4.2,4.21,4.2,0.24,56.83,48.56,54.01,
8/24/2001,272.85,275.35,272.85,272.85,-0.98,4.2,4.22,4.2,4.19,-0.71,86.67,115.2,58.72,
8/23/2001,275.55,274.55,275.55,275.55,0.36,4.23,4.21,4.23,4.22,0.24,65.29,79.23,51.93,
8/22/2001,274.55,275.25,274.55,274.55,-0.18,4.22,4.23,4.22,4.21,0.24,66.63,94.9,42.21,
8/21/2001,275.05,276.25,275.05,275.05,-0.4,4.21,4.16,4.21,4.2,1.2,62.78,44.18,67.56,
8/20/2001,276.15,278.75,276.15,276.15,-1.11,4.16,4.27,4.16,4.15,-2.8,42.87,38.85,51.85,
8/17/2001,279.25,274.95,279.25,279.25,1.42,4.28,4.2,4.28,4.27,1.42,57.39,50.85,63.63,
8/16/2001,275.35,275.95,275.35,275.35,-0.25,4.22,4.16,4.22,4.21,1.2,66.2,76.99,55.04,
8/15/2001,276.05,276.35,276.05,276.05,-0.14,4.17,4.21,4.17,4.16,-1.18,92.75,125.49,93.65,
8/14/2001,276.45,275.75,276.45,276.45,0.14,4.22,4.15,4.22,4.21,1.44,101.15,115.24,90.11,
8/13/2001,276.05,274,276.05,276.05,0.66,4.16,4.15,4.16,4.15,0.24,103.88,99.72,108.77,
8/10/2001,274.25,273.25,274.25,274.25,0.26,4.15,4.21,4.15,4.14,-1.66,85.26,138.52,42.01,
8/9/2001,273.55,268.45,273.55,273.55,1.94,4.22,4.15,4.22,4.21,1.2,51.98,57.58,52.83,
8/8/2001,268.35,267.45,268.35,268.35,0.26,4.17,4.18,4.17,4.16,-0.48,56.26,72.58,38.52,
8/7/2001,267.65,267.65,267.65,267.65,-0.04,4.19,4.2,4.19,4.18,-0.48,25.97,7.4,37.01,
8/6/2001,267.75,268.45,267.75,267.75,-0.26,4.21,4.23,4.21,4.2,-0.71,51.63,63.35,46.24,
8/3/2001,268.45,267.85,268.45,268.45,0.26,4.24,4.23,4.24,4.23,-0.24,38.26,38.14,42.42,
8/2/2001,267.75,267.75,267.75,267.75,0.07,4.25,4.23,4.25,4.24,0.24,70.18,39.18,88.7,
8/1/2001,267.55,266.55,267.55,267.55,0.26,4.24,4.23,4.24,4.23,0,52.17,52.01,48.8,
7/31/2001,266.85,265.35,266.85,266.85,0.6,4.24,4.21,4.24,4.23,0.71,48.12,59.04,43.09,
7/30/2001,265.25,267.85,265.25,265.25,-0.97,4.21,4.22,4.21,4.21,-0.47,49.94,49.78,41.53,
7/27/2001,267.85,266.75,267.85,267.85,0.45,4.23,4.24,4.23,4.22,-0.47,63.01,35.9,79.84,
7/26/2001,266.65,267.75,266.65,266.65,-0.49,4.25,4.23,4.25,4.25,0.47,59.73,48.72,81.28,
7/25/2001,267.95,269.75,267.95,267.95,-0.67,4.23,4.25,4.23,4.22,-0.7,78.7,78.46,65.44,
7/24/2001,269.75,269,269.75,269.75,0.33,4.26,4.25,4.26,4.25,0,85.29,81.62,79.43,
7/23/2001,268.85,270,268.85,268.85,-0.48,4.26,4.23,4.26,4.25,0.47,60.78,60.59,63.18,
7/20/2001,270.15,269.25,270.15,270.15,0.26,4.24,4.23,4.24,4.23,0,52.29,55.19,56.27,
7/19/2001,269.45,270.45,269.45,269.45,-0.48,4.24,4.27,4.24,4.23,-0.93,62.91,38.18,86.43,
7/18/2001,270.75,268.4,270.75,270.75,0.86,4.28,4.24,4.28,4.27,0.71,66.89,63.51,63.57,
7/17/2001,268.45,267.25,268.45,268.45,0.49,4.25,4.21,4.25,4.24,0.95,58.72,55.1,68.93,
7/16/2001,267.15,267.3,267.15,267.15,-0.07,4.21,4.3,4.21,4.21,-2.55,96.97,54.14,122.57,
7/13/2001,267.35,266.75,267.35,267.35,0.19,4.32,4.26,4.32,4.31,1.17,61.94,64.69,58.87,
7/12/2001,266.85,268.25,266.85,266.85,-0.71,4.27,4.24,4.27,4.26,0.47,37.98,37.87,31.58,
7/11/2001,268.75,266.4,268.75,268.75,0.9,4.25,4.25,4.25,4.25,-0.23,50.34,40.15,50.23,
7/10/2001,266.35,266.65,266.35,266.35,-0.11,4.26,4.23,4.26,4.25,0.47,43.9,47.13,33.69,
7/9/2001,266.65,266.45,266.65,266.65,0.15,4.24,4.26,4.24,4.23,-0.7,26.2,29.85,24.9,
7/6/2001,266.25,265.55,266.25,266.25,0.34,4.27,4.22,4.27,4.26,0.95,75.72,62.9,94.44,
7/5/2001,265.35,267.75,265.35,265.35,-0.97,4.23,4.26,4.23,4.22,-1.17,86,47.3,108.5,
7/4/2001,267.95,267.85,267.95,267.95,0,4.28,4.27,4.28,4.27,0.23,74.75,74.52,79.1,
7/3/2001,267.95,269.55,267.95,267.95,-0.52,4.27,4.28,4.27,4.26,-0.47,77.12,41.93,93.27,
7/2/2001,269.35,270.8,269.35,269.35,-0.55,4.29,4.31,4.29,4.28,-0.46,91.49,83.6,95.09,
6/29/2001,270.85,269.4,270.85,270.85,0.56,4.31,4.31,4.31,4.3,0,41.78,17.85,54.59,
6/28/2001,269.35,272.55,269.35,269.35,-1.07,4.31,4.32,4.31,4.3,-0.46,65.99,68.42,57.07,
6/27/2001,272.25,276.25,272.25,272.25,-1.45,4.33,4.35,4.33,4.32,-0.92,70.61,55.09,81.69,
6/26/2001,276.25,273.85,276.25,276.25,0.82,4.37,4.3,4.37,4.36,1.16,68.74,58.74,70.77,
6/25/2001,274,272.55,274,274,0.51,4.32,4.31,4.32,4.31,0.23,62.23,58.38,73.05,
6/22/2001,272.6,272.5,272.6,272.6,-0.09,4.31,4.33,4.31,4.3,-0.69,47.41,29.54,54.2,
6/21/2001,272.85,272.55,272.85,272.85,0.07,4.34,4.35,4.34,4.33,-0.46,86.53,43.13,116.93,
6/20/2001,272.65,273.55,272.65,272.65,-0.37,4.36,4.41,4.36,4.35,-1.36,94.73,64.93,103.39,
6/19/2001,273.65,272.45,273.65,273.65,0.22,4.42,4.42,4.42,4.41,-0.45,83.23,73.02,105.2,
6/18/2001,273.05,271.6,273.05,273.05,0.7,4.44,4.4,4.44,4.43,0.68,75.61,43.07,107.78,
6/15/2001,271.15,275.65,271.15,271.15,-1.67,4.41,4.46,4.41,4.4,-1.56,64.15,63.95,67.89,
6/14/2001,275.75,272.65,275.75,275.75,1.14,4.48,4.4,4.48,4.47,1.36,64.5,46.29,81.52,
6/13/2001,272.65,271.85,272.65,272.65,0.29,4.42,4.37,4.42,4.41,0.91,89.29,71.21,98.99,
6/12/2001,271.85,268.15,271.85,271.85,1.44,4.38,4.34,4.38,4.38,0.92,98.08,88.32,99.97,
6/11/2001,268,273.75,268,268,-2.01,4.34,4.37,4.34,4.34,-0.91,96.34,103.43,104.76,
6/8/2001,273.5,266.6,273.5,273.5,2.68,4.38,4.34,4.38,4.37,0.69,69.07,66.1,82.7,
6/7/2001,266.35,266.55,266.35,266.35,0.04,4.35,4.34,4.35,4.34,0,63.36,65.69,67.44,
6/6/2001,266.25,266.35,266.25,266.25,-0.04,4.35,4.35,4.35,4.34,0,58.79,46.88,68.43,
6/5/2001,266.35,265.85,266.35,266.35,0.3,4.35,4.33,4.35,4.34,0.46,83.13,76.5,90.4,
6/4/2001,265.55,266.95,265.55,265.55,-0.54,4.33,4.41,4.33,4.32,-2.04,80.7,87.77,73.21,
6/1/2001,267,265.9,267,267,0.36,4.42,4.39,4.42,4.41,0.45,72.94,48.48,96.03,
5/31/2001,266.05,266.5,266.05,266.05,-0.02,4.4,4.42,4.4,4.39,-0.9,57.75,52.34,61.11,
5/30/2001,266.1,273.9,266.1,266.1,-2.85,4.44,4.52,4.44,4.43,-1.99,60.61,42.3,80.64,
5/29/2001,273.9,277.8,273.9,273.9,-1.44,4.53,4.54,4.53,4.52,-0.66,74.44,59.37,80.47,
5/28/2001,277.9,277.75,277.9,277.9,0,4.56,4.55,4.56,4.55,0,83.34,66.46,83.15,
5/25/2001,277.9,279.25,277.9,277.9,-0.48,4.56,4.6,4.56,4.55,-1.3,49.35,40.52,53.11,
5/24/2001,279.25,283.6,279.25,279.25,-1.59,4.62,4.56,4.62,4.61,0.87,50.72,63.87,31.07,
5/23/2001,283.75,285.5,283.75,283.75,-0.53,4.58,4.55,4.58,4.57,0.44,48.36,36.16,55.29,
5/22/2001,285.25,285.5,285.25,285.25,-0.14,4.56,4.54,4.56,4.55,0.22,59.1,74.42,36.21,
5/21/2001,285.65,286.5,285.65,285.65,-0.24,4.55,4.55,4.55,4.54,-0.66,52.19,61.21,35.74,
5/18/2001,286.35,273.6,286.35,286.35,4.68,4.58,4.47,4.58,4.57,2.23,64.62,67.22,70.09,
5/17/2001,273.55,272.05,273.55,273.55,0.5,4.48,4.44,4.48,4.47,0.45,71,63.46,81.43,
5/16/2001,272.2,268.5,272.2,272.2,1.42,4.46,4.32,4.46,4.46,3.24,52.26,34.73,57.94,
5/15/2001,268.4,268.45,268.4,268.4,-0.04,4.32,4.33,4.32,4.31,-0.69,37.54,31.18,36.41,
5/14/2001,268.5,268.05,268.5,268.5,0.17,4.35,4.33,4.35,4.34,0.46,49.76,42.52,47.29,
5/11/2001,268.05,269.05,268.05,268.05,-0.35,4.33,4.34,4.33,4.33,-0.46,58.65,55.69,55.74,
5/10/2001,269,269.75,269,269,-0.33,4.35,4.38,4.35,4.34,-1.36,42.89,65.39,16.78,
5/9/2001,269.9,265.05,269.9,269.9,1.87,4.41,4.32,4.41,4.4,1.85,90.08,110.08,77.32,
5/8/2001,264.95,266,264.95,264.95,-0.43,4.33,4.31,4.33,4.32,0.23,85.38,102.14,68.15,
5/7/2001,266.1,266.05,266.1,266.1,-0.02,4.32,4.33,4.32,4.31,-0.69,70.01,51.43,79.66,
5/4/2001,266.15,266,266.15,266.15,0,4.35,4.34,4.35,4.34,0,86.78,71.6,94.55,
5/3/2001,266.15,265.25,266.15,266.15,0.3,4.35,4.37,4.35,4.34,-0.68,68.38,50.49,80.02,
5/2/2001,265.35,264.4,265.35,265.35,0.38,4.38,4.35,4.38,4.37,0.23,84.64,46.55,116.49,
5/1/2001,264.35,263.85,264.35,264.35,0.11,4.37,4.33,4.37,4.36,0.69,43.06,52.84,49.58,
4/30/2001,264.05,263.9,264.05,264.05,0,4.34,4.37,4.34,4.33,-0.69,38.64,63.04,29.21,
4/27/2001,264.05,264.25,264.05,264.05,-0.04,4.37,4.38,4.37,4.36,-0.46,60.68,43.99,64.22,
4/26/2001,264.15,262.6,264.15,264.15,0.69,4.39,4.37,4.39,4.38,0.23,56.41,71.57,38.38,
4/25/2001,262.35,264.25,262.35,262.35,-0.74,4.38,4.44,4.38,4.37,-1.57,81.61,42.18,110.58,
4/24/2001,264.3,263.4,264.3,264.3,0.3,4.45,4.44,4.45,4.44,-0.22,45.29,25.8,64.56,
4/23/2001,263.5,264.25,263.5,263.5,-0.43,4.46,4.43,4.46,4.45,0.22,48.71,41.63,57.87,
4/20/2001,264.65,265.25,264.65,264.65,-0.32,4.45,4.43,4.45,4.44,0,47.03,23.44,58.66,
4/19/2001,265.5,261.15,265.5,265.5,1.63,4.45,4.37,4.45,4.44,1.37,33.72,25.86,38.83,
4/18/2001,261.25,261,261.25,261.25,0.1,4.39,4.34,4.39,4.38,0.23,61.34,58.24,72.87,
4/17/2001,261,262.85,261,261,-0.91,4.38,4.44,4.38,4.37,-1.57,72.24,75.44,74.37,
4/16/2001,263.4,260,263.4,263.4,1.25,4.45,4.35,4.45,4.44,1.6,81.27,108.02,57.92,
4/13/2001,260.15,260,260.15,260.15,0,4.38,4.37,4.38,4.37,0,38.32,41.67,34.76,
4/12/2001,260.15,258.85,260.15,260.15,0.54,4.38,4.37,4.38,4.37,0,45.03,44.9,41.61,
4/11/2001,258.75,257.75,258.75,258.75,0.47,4.38,4.32,4.38,4.37,1.15,33.13,36.03,40.07,
4/10/2001,257.55,258.05,257.55,257.55,-0.37,4.33,4.32,4.33,4.32,0,45.87,45.73,54.49,
4/9/2001,258.5,260.05,258.5,258.5,-0.54,4.33,4.34,4.33,4.32,-0.46,31.65,28.05,35.09,
4/6/2001,259.9,258.5,259.9,259.9,0.52,4.35,4.35,4.35,4.34,-0.23,50.75,56.21,46.89,
4/5/2001,258.55,259,258.55,258.55,-0.08,4.36,4.34,4.36,4.35,0.23,54.34,24.63,69.84,
4/4/2001,258.75,257.35,258.75,258.75,0.66,4.35,4.31,4.35,4.34,0.93,56.5,53.36,59.34,
4/3/2001,257.05,255.7,257.05,257.05,0.59,4.31,4.31,4.31,4.3,-0.46,56.2,65.92,54.98,
4/2/2001,255.55,257.75,255.55,255.55,-0.93,4.33,4.29,4.33,4.32,0.7,42.06,41.93,40.81,
3/30/2001,257.95,259.15,257.95,257.95,-0.42,4.3,4.32,4.3,4.29,-0.69,70.14,91.43,67.29,
3/29/2001,259.05,260.2,259.05,259.05,-0.38,4.33,4.37,4.33,4.32,-1.14,62.45,69.73,54.01,
3/28/2001,260.05,260.9,260.05,260.05,-0.54,4.38,4.43,4.38,4.37,-1.35,55.45,40.73,67.95,
3/27/2001,261.45,262.45,261.45,261.45,-0.46,4.44,4.37,4.44,4.43,1.37,79.71,69.93,90.14,
3/26/2001,262.65,262.15,262.65,262.65,0.11,4.38,4.35,4.38,4.37,0.46,86.32,78.88,83.74,
3/23/2001,262.35,262.25,262.35,262.35,0.15,4.36,4.34,4.36,4.35,0,62.29,45.16,84.75,
3/22/2001,261.95,263.15,261.95,261.95,-0.42,4.36,4.34,4.36,4.35,0.46,63.47,68.14,73.07,
3/21/2001,263.05,262.05,263.05,263.05,0.54,4.34,4.34,4.34,4.33,-0.23,66.87,41.02,94.1,
3/20/2001,261.65,260.85,261.65,261.65,0.38,4.35,4.32,4.35,4.34,0.46,51.05,39.58,61.32,
3/19/2001,260.65,258.8,260.65,260.65,0.73,4.33,4.3,4.33,4.32,0.46,59.47,34.87,75.63,
3/16/2001,258.75,260.85,258.75,258.75,-0.73,4.31,4.34,4.31,4.3,-1.15,90.24,98.66,101.66,
3/15/2001,260.65,263.85,260.65,260.65,-0.91,4.36,4.44,4.36,4.35,-2.24,55.61,53.03,60.32,
3/14/2001,263.05,268.65,263.05,263.05,-1.76,4.46,4.43,4.46,4.45,0.45,67.11,60.82,76.09,
3/13/2001,267.75,272.65,267.75,267.75,-1.76,4.44,4.43,4.44,4.43,0.23,82.98,72.8,88.32,
3/12/2001,272.55,272.2,272.55,272.55,0.06,4.43,4.5,4.43,4.42,-1.77,57.61,57.43,53.89,
3/9/2001,272.38,267.38,272.38,272.38,2.23,4.51,4.5,4.51,4.5,0,48.48,21.48,71.66,
3/8/2001,266.45,262.45,266.45,266.45,1.56,4.51,4.44,4.51,4.5,1.35,49.37,24.61,61.58,
3/7/2001,262.35,260.65,262.35,262.35,0.61,4.45,4.42,4.45,4.44,0.45,62.61,51.07,66.26,
3/6/2001,260.75,263.1,260.75,260.75,-0.91,4.43,4.42,4.43,4.42,0,52.43,43.05,56.42,
3/5/2001,263.15,262.65,263.15,263.15,0.15,4.43,4.42,4.43,4.42,0.23,61.99,61.8,57.99,
3/2/2001,262.75,265.05,262.75,262.75,-1.09,4.42,4.4,4.42,4.41,0.23,85.82,74.15,85.63,
3/1/2001,265.65,267.15,265.65,265.65,-0.6,4.41,4.47,4.41,4.4,-1.56,43.49,38.54,48.22,
2/28/2001,267.25,268.05,267.25,267.25,-0.37,4.48,4.42,4.48,4.47,1.13,70.06,55.88,74.57,
2/27/2001,268.25,267,268.25,268.25,0.52,4.43,4.46,4.43,4.42,-0.45,52.83,12.39,77.52,
2/26/2001,266.85,261.75,266.85,266.85,2.05,4.45,4.44,4.45,4.44,0.23,33.39,44.38,30.85,
2/23/2001,261.5,258.7,261.5,261.5,0.95,4.44,4.42,4.44,4.43,0.23,69.07,44.07,82.7,
2/22/2001,259.05,258.75,259.05,259.05,0.19,4.43,4.42,4.43,4.42,0.23,60.87,55.63,71.71,
2/21/2001,258.55,256.45,258.55,258.55,0.9,4.42,4.42,4.42,4.41,-0.23,80.58,45.91,95.73,
2/20/2001,256.25,259.65,256.25,256.25,-1.31,4.43,4.5,4.43,4.42,-1.77,93.17,82.56,109.03,
2/19/2001,259.65,258.75,259.65,259.65,0.27,4.51,4.51,4.51,4.5,0.45,153.4,148.79,172.37,
2/16/2001,258.95,255.95,258.95,258.95,1.13,4.49,4.51,4.49,4.48,-0.88,34.33,22.81,38.06,
2/15/2001,256.05,259.75,256.05,256.05,-1.48,4.53,4.51,4.53,4.52,0.22,55.21,35.03,66.78,
2/14/2001,259.9,260.65,259.9,259.9,-0.4,4.52,4.55,4.52,4.51,-0.88,39.4,36.26,40.32,
2/13/2001,260.95,261.45,260.95,260.95,-0.15,4.56,4.55,4.56,4.55,0,48.01,51.05,58.55,
2/12/2001,261.35,261.35,261.35,261.35,0.27,4.56,4.53,4.56,4.55,0.22,56.63,21.17,82.4,
2/9/2001,260.65,260.85,260.65,260.65,-0.1,4.55,4.56,4.55,4.54,-0.22,36.68,39.38,42.23,
2/8/2001,260.9,263.4,260.9,260.9,-0.93,4.56,4.61,4.56,4.55,-1.3,33.18,45.8,29.71,
2/7/2001,263.35,263.75,263.35,263.35,-0.11,4.62,4.65,4.62,4.61,-0.86,28.58,6.33,47.54,
2/6/2001,263.65,265.45,263.65,263.65,-0.72,4.66,4.67,4.66,4.65,-0.64,71.01,56.63,94.47,
2/5/2001,265.55,267.15,265.55,265.55,-0.73,4.69,4.74,4.69,4.68,-1.68,44.61,37.06,43.28,
2/2/2001,267.5,268.35,267.5,267.5,-0.43,4.77,4.78,4.77,4.76,-0.42,59.15,47.18,73.78,
2/1/2001,268.65,266.15,268.65,268.65,1.05,4.79,4.78,4.79,4.78,0,45.34,50.23,41.89,
1/31/2001,265.85,266,265.85,265.85,0,4.79,4.8,4.79,4.78,-0.42,47.83,17.88,64.64,
1/30/2001,265.85,263.15,265.85,265.85,1.03,4.81,4.79,4.81,4.8,0,15.29,18.3,15.26,
1/29/2001,263.15,263.55,263.15,263.15,0.04,4.81,4.79,4.81,4.8,0,36.16,43.26,30.07,
1/26/2001,263.05,265,263.05,263.05,-0.72,4.81,4.78,4.81,4.8,0.21,36.53,28.01,37.38,
1/25/2001,264.95,264.95,264.95,264.95,0,4.8,4.77,4.8,4.79,0.63,37.83,14.14,51.12,
1/24/2001,264.95,266.55,264.95,264.95,-0.6,4.77,4.78,4.77,4.76,-0.42,52.95,46.93,63.6,
1/23/2001,266.55,267.5,266.55,266.55,-0.15,4.79,4.78,4.79,4.78,0,62.56,68.6,62.43,
1/22/2001,266.95,265.55,266.95,266.95,0.79,4.79,4.74,4.79,4.78,0.63,28.43,21.26,35.47,
1/19/2001,264.85,264.8,264.85,264.85,-0.08,4.76,4.79,4.76,4.75,-0.83,43.59,32.59,49.83,
1/18/2001,265.05,263.8,265.05,265.05,0.51,4.8,4.71,4.8,4.79,1.69,44.7,34.66,53.69,
1/17/2001,263.7,263.75,263.7,263.7,0.06,4.72,4.66,4.72,4.71,0.85,44.02,49.37,41.18,
1/16/2001,263.55,263.65,263.55,263.55,-0.04,4.68,4.6,4.68,4.67,1.52,64.82,61.22,73.76,
1/15/2001,263.65,264.5,263.65,263.65,-0.23,4.61,4.62,4.61,4.6,-0.43,50.43,46.4,51.61,
1/12/2001,264.25,264.3,264.25,264.25,0.04,4.63,4.57,4.63,4.62,1.31,55.77,27.8,69.56,
1/11/2001,264.15,264.9,264.15,264.15,-0.25,4.57,4.54,4.57,4.56,0.44,60.47,52.42,61.21,
1/10/2001,264.8,267.55,264.8,264.8,-1.14,4.55,4.55,4.55,4.54,-0.44,45.01,53.84,54.89,
1/9/2001,267.85,268.55,267.85,267.85,-0.22,4.57,4.55,4.57,4.56,0,59.38,43.62,67.56,
1/8/2001,268.45,268.35,268.45,268.45,0.13,4.57,4.56,4.57,4.56,0,57.61,35.9,77.84,
1/5/2001,268.1,267.45,268.1,268.1,0.21,4.57,4.54,4.57,4.56,0.66,66.86,60.59,75.81,
1/4/2001,267.55,268.05,267.55,267.55,-0.41,4.54,4.5,4.54,4.54,0.67,55.39,38.66,59.88,
1/3/2001,268.65,269.25,268.65,268.65,-0.07,4.51,4.55,4.51,4.5,-1.31,31.82,35.24,23.52,
1/2/2001,268.85,272.75,268.85,268.85,-1.3,4.57,4.58,4.57,4.56,-0.65,48.01,43.51,58.07,
12/29/2000,272.4,272.45,272.4,272.4,-0.06,4.6,4.58,4.6,4.59,0.22,53.2,49.5,58.98,
12/28/2000,272.55,275.25,272.55,272.55,-1.09,4.59,4.59,4.59,4.58,-0.22,56.21,22.41,74.78,
12/27/2000,275.55,274.55,275.55,275.55,0.4,4.6,4.63,4.6,4.59,-0.86,60.89,72.85,40.51,
12/26/2000,274.45,273.4,274.45,274.45,0.15,4.64,4.61,4.64,4.63,0.43,40.47,46.11,28.84,
12/25/2000,274.05,274,274.05,274.05,0.04,4.62,4.61,4.62,4.61,0,34.33,51.33,28.54,
12/22/2000,273.95,274.25,273.95,273.95,-0.11,4.62,4.6,4.62,4.61,0.22,38.66,47.43,44.51,
12/21/2000,274.25,273.45,274.25,274.25,0.22,4.61,4.6,4.61,4.59,0,75.59,53.83,89.8,
12/20/2000,273.65,270.5,273.65,273.65,1.26,4.61,4.59,4.61,4.6,0.22,71.74,49.75,88.19,
12/19/2000,270.25,270.25,270.25,270.25,0,4.6,4.59,4.6,4.59,0,46.42,26.45,60.66,
12/18/2000,270.25,271,270.25,270.25,-0.24,4.6,4.57,4.6,4.59,0.44,58.31,43.6,72.73,
12/15/2000,270.9,270.05,270.9,270.9,0.43,4.58,4.61,4.58,4.57,-0.87,58.41,61,64.76,
12/14/2000,269.75,269.25,269.75,269.75,0.2,4.62,4.63,4.62,4.61,-0.43,42.44,54.75,29.06,
12/13/2000,269.2,270.95,269.2,269.2,-0.79,4.64,4.67,4.64,4.63,-0.85,50.15,61.1,50.97,
12/12/2000,271.35,270.65,271.35,271.35,0.3,4.68,4.66,4.68,4.67,0.21,37.89,31.48,36.76,
12/11/2000,270.55,272.75,270.55,270.55,-0.81,4.67,4.65,4.67,4.66,0.21,59.51,65.92,49.48,
12/8/2000,272.75,273.75,272.75,272.75,-0.37,4.66,4.73,4.66,4.65,-1.69,49.52,49.37,45.76,
12/7/2000,273.75,274.75,273.75,273.75,-0.44,4.74,4.76,4.74,4.73,-0.84,26.46,19.19,28.01,
12/6/2000,274.95,270.6,274.95,274.95,1.7,4.78,4.71,4.78,4.77,1.27,49.65,54.99,45.87,
12/5/2000,270.35,270.9,270.35,270.35,-0.3,4.72,4.71,4.72,4.71,0,27.78,24.62,25.67,
12/4/2000,271.15,269.75,271.15,271.15,0.65,4.72,4.64,4.72,4.71,1.51,44.26,33.94,50.96,
12/1/2000,269.4,270.45,269.4,269.4,-0.35,4.65,4.69,4.65,4.64,-0.85,25.29,28.01,23.36,
11/30/2000,270.35,266.9,270.35,270.35,1.27,4.69,4.62,4.69,4.68,1.3,46.15,46.01,51.17,
11/29/2000,266.95,269.6,266.95,266.95,-0.95,4.63,4.69,4.63,4.62,-1.49,47.68,55.04,54.26,
11/28/2000,269.5,270,269.5,269.5,-0.2,4.7,4.69,4.7,4.69,0.21,59.21,49.71,62.19,
11/27/2000,270.05,265.75,270.05,270.05,1.54,4.69,4.61,4.69,4.68,1.52,37.72,61.53,22.81,
11/24/2000,265.95,266.05,265.95,265.95,-0.02,4.62,4.61,4.62,4.61,0,80.65,65.51,99.35,
11/23/2000,266,267.25,266,266,-0.24,4.62,4.62,4.62,4.61,-0.22,56.48,73.2,46.97,
11/22/2000,266.65,265.85,266.65,266.65,0.3,4.63,4.62,4.63,4.62,0,69.8,52.19,77.39,
11/21/2000,265.85,266.45,265.85,265.85,-0.19,4.63,4.63,4.63,4.62,-0.22,54.06,59.88,49.95,
11/20/2000,266.35,266.25,266.35,266.35,0.21,4.64,4.64,4.64,4.63,-0.22,59.21,59.03,54.71,
11/17/2000,265.8,265.85,265.8,265.8,-0.02,4.65,4.65,4.65,4.64,-0.21,29.72,10.77,44.93,
11/16/2000,265.85,264.85,265.85,265.85,0.23,4.66,4.67,4.66,4.65,-0.21,23.59,14.11,31.39,
11/15/2000,265.25,264.6,265.25,265.25,0.23,4.67,4.66,4.67,4.66,0,32.48,14.94,45.7,
11/14/2000,264.65,264.55,264.65,264.65,0.08,4.67,4.66,4.67,4.66,0,47.85,50.5,42.12,
11/13/2000,264.45,264.75,264.45,264.45,-0.08,4.67,4.69,4.67,4.66,-0.43,43.06,52.84,38.56,
11/10/2000,264.65,265.95,264.65,264.65,-0.41,4.69,4.73,4.69,4.68,-1.05,33.78,56.98,21.6,
11/9/2000,265.75,265.05,265.75,265.75,0.23,4.74,4.72,4.74,4.73,0.21,44.27,53.94,36.81,
11/8/2000,265.15,264.65,265.15,265.15,0.28,4.73,4.72,4.73,4.72,0.21,60.38,71.14,50.21,
11/7/2000,264.4,265.15,264.4,264.4,-0.23,4.72,4.74,4.72,4.71,-0.84,45.07,51.35,37.48,
11/6/2000,265,265.2,265,265,-0.08,4.76,4.73,4.76,4.75,0.42,54.36,38.25,63.81,
11/3/2000,265.2,264.8,265.2,265.2,0.21,4.74,4.69,4.74,4.73,0.64,75.16,64.23,89.29,
11/2/2000,264.65,264.65,264.65,264.65,0.13,4.71,4.75,4.71,4.7,-1.05,42.63,55,29.19,
11/1/2000,264.3,265.1,264.3,264.3,-0.28,4.76,4.74,4.76,4.75,0.42,50.88,58.73,48.99,
10/31/2000,265.05,264.6,265.05,265.05,0.08,4.74,4.73,4.74,4.73,0.21,86.54,101.15,84.37,
10/30/2000,264.85,264.75,264.85,264.85,0.11,4.73,4.73,4.73,4.72,-0.42,59.75,79.42,38.64,
10/27/2000,264.55,265.35,264.55,264.55,-0.3,4.75,4.73,4.75,4.74,0.21,35.33,32.51,31.63,
10/26/2000,265.35,266.8,265.35,265.35,-0.52,4.74,4.75,4.74,4.73,-0.21,64.76,52.61,79.78,
10/25/2000,266.75,270.4,266.75,266.75,-1.31,4.75,4.78,4.75,4.74,-0.84,45.73,40.52,50.7,
10/24/2000,270.3,270.4,270.3,270.3,-0.02,4.79,4.77,4.79,4.78,0.42,65.13,68.03,77.37,
10/23/2000,270.35,271.3,270.35,270.35,-0.42,4.77,4.81,4.77,4.76,-1.24,85.02,121.08,65.64,
10/20/2000,271.5,271.1,271.5,271.5,0.24,4.83,4.81,4.83,4.82,0,57.73,60.29,59.43,
10/19/2000,270.85,270.75,270.85,270.85,0.07,4.83,4.83,4.83,4.82,-0.21,72.33,62.49,84.2,
10/18/2000,270.65,271.6,270.65,270.65,-0.22,4.84,4.83,4.84,4.83,0,77.66,90.77,71.26,
10/17/2000,271.25,272.05,271.25,271.25,-0.29,4.84,4.85,4.84,4.83,-0.41,96.69,124.38,83,
10/16/2000,272.05,272.45,272.05,272.05,-0.22,4.86,4.87,4.86,4.85,-0.21,110.09,99.77,138.7,
10/13/2000,272.65,276.35,272.65,272.65,-1.45,4.87,4.89,4.87,4.86,-0.81,195.98,287.63,176.54,
10/12/2000,276.65,270.95,276.65,276.65,1.99,4.91,4.85,4.91,4.9,0.82,28.65,31.15,25.99,
10/11/2000,271.25,273.1,271.25,271.25,-0.55,4.87,4.88,4.87,4.86,-0.41,82.2,65.56,91.13,
10/10/2000,272.75,270.6,272.75,272.75,0.79,4.89,4.86,4.89,4.88,0.41,103.62,39.99,138.98,
10/9/2000,270.6,269.95,270.6,270.6,0.35,4.87,4.86,4.87,4.86,0,114.97,93.13,167.3,
10/6/2000,269.65,269.75,269.65,269.65,-0.26,4.87,4.86,4.87,4.86,0,82.25,28.27,117.92,
10/5/2000,270.35,270.85,270.35,270.35,-0.15,4.87,4.85,4.87,4.86,0.21,42.3,42.17,39.57,
10/4/2000,270.75,272,270.75,270.75,-0.55,4.86,4.88,4.86,4.84,-0.61,71.06,49.05,86.36,
10/3/2000,272.25,273.35,272.25,272.25,-0.42,4.89,4.87,4.89,4.88,0.2,66.31,81.85,42.01,
10/2/2000,273.4,274.25,273.4,273.4,-0.31,4.88,4.87,4.88,4.87,0.21,39.24,32.6,43.51,
9/29/2000,274.25,275.25,274.25,274.25,-0.47,4.87,4.92,4.87,4.86,-1.22,32.67,25.06,37.62,
9/28/2000,275.55,278.5,275.55,275.55,-1.09,4.93,4.93,4.93,4.92,-0.2,21.76,14.46,28.15,
9/27/2000,278.6,274.45,278.6,278.6,1.55,4.94,4.9,4.94,4.93,0.61,45.23,31.83,57.52,
9/26/2000,274.35,274.55,274.35,274.35,0.02,4.91,4.9,4.91,4.9,0.2,55.26,23.19,72.55,
9/25/2000,274.3,272.05,274.3,274.3,0.79,4.9,4.9,4.9,4.89,0.2,44.38,25.28,63.26,
9/22/2000,272.15,271.05,272.15,272.15,0.52,4.89,4.86,4.89,4.88,0.41,59.46,39.52,82.41,
9/21/2000,270.75,269.55,270.75,270.75,0.48,4.87,4.82,4.87,4.85,0.83,51,19.37,72.7,
9/20/2000,269.45,272.15,269.45,269.45,-1.03,4.83,4.87,4.83,4.82,-1.02,60.27,50.07,71,
9/19/2000,272.25,272,272.25,272.25,0.17,4.88,4.85,4.88,4.86,0.21,64.21,58.19,63.1,
9/18/2000,271.8,272.55,271.8,271.8,-0.28,4.87,4.85,4.87,4.85,0.21,95.46,63.45,116.42,
9/15/2000,272.55,272.75,272.55,272.55,0.04,4.86,4.87,4.86,4.85,-0.41,60.37,36.63,74.21,
9/14/2000,272.45,272.35,272.45,272.45,-0.13,4.88,4.86,4.88,4.87,0.21,53.63,10.18,80.7,
9/13/2000,272.8,274.05,272.8,272.8,-0.09,4.87,4.86,4.87,4.86,-0.2,60.9,15.84,88.07,
9/12/2000,273.05,273.2,273.05,273.05,-0.15,4.88,4.86,4.88,4.88,0.21,69.61,37.85,84.19,
9/11/2000,273.45,272.95,273.45,273.45,0.15,4.87,4.88,4.87,4.86,-0.61,59.75,52.94,66.24,
9/8/2000,273.05,273.85,273.05,273.05,-0.27,4.9,4.89,4.9,4.89,-0.2,36.84,31.48,35.01,
9/7/2000,273.8,274.55,273.8,273.8,-0.24,4.91,4.94,4.91,4.9,-0.81,39.91,26.53,44.25,
9/6/2000,274.45,275.7,274.45,274.45,-0.4,4.95,4.94,4.95,4.94,0,54.75,32.75,72.85,
9/5/2000,275.55,276.95,275.55,275.55,-0.52,4.95,4.95,4.95,4.94,-0.2,52.97,77.45,29.37,
9/4/2000,277,276.95,277,277,0.05,4.96,4.95,4.96,4.95,-0.2,52.45,40.22,60.39,
9/1/2000,276.85,277.9,276.85,276.85,-0.32,4.97,4.95,4.97,4.96,0,45.34,30.13,55.29,
8/31/2000,277.75,274.15,277.75,277.75,1.28,4.97,4.91,4.97,4.96,1.22,42.07,50.33,32.65,
8/30/2000,274.25,273.25,274.25,274.25,0.29,4.91,4.92,4.91,4.9,-0.41,58.01,48.7,60.93,
8/29/2000,273.45,273.85,273.45,273.45,-0.24,4.93,4.9,4.93,4.92,0.2,50.46,21.56,65.94,
8/28/2000,274.1,274.15,274.1,274.1,-0.05,4.92,4.86,4.92,4.9,0.82,100.5,112.22,93.6,
8/25/2000,274.25,272.95,274.25,274.25,0.48,4.88,4.83,4.88,4.87,0.83,50.92,41.8,54.79,
8/24/2000,272.95,270.25,272.95,272.95,0.63,4.84,4.77,4.84,4.83,1.26,45.18,33.78,46.97,
8/23/2000,271.25,273.55,271.25,271.25,-0.91,4.78,4.82,4.78,4.77,-1.04,45.92,30.52,56.01,
8/22/2000,273.75,274.25,273.75,273.75,-0.54,4.83,4.84,4.83,4.82,-0.41,46.96,14.41,66.08,
8/21/2000,275.25,276.7,275.25,275.25,-0.51,4.85,4.82,4.85,4.84,0.21,46.71,7.16,71.7,
8/18/2000,276.65,277.35,276.65,276.65,-0.34,4.84,4.85,4.84,4.83,-0.41,32.45,21.57,40.47,
8/17/2000,277.6,277.75,277.6,277.6,0.14,4.86,4.84,4.86,4.85,0.21,39.47,41.97,43.76,
8/16/2000,277.2,274.7,277.2,277.2,0.93,4.85,4.85,4.85,4.84,-0.21,57.11,45.55,61.74,
8/15/2000,274.65,274.75,274.65,274.65,-0.04,4.86,4.86,4.86,4.85,-0.21,67.06,66.85,61.34,
8/14/2000,274.75,275.1,274.75,274.75,-0.15,4.87,4.9,4.87,4.86,-0.81,41.76,48.56,52.08,
8/11/2000,275.15,272.7,275.15,275.15,0.88,4.91,4.88,4.91,4.9,0.41,38.31,29.38,39.21,
8/10/2000,272.75,272.25,272.75,272.75,-0.04,4.89,4.87,4.89,4.88,0,56.88,59.4,54.05,
8/9/2000,272.85,273.75,272.85,272.85,-0.15,4.89,4.89,4.89,4.88,-0.2,59.21,80.77,36.28,
8/8/2000,273.25,273.85,273.25,273.25,-0.18,4.9,4.93,4.9,4.89,-0.81,73.07,62.44,86.8,
8/7/2000,273.75,272.75,273.75,273.75,0.18,4.94,4.9,4.94,4.92,0.61,35.53,23.62,39.4,
8/4/2000,273.25,274.05,273.25,273.25,-0.27,4.91,4.95,4.91,4.9,-1.01,55.8,40.99,73.26,
8/3/2000,274,277.4,274,274,-1.28,4.96,4.96,4.96,4.95,-0.4,45.49,73.7,23.64,
8/2/2000,277.55,277.5,277.55,277.55,0.07,4.98,4.97,4.98,4.97,0,55.11,40.48,62.71,
8/1/2000,277.35,277.55,277.35,277.35,0.04,4.98,4.98,4.98,4.97,-0.2,55.65,58.74,54.44,
7/31/2000,277.25,278.15,277.25,277.25,-0.41,4.99,4.95,4.99,4.98,0.6,47.8,36.65,55.03,
7/28/2000,278.4,278.55,278.4,278.4,-0.04,4.96,4.94,4.96,4.95,0,38.83,23.82,49.68,
7/27/2000,278.5,279.95,278.5,278.5,-0.45,4.96,4.94,4.96,4.95,0.2,74.02,57.98,79.14,
7/26/2000,279.75,279.3,279.75,279.75,0.21,4.95,4.97,4.95,4.94,-0.6,39,33.33,37.07,
7/25/2000,279.15,279.25,279.15,279.15,-0.04,4.98,4.93,4.98,4.97,0.81,50.43,87.98,26.21,
7/24/2000,279.25,280.05,279.25,279.25,-0.39,4.94,4.9,4.94,4.93,0.2,57.74,43.17,60.01,
7/21/2000,280.35,280.5,280.35,280.35,0.04,4.93,4.97,4.93,4.92,-1,22.83,17.07,28.47,
7/20/2000,280.25,279.05,280.25,280.25,0.39,4.98,4.97,4.98,4.97,0.2,65.57,31.38,91.6,
7/19/2000,279.15,282.6,279.15,279.15,-1.24,4.97,5,4.97,4.96,-1,63.04,22.85,95.31,
7/18/2000,282.65,283.55,282.65,282.65,-0.32,5.02,5,5.02,5.01,0.2,31.97,25.5,31.91,
7/17/2000,283.55,281.15,283.55,283.55,0.78,5.01,4.99,5.01,5,0.2,56.75,56.57,53.08,
7/14/2000,281.35,280.55,281.35,281.35,0.39,5,4.96,5,4.99,0.6,64.84,28.11,84.39,
7/13/2000,280.25,280.65,280.25,280.25,-0.18,4.97,4.95,4.97,4.96,0,62.34,28.25,80.11,
7/12/2000,280.75,282.65,280.75,280.75,-0.62,4.97,4.94,4.97,4.96,0.2,34.06,33.96,33.04,
7/11/2000,282.5,284.05,282.5,282.5,-0.51,4.96,4.97,4.96,4.95,-0.4,45.6,32.47,48.75,
7/10/2000,283.95,283.6,283.95,283.95,0.11,4.98,4.97,4.98,4.97,0.2,64.32,57,77.26,
7/7/2000,283.65,283.6,283.65,283.65,0.05,4.97,4.98,4.97,4.96,-0.6,66.6,63.51,77.05,
7/6/2000,283.5,283.85,283.5,283.5,-0.23,5,4.97,5,4.98,0.4,73.67,48.96,81.68,
7/5/2000,284.15,286.85,284.15,284.15,-0.91,4.98,4.98,4.98,4.97,-0.2,77.94,51.8,97.22,
7/4/2000,286.75,287.8,286.75,286.75,-0.4,4.99,4.99,4.99,4.98,-0.2,67.83,90.17,43.87,
7/3/2000,287.9,289.65,287.9,287.9,-0.76,5,5.01,5,4.99,-0.6,32.73,14.5,42.33,
6/30/2000,290.1,289.25,290.1,290.1,0.33,5.03,4.99,5.03,5.02,0.6,65.17,37.9,85.8,
6/29/2000,289.15,291.75,289.15,289.15,-1.25,5,4.96,5,4.99,0.4,49.52,36.38,56.35,
6/28/2000,292.8,286.05,292.8,292.8,2.36,4.98,4.93,4.98,4.97,0.4,61.6,16.75,88.48,
6/27/2000,286.05,284.45,286.05,286.05,0.72,4.96,4.96,4.96,4.94,-0.2,46.22,49.15,46.12,
6/26/2000,284,282.9,284,284,0.28,4.97,4.93,4.97,4.96,0.4,42.51,28.26,47.14,
6/23/2000,283.2,285.6,283.2,283.2,-0.86,4.95,4.95,4.95,4.94,-0.2,36.25,27.8,46.37,
6/22/2000,285.65,286.25,285.65,285.65,-0.19,4.96,4.94,4.96,4.95,0,44.55,10.45,65.38,
6/21/2000,286.2,286.35,286.2,286.2,0,4.96,5.01,4.96,4.95,-1.2,71.9,63.71,79.71,
6/20/2000,286.2,286.15,286.2,286.2,-0.02,5.02,5.01,5.02,5,-0.2,49.3,30.72,61.5,
6/19/2000,286.25,288.4,286.25,286.25,-1.04,5.03,5.04,5.03,5.01,-0.59,67.17,28.2,94.07,
6/16/2000,289.25,289.55,289.25,289.25,-0.21,5.06,5.04,5.06,5.05,0.2,77.17,82.86,69.11,
6/15/2000,289.85,292.45,289.85,289.85,-0.65,5.05,5.04,5.05,5.04,-0.2,67.55,46.62,77.77,
6/14/2000,291.75,286.15,291.75,291.75,2.1,5.06,5,5.06,5.05,1.2,40.83,43.42,31.69,
6/13/2000,285.75,286.5,285.75,285.75,-0.35,5,5,5,4.99,-0.2,71.88,99.69,57.17,
6/12/2000,286.75,283.85,286.75,286.75,1.02,5.01,5.01,5.01,5,-0.4,52.92,35.17,58.67,
6/9/2000,283.85,284.35,283.85,283.85,-0.21,5.03,5.05,5.03,5.02,-0.59,50.47,52.97,53.01,
6/8/2000,284.45,286.75,284.45,284.45,-0.97,5.06,5.06,5.06,5.05,-0.2,49.02,30.86,55.78,
6/7/2000,287.25,289.25,287.25,287.25,-0.71,5.07,5.05,5.07,5.06,0.2,67.76,65.05,83.47,
6/6/2000,289.3,285.7,289.3,289.3,1.34,5.06,5.01,5.06,5.05,0.6,89.44,76.43,100.94,
6/5/2000,285.48,280.38,285.48,285.48,1.46,5.03,4.98,5.03,5.01,0.8,108.49,100.95,132.31,
6/2/2000,281.38,272.98,281.38,281.38,3.15,4.99,4.9,4.99,4.98,1.63,64.73,50.5,74.89,
6/1/2000,272.8,272,272.8,272.8,0.24,4.91,4.91,4.91,4.9,-0.2,114.41,74.27,146.02,
5/31/2000,272.15,272.95,272.15,272.15,-0.29,4.92,4.9,4.92,4.91,0.2,82.67,52.98,98.2,
5/30/2000,272.95,273.25,272.95,272.95,0.29,4.91,4.92,4.91,4.9,-0.61,78.78,97.24,68.63,
5/29/2000,272.15,272.25,272.15,272.15,0.04,4.94,4.91,4.94,4.92,0.41,112.73,95.09,144.21,
5/26/2000,272.05,270,272.05,272.05,0.67,4.92,4.89,4.92,4.91,0.2,75.11,77.46,64.61,
5/25/2000,270.25,273.45,270.25,270.25,-1.21,4.91,4.96,4.91,4.9,-1.21,46.99,67.66,34.73,
5/24/2000,273.55,274.1,273.55,273.55,-0.29,4.97,4.98,4.97,4.96,-0.6,89.77,107.39,69.67,
5/23/2000,274.35,275.4,274.35,274.35,-0.51,5,4.98,5,4.99,0.2,86.82,93.21,77.75,
5/22/2000,275.75,274.1,275.75,275.75,0.55,4.99,4.96,4.99,4.98,0.4,116.42,140.68,111.47,
5/19/2000,274.25,273.4,274.25,274.25,0.33,4.97,4.98,4.97,4.96,-0.6,104.29,82.08,114.11,
5/18/2000,273.35,273.5,273.35,273.35,0,5,4.98,5,4.99,0.4,98.05,105.68,88.14,
5/17/2000,273.35,275.5,273.35,273.35,-0.8,4.98,5.07,4.98,4.97,-1.97,31.42,36.55,39.19,
5/16/2000,275.55,275.65,275.55,275.55,-0.04,5.08,4.99,5.08,5.07,1.6,117.2,110.69,138.49,
5/15/2000,275.65,276.45,275.65,275.65,-0.18,5,4.99,5,4.99,0,76.79,62.64,92.88,
5/12/2000,276.15,276,276.15,276.15,0.07,5,4.99,5,4.99,0,97.1,105.1,78.44,
5/11/2000,275.95,277.6,275.95,275.95,-0.65,5,5,5,4.99,-0.4,93.49,100.76,92.45,
5/10/2000,277.75,277.25,277.75,277.75,0.18,5.02,5.01,5.02,5,-0.2,93.16,109.26,95.69,
5/9/2000,277.25,276.45,277.25,277.25,0.23,5.03,5,5.03,5.02,0.4,102.91,115.42,85.58,
5/8/2000,276.62,279.02,276.62,276.62,-0.84,5.01,5,5.01,5,0.4,95.96,99.21,100.49,
5/5/2000,278.95,280.45,278.95,278.95,-0.42,4.99,5.09,4.99,4.98,-2.35,90.94,115.39,77.91,
5/4/2000,280.12,278.88,280.12,280.12,0.63,5.11,5.01,5.11,5.09,2,75.82,93.83,52.18,
5/3/2000,278.38,275.88,278.38,278.38,0.95,5.01,5.01,5.01,5,-0.2,76.36,73.5,83.2,
5/2/2000,275.75,273.75,275.75,275.75,0.78,5.02,5.01,5.02,5.01,0,42.47,63.51,35.31,
5/1/2000,273.62,273.88,273.62,273.62,0.04,5.02,4.94,5.02,5.01,1.01,64.53,50.04,89.43,
4/28/2000,273.5,277.1,273.5,273.5,-1.28,4.97,4.94,4.97,4.96,0.2,66.14,71.43,64.16,
4/27/2000,277.05,275.85,277.05,277.05,0.51,4.96,4.93,4.96,4.94,0.2,51.8,27.18,68.01,
4/26/2000,275.65,278.15,275.65,275.65,-0.93,4.95,4.99,4.95,4.93,-1,42.18,44.85,32.74,
4/25/2000,278.25,279.75,278.25,278.25,-0.55,5,4.93,5,4.99,1.21,76.36,50.75,102.8,
4/24/2000,279.8,280,279.8,279.8,-0.07,4.94,4.98,4.94,4.93,-0.8,106.61,83.51,120.31,
4/21/2000,280,280,280,280,0.09,4.98,4.96,4.98,4.96,0.2,32.9,26.24,38.29,
4/20/2000,279.75,280.75,279.75,279.75,-0.36,4.97,5.08,4.97,4.96,-2.55,37.83,43.1,26.96,
4/19/2000,280.77,281.27,280.77,280.77,-0.12,5.1,5.09,5.1,5.09,-0.2,63.81,52.05,72.36,
4/18/2000,281.12,280.62,281.12,281.12,-0.09,5.11,5.08,5.11,5.1,0,44,31.33,47.04,
4/17/2000,281.38,283.77,281.38,281.38,-0.57,5.11,5.13,5.11,5.09,-0.58,51.46,32.06,58.83,
4/14/2000,283,281.75,283,283,0.43,5.14,5.13,5.14,5.13,-0.19,53.29,44.74,60.64,
4/13/2000,281.8,282.05,281.8,281.8,-0.16,5.15,5.12,5.15,5.14,0.59,44.2,31.11,47.57,
4/12/2000,282.25,281.7,282.25,282.25,0.22,5.12,5.1,5.12,5.1,0.2,51.27,34.07,56.84,
4/11/2000,281.62,281.62,281.62,281.62,-0.05,5.11,5.11,5.11,5.1,-0.39,65.56,23.07,102.61,
4/10/2000,281.75,279.95,281.75,281.75,0.55,5.13,5.07,5.13,5.12,0.79,36.2,43.31,24.08,
4/7/2000,280.2,280.25,280.2,280.2,-0.11,5.09,5.09,5.09,5.08,-0.39,44.92,50.38,42.02,
4/6/2000,280.5,281.6,280.5,280.5,-0.36,5.11,5.09,5.11,5.1,0.2,26.67,37.22,22.18,
4/5/2000,281.5,284.5,281.5,281.5,-1.16,5.1,5.14,5.1,5.09,-0.58,24.16,26.76,17.86,
4/4/2000,284.8,278.5,284.8,284.8,2.39,5.13,5.02,5.13,5.12,1.99,36.67,42.65,30.49,
4/3/2000,278.15,278.75,278.15,278.15,-0.29,5.03,5,5.03,5.02,0.4,33.94,33.84,28.22,
3/31/2000,278.95,276.75,278.95,278.95,0.89,5.01,4.94,5.01,5,1.01,47.14,26.11,56.61,
3/30/2000,276.5,276.15,276.5,276.5,0.09,4.96,4.94,4.96,4.94,0,48.79,21.62,67.62,
3/29/2000,276.25,279.55,276.25,276.25,-1.11,4.96,5.05,4.96,4.95,-1.98,20.82,15.56,21.64,
3/28/2000,279.35,280.35,279.35,279.35,-0.3,5.06,5.07,5.06,5.05,-0.59,77.34,64.25,85.74,
3/27/2000,280.2,285.15,280.2,280.2,-1.65,5.09,5.09,5.09,5.08,-0.39,57.17,57,47.54,
3/24/2000,284.9,285.1,284.9,284.9,-0.21,5.11,5.09,5.11,5.09,0.59,54.71,43.63,68.24,
3/23/2000,285.5,288.1,285.5,285.5,-0.87,5.08,5.11,5.08,5.07,-0.78,48.2,37.38,57.9,
3/22/2000,288,289.75,288,288,-0.65,5.12,5.1,5.12,5.11,0.2,63.2,47.25,74.45,
3/21/2000,289.88,286.23,289.88,289.88,1.4,5.11,5.03,5.11,5.1,1.39,59.15,39.31,71.05,
3/20/2000,285.88,283.68,285.88,285.88,0.49,5.04,5.08,5.04,5.02,-1.18,67.39,42.43,94.37,
3/17/2000,284.5,286,284.5,284.5,-0.7,5.1,5.08,5.1,5.09,0.2,73.13,54,81.08,
3/16/2000,286.5,289,286.5,286.5,-0.82,5.09,5.11,5.09,5.08,-0.59,68.68,47.4,87.86,
3/15/2000,288.88,288.88,288.88,288.88,0,5.12,5.08,5.12,5.11,0.39,41.8,15.63,56.48,
3/14/2000,288.88,290.62,288.88,288.88,-0.52,5.1,5.07,5.1,5.09,0.59,55.81,85.1,32.76,
3/13/2000,290.38,288.88,290.38,290.38,0.48,5.07,5.06,5.07,5.06,0.2,40.69,33.8,39.47,
3/10/2000,289,291.5,289,289,-0.77,5.06,5.08,5.06,5.05,-0.78,39.4,44.89,28.08,
3/9/2000,291.25,288.25,291.25,291.25,0.92,5.1,5.07,5.1,5.09,0.2,64.9,46.59,73.4,
3/8/2000,288.6,292.4,288.6,288.6,-1.2,5.09,5.06,5.09,5.08,0.2,47.05,27.59,55.23,
3/7/2000,292.1,288,292.1,292.1,1.46,5.08,5.05,5.08,5.07,0.2,44.29,44.16,52.62,
3/6/2000,287.9,289,287.9,287.9,-0.31,5.07,5.09,5.07,5.06,-0.78,55.85,55.68,58.05,
3/3/2000,288.8,288,288.8,288.8,0.21,5.11,5.02,5.11,5.1,1.59,51.76,65.18,36.24,
3/2/2000,288.2,290,288.2,288.2,-1.05,5.03,5.1,5.03,5.02,-1.18,29.39,26.63,31.1,
3/1/2000,291.25,292.25,291.25,291.25,-0.3,5.09,5.06,5.09,5.08,0.39,58.63,63.76,53.18,
2/29/2000,292.12,291.88,292.12,292.12,-0.04,5.07,5.04,5.07,5.06,0.2,46.96,31.21,52.07,
2/28/2000,292.25,292.75,292.25,292.25,-0.12,5.06,5.05,5.06,5.05,0.2,65.24,108.39,36.16,
2/25/2000,292.6,298.5,292.6,292.6,-2.01,5.05,5.13,5.05,5.04,-1.94,64.51,67.11,60.64,
2/24/2000,298.6,300.25,298.6,298.6,-0.5,5.15,5.22,5.15,5.14,-1.53,34.87,21.39,40.15,
2/23/2000,300.1,305.1,300.1,300.1,-1.69,5.23,5.25,5.23,5.22,-0.57,54.13,32.38,67.51,
2/22/2000,305.25,305.5,305.25,305.25,-0.08,5.26,5.22,5.26,5.25,0.57,63.04,62.84,73.38,
2/21/2000,305.5,304.5,305.5,305.5,0.23,5.23,5.23,5.23,5.22,-0.19,41.15,24.61,47.9,
2/18/2000,304.8,300.75,304.8,304.8,1.18,5.24,5.22,5.24,5.23,0.38,48.8,68.68,28.64,
2/17/2000,301.25,302.5,301.25,301.25,-0.41,5.22,5.25,5.22,5.21,-0.95,65.01,48.6,72.07,
2/16/2000,302.5,301.5,302.5,302.5,0.17,5.27,5.2,5.27,5.25,1.15,65.11,57.12,69.3,
2/15/2000,302,308.4,302,302,-1.95,5.21,5.22,5.21,5.2,-0.19,79.74,66.25,93.93,
2/14/2000,308,311,308,308,-1.03,5.22,5.28,5.22,5.21,-1.32,76.28,137.6,18.12,
2/11/2000,311.2,316,311.2,311.2,-1.81,5.29,5.35,5.29,5.27,-1.31,92.17,122.52,65.03,
2/10/2000,316.95,305.5,316.95,316.95,3.49,5.36,5.35,5.36,5.34,0,61.44,58.59,66.64,
2/9/2000,306.25,301.25,306.25,306.25,2.42,5.36,5.27,5.36,5.34,1.52,76.97,85.26,75.86,
2/8/2000,299,302.25,299,299,-0.93,5.28,5.22,5.28,5.26,0.96,124.31,160.76,89.4,
2/7/2000,301.8,310,301.8,301.8,-4.25,5.23,5.52,5.23,5.22,-5.25,79.91,101.39,54.37,
2/4/2000,315.2,287.75,315.2,315.2,9.67,5.52,5.23,5.52,5.5,5.54,61.5,66.88,69.73,
2/3/2000,287.4,285,287.4,287.4,0.88,5.23,5.18,5.23,5.22,0.77,53.7,61.99,51.71,
2/2/2000,284.88,282.88,284.88,284.88,0.8,5.19,5.18,5.19,5.17,-0.19,64.05,66.4,59.65,
2/1/2000,282.62,283.27,282.62,282.62,-0.22,5.2,5.26,5.2,5.18,-0.95,84.94,94.08,78.48,
1/31/2000,283.23,283.32,283.23,283.23,0.17,5.25,5.25,5.25,5.24,-0.38,79.3,71.87,83.92,
1/28/2000,282.75,286.7,282.75,282.75,-1.45,5.27,5.33,5.27,5.25,-1.5,48.63,43.1,44.93,
1/27/2000,286.9,286.2,286.9,286.9,0.33,5.35,5.2,5.35,5.34,2.69,66.86,61.1,69.5,
1/26/2000,285.95,285.95,285.95,285.95,0.03,5.21,5.25,5.21,5.2,-1.14,74.38,74.15,71.36,
1/25/2000,285.85,287.6,285.85,285.85,-0.64,5.27,5.23,5.27,5.25,0.38,60.58,69.93,53.02,
1/24/2000,287.7,289.05,287.7,287.7,-0.48,5.25,5.19,5.25,5.23,0.77,90.76,104.4,69.66,
1/21/2000,289.1,288.6,289.1,289.1,0.17,5.21,5.21,5.21,5.2,0,75.09,69.1,81.65,
1/20/2000,288.62,289.62,288.62,288.62,-0.31,5.21,5.13,5.21,5.2,1.76,61.09,49.83,69.27,
1/19/2000,289.52,288.77,289.52,289.52,0.3,5.12,5.13,5.12,5.11,0,82.59,47.05,112.83,
1/18/2000,288.65,285.55,288.65,288.65,1.09,5.12,5.13,5.12,5.11,0,66.32,48.72,87.08,
1/17/2000,285.55,284.1,285.55,285.55,0.55,5.12,5.1,5.12,5.1,0.2,54.13,57.56,48.01,
1/14/2000,284,284.2,284,284,-0.09,5.11,5.11,5.11,5.1,-0.2,59.25,61.88,56.31,
1/13/2000,284.25,282.6,284.25,284.25,0.63,5.12,5.08,5.12,5.1,0.39,65.7,60.04,72.85,
1/12/2000,282.48,283.27,282.48,282.48,-0.32,5.1,5.14,5.1,5.09,-1.16,50.75,33.73,65.64,
1/11/2000,283.38,281.48,283.38,283.38,0.68,5.16,5.13,5.16,5.15,0.39,55.52,49.2,61.55,
1/10/2000,281.48,281.88,281.48,281.48,-0.1,5.14,5.14,5.14,5.13,-0.39,65.6,58.13,72.73,
1/7/2000,281.75,281.15,281.75,281.75,0.18,5.16,5.1,5.16,5.15,0.78,41.67,41.54,54.45,
1/6/2000,281.23,280.12,281.23,281.23,0.08,5.12,5.13,5.12,5.11,-0.97,52.01,51.85,59.47,
1/5/2000,281,281.5,281,281,-0.51,5.17,5.32,5.17,5.15,-3.36,47.57,47.42,56.5,
1/4/2000,282.45,288.75,282.45,282.45,-2.27,5.35,5.39,5.35,5.33,-0.19,93.75,116.83,71.46,
1/3/2000,289,288.5,289,289,0.26,5.36,5.4,5.36,5.34,-1.11,101.02,92.32,98,
12/31/1999,288.25,288.5,288.25,288.25,-0.02,5.42,5.4,5.42,5.4,0.18,68.73,41.11,85.72,
12/30/1999,288.3,291.1,288.3,288.3,-0.83,5.41,5.36,5.41,5.4,0.74,83.77,62.64,98.69,
12/29/1999,290.7,290.25,290.7,290.7,0.31,5.37,5.2,5.37,5.36,3.27,121.98,152.01,139.47,
12/28/1999,289.8,288,289.8,289.8,0.62,5.2,5.19,5.2,5.19,-0.19,187.32,275.2,172.16,
12/27/1999,288,287.75,288,288,0.09,5.21,5.18,5.21,5.2,0.19,119.67,162.68,117.6,
12/24/1999,287.75,286.75,287.75,287.75,0.28,5.2,5.2,5.2,5.18,-0.19,83.07,103.52,92.1,
12/23/1999,286.95,287,286.95,286.95,-0.03,5.21,5.22,5.21,5.2,-0.38,70.55,100.48,61.46,
12/22/1999,287.05,287.5,287.05,287.05,-0.07,5.23,5.17,5.23,5.22,1.16,89.86,98.85,97.92,
12/21/1999,287.25,284.5,287.25,287.25,1.06,5.17,5.18,5.17,5.15,-0.77,91.41,102.06,91.21,
12/20/1999,284.25,283.7,284.25,284.25,0.16,5.21,5.21,5.21,5.19,-0.19,115.09,157.77,113.65,
12/17/1999,283.8,282.2,283.8,283.8,0.66,5.22,5.2,5.22,5.21,0.19,61.4,58.29,72.93,
12/16/1999,281.95,282.65,281.95,281.95,-0.28,5.21,5.18,5.21,5.2,0.19,76.71,107.62,51.97,
12/15/1999,282.75,280.15,282.75,282.75,1,5.2,5.18,5.2,5.18,0.19,103.08,99.99,106.57,
12/14/1999,279.95,280.25,279.95,279.95,-0.05,5.19,5.11,5.19,5.18,1.17,112.29,118.53,109.85,
12/13/1999,280.1,279.5,280.1,280.1,0.38,5.13,5.11,5.13,5.12,0,82.28,71.33,95.19,
12/10/1999,279.05,278.25,279.05,279.05,0.29,5.13,5.09,5.13,5.12,0.2,98.11,57.53,129.57,
12/9/1999,278.25,282.55,278.25,278.25,-1.42,5.12,5.12,5.12,5.1,-0.19,80.59,49.87,110.92,
12/8/1999,282.25,283.75,282.25,282.25,-0.37,5.13,5.14,5.13,5.12,-0.39,65.4,28.35,104.03,
12/7/1999,283.3,277,283.3,283.3,2.5,5.15,5.11,5.15,5.14,0.78,77.11,53.48,94.79,
12/6/1999,276.4,280.2,276.4,276.4,-1.32,5.11,5.09,5.11,5.1,0,56.56,21.15,82.31,
12/3/1999,280.1,285.2,280.1,280.1,-1.72,5.11,5.08,5.11,5.1,0.39,50.11,27.75,69.44,
12/2/1999,285,289.6,285,285,-1.55,5.09,5.16,5.09,5.08,-1.93,51.4,28.47,66.49,
12/1/1999,289.5,290.7,289.5,289.5,-0.47,5.19,5.19,5.19,5.17,-0.38,30.88,22.39,32.68,
11/30/1999,290.88,291.12,290.88,290.88,-0.11,5.21,5.16,5.21,5.2,0.39,91.4,75.41,89.11,
11/29/1999,291.2,297.5,291.2,291.2,-2.28,5.19,5.19,5.19,5.17,-0.19,75.61,64.61,77.84,
11/26/1999,298,297.5,298,298,-0.13,5.2,5.19,5.2,5.19,-0.19,70.55,57.54,69.33,
11/25/1999,298.38,298.38,298.38,298.38,-0.17,5.21,5.23,5.21,5.19,-0.38,61.52,51.65,59.24,
11/24/1999,298.9,298.3,298.9,298.9,0.26,5.23,5.26,5.23,5.22,-0.95,90.94,104.4,73.33,
11/23/1999,298.12,294.88,298.12,298.12,1.23,5.28,5.18,5.28,5.26,1.73,90.53,100.27,78.06,
11/22/1999,294.5,294.4,294.5,294.5,-0.17,5.19,5.12,5.19,5.17,1.37,48.36,75.76,28.72,
11/19/1999,295,294,295,295,0.25,5.12,5.14,5.12,5.11,-0.58,54.82,46.03,57.59,
11/18/1999,294.25,294.6,294.25,294.25,-0.04,5.15,5.1,5.15,5.14,0.78,61.69,48.13,75.83,
11/17/1999,294.38,294.12,294.38,294.38,-0.04,5.11,5.14,5.11,5.09,-0.78,44.24,38.59,45.99,
11/16/1999,294.5,291.5,294.5,294.5,1.03,5.15,5.08,5.15,5.14,0.98,64.76,45.19,75.39,
11/15/1999,291.5,292,291.5,291.5,0.07,5.1,5.04,5.1,5.08,0.79,79.05,60.04,93.9,
11/12/1999,291.3,293.75,291.3,291.3,-0.99,5.06,5.08,5.06,5.05,-0.98,44.01,40.95,53.68,
11/11/1999,294.2,298.5,294.2,294.2,-1.37,5.11,5.12,5.11,5.09,-0.39,65.29,56.6,66.09,
11/10/1999,298.3,292.25,298.3,298.3,1.98,5.13,5.08,5.13,5.12,0.79,55.65,52.84,57.29,
11/9/1999,292.5,290,292.5,292.5,0.95,5.09,5.05,5.09,5.08,0.79,50.34,26.77,78.14,
11/8/1999,289.75,290.25,289.75,289.75,-0.26,5.05,5.07,5.05,5.04,-0.59,44.76,34.33,45.81,
11/5/1999,290.5,292.75,290.5,290.5,-0.68,5.08,5.2,5.08,5.07,-2.5,37.58,34.58,38.46,
11/4/1999,292.5,291.75,292.5,292.5,0.34,5.21,5.21,5.21,5.2,-0.19,53.38,44.82,60.74,
11/3/1999,291.5,291.5,291.5,291.5,0.17,5.22,5.21,5.22,5.21,0.19,52.71,11.06,83.05,
11/2/1999,291,290.05,291,291,0.17,5.21,5.19,5.21,5.2,0,45.42,38.81,43.17,
11/1/1999,290.5,297.5,290.5,290.5,-2.94,5.21,5.16,5.21,5.19,0,78.87,85.78,71.55,
10/29/1999,299.3,300,299.3,299.3,0.1,5.21,5.26,5.21,5.19,-1.33,63.04,57.13,61.95,
10/28/1999,299,295,299,299,1.75,5.28,5.19,5.28,5.26,1.34,78.48,80.94,76.51,
10/27/1999,293.85,289.5,293.85,293.85,1.68,5.21,5.18,5.21,5.19,0.39,74.07,70.89,68.99,
10/26/1999,289,298.6,289,289,-3.18,5.19,5.22,5.19,5.17,-1.14,120.31,87.96,140.06,
10/25/1999,298.5,301.8,298.5,298.5,-1.45,5.25,5.23,5.25,5.23,0,62.24,55.15,63.26,
10/22/1999,302.9,305.25,302.9,302.9,-0.53,5.25,5.2,5.25,5.23,0.77,70.42,73.01,60.9,
10/21/1999,304.5,306.5,304.5,304.5,-0.28,5.21,5.19,5.21,5.2,0.19,46.21,28.79,57.64,
10/20/1999,305.35,308,305.35,305.35,-1.02,5.2,5.2,5.2,5.18,-0.19,48.62,42.42,50.54,
10/19/1999,308.5,310.75,308.5,308.5,-0.96,5.21,5.22,5.21,5.19,-0.76,81.91,52.26,103.53,
10/18/1999,311.5,315.25,311.5,311.5,-1.24,5.25,5.32,5.25,5.23,-1.32,77.12,62.9,99.1,
10/15/1999,315.4,313.75,315.4,315.4,0.61,5.32,5.33,5.32,5.31,-0.75,88.76,45.67,114.28,
10/14/1999,313.5,322.25,313.5,313.5,-2.56,5.36,5.58,5.36,5.34,-4.11,103.61,34.43,153.16,
10/13/1999,321.75,318,321.75,321.75,1.34,5.59,5.53,5.59,5.57,0.9,76.05,36.39,101.18,
10/12/1999,317.5,320,317.5,317.5,-0.47,5.54,5.51,5.54,5.53,0.18,64.89,32.34,86.33,
10/11/1999,319,320,319,319,-0.47,5.53,5.51,5.53,5.51,-0.18,110.66,95.61,116.56,
10/8/1999,320.5,324.5,320.5,320.5,-0.87,5.54,5.56,5.54,5.52,-0.72,72.01,63.81,84.28,
10/7/1999,323.3,326,323.3,323.3,-0.83,5.58,5.54,5.58,5.56,0.9,91.78,62.9,119.24,
10/6/1999,326,326.5,326,326,-0.46,5.53,5.54,5.53,5.51,-0.18,79.08,70.08,77.93,
10/5/1999,327.5,320.5,327.5,327.5,2.83,5.54,5.65,5.54,5.53,-1.6,62.44,62.25,62.31,
10/4/1999,318.5,305.5,318.5,318.5,4.32,5.63,5.56,5.63,5.62,0.54,50.74,57.81,48.22,
10/1/1999,305.3,299,305.3,305.3,1.94,5.6,5.6,5.6,5.58,0.36,90.72,58.35,107.07,
9/30/1999,299.5,302,299.5,299.5,-0.99,5.58,5.58,5.58,5.57,-0.36,37.58,28.82,38.46,
9/29/1999,302.5,309,302.5,302.5,-2.12,5.6,5.73,5.6,5.58,-2.95,68.88,78.47,60,
9/28/1999,309.05,283.05,309.05,309.05,9.35,5.77,5.33,5.77,5.75,7.85,75.29,61.41,91.06,
9/27/1999,282.62,272.88,282.62,282.62,5.16,5.35,5.24,5.35,5.33,2.29,65.6,58.13,72.73,
9/24/1999,268.75,265.95,268.75,268.75,0.94,5.23,5.25,5.23,5.22,-0.76,62.18,56.35,70.51,
9/23/1999,266.25,264.1,266.25,266.25,0.76,5.27,5.25,5.27,5.25,0,66.75,61,69.38,
9/22/1999,264.25,260.65,264.25,264.25,1.38,5.27,5.24,5.27,5.26,0.38,77.76,55.81,93.11,
9/21/1999,260.65,254.95,260.65,260.65,2.22,5.25,5.09,5.25,5.24,2.74,66.46,27.9,93.08,
9/20/1999,255,255.05,255,255,-0.08,5.11,5.09,5.11,5.09,0,110.3,106.41,106.51,
9/17/1999,255.2,256.25,255.2,255.2,-0.33,5.11,5.1,5.11,5.09,-0.2,70.67,76.32,73.45,
9/16/1999,256.05,256.85,256.05,256.05,-0.27,5.12,5.09,5.12,5.1,0.79,39.84,36.66,45.87,
9/15/1999,256.75,257.4,256.75,256.75,-0.25,5.08,5.12,5.08,5.07,-0.97,60.67,60.48,60.54,
9/14/1999,257.4,256.7,257.4,257.4,0.37,5.13,5.15,5.13,5.12,-0.77,95.82,88.7,125.2,
9/13/1999,256.45,256.4,256.45,256.45,-0.04,5.17,5.19,5.17,5.15,-0.77,107.21,81.09,129.12,
9/10/1999,256.55,257.25,256.55,256.55,-0.27,5.21,5.21,5.21,5.19,0,66.92,38.92,83.47,
9/9/1999,257.25,256,257.25,257.25,0.43,5.21,5.17,5.21,5.2,0.39,53.7,26.77,66.98,
9/8/1999,256.15,255.85,256.15,256.15,0.08,5.19,5.18,5.19,5.17,0,73.61,67.27,66.31,
9/7/1999,255.95,254.75,255.95,255.95,0.49,5.19,5.13,5.19,5.18,0.97,91.28,75.83,107.52,
9/6/1999,254.7,254.4,254.7,254.7,0.18,5.14,5.12,5.14,5.13,0.19,108.61,108.27,105.36,
9/3/1999,254.25,255.3,254.25,254.25,-0.47,5.13,5.2,5.13,5.11,-1.54,74.19,83.6,75.1,
9/2/1999,255.45,254.05,255.45,255.45,0.63,5.21,5.11,5.21,5.2,1.56,67.72,93.93,53.87,
9/1/1999,253.85,255.8,253.85,253.85,-0.67,5.13,5.17,5.13,5.12,-0.77,55.62,61.61,51.39,
8/31/1999,255.55,254.25,255.55,255.55,0.63,5.17,5.09,5.17,5.15,1.17,55.67,15.86,79.36,
8/30/1999,253.95,253.55,253.95,253.95,0.08,5.11,5.11,5.11,5.09,-0.2,81.36,100.42,57.99,
8/27/1999,253.75,252.85,253.75,253.75,0.4,5.12,5.11,5.12,5.11,0,60.23,50.56,68.53,
8/26/1999,252.75,252.35,252.75,252.75,0.08,5.12,5.07,5.12,5.11,0.59,50.19,75.05,31.3,
8/25/1999,252.55,253.25,252.55,252.55,-0.28,5.09,5.12,5.09,5.08,-0.78,66.19,59.38,77.05,
8/24/1999,253.25,254.25,253.25,253.25,-0.39,5.13,5.1,5.13,5.12,0.2,77.73,36.9,104.64,
8/23/1999,254.25,257.85,254.25,254.25,-1.22,5.12,5.22,5.12,5.11,-2.1,56.15,74.63,49.8,
8/20/1999,257.4,258.5,257.4,257.4,-0.43,5.23,5.18,5.23,5.22,0.58,63.82,54.53,70.76,
8/19/1999,258.5,259.6,258.5,258.5,-0.44,5.2,5.2,5.2,5.18,-0.19,48.92,55.74,34.87,
8/18/1999,259.65,261.4,259.65,259.65,-0.73,5.21,5.24,5.21,5.2,-0.76,67.75,56.88,83.02,
8/17/1999,261.55,259.95,261.55,261.55,0.58,5.25,5.22,5.25,5.24,0.19,68.26,50.14,83.65,
8/16/1999,260.05,260.45,260.05,260.05,-0.23,5.24,5.29,5.24,5.23,-1.13,81.29,97.25,60.84,
8/13/1999,260.65,260.75,260.65,260.65,-0.04,5.3,5.34,5.3,5.29,-1.12,84.46,81.08,88.44,
8/12/1999,260.75,259.4,260.75,260.75,0.7,5.36,5.38,5.36,5.34,-0.37,71.07,67.77,77.08,
8/11/1999,258.95,257.7,258.95,258.95,0.54,5.38,5.32,5.38,5.37,1.13,79.38,79.14,86.32,
8/10/1999,257.55,257.35,257.55,257.55,0.12,5.32,5.3,5.32,5.31,0,87.67,83.6,82.41,
8/9/1999,257.25,256.15,257.25,257.25,0.39,5.32,5.39,5.32,5.31,-1.48,94.41,114.58,75.09,
8/6/1999,256.25,255.35,256.25,256.25,0.2,5.4,5.4,5.4,5.39,-0.37,63.16,56.67,73.52,
8/5/1999,255.75,256.25,255.75,255.75,-0.16,5.42,5.48,5.42,5.41,-1.45,39.12,26,43.38,
8/4/1999,256.15,256.25,256.15,256.15,0.04,5.5,5.43,5.5,5.48,0.73,73.89,24.55,102.4,
8/3/1999,256.05,255.05,256.05,256.05,0.35,5.46,5.36,5.46,5.44,1.49,90.02,57.43,113.77,
8/2/1999,255.15,255.95,255.15,255.15,-0.31,5.38,5.43,5.38,5.36,-1.28,56.69,88.82,40.41,
7/30/1999,255.95,256.65,255.95,255.95,-0.31,5.45,5.38,5.45,5.43,0.55,38.74,38.62,42.96,
7/29/1999,256.75,254.25,256.75,256.75,1.02,5.42,5.24,5.42,5.4,3.44,59.26,59.08,54.2,
7/28/1999,254.15,254.05,254.15,254.15,0.04,5.24,5.17,5.24,5.23,1.35,49.35,12.3,71.81,
7/27/1999,254.05,253.85,254.05,254.05,0.12,5.17,5.13,5.17,5.16,0.58,87.85,58.38,109.57,
7/26/1999,253.75,254.5,253.75,253.75,-0.39,5.14,5.12,5.14,5.13,-0.19,76.29,80.06,60.1,
7/23/1999,254.75,255.35,254.75,254.75,-0.47,5.15,5.13,5.15,5.14,0.19,45.24,12.89,64.5,
7/22/1999,255.95,255.65,255.95,255.95,0.31,5.14,5.11,5.14,5.13,0.39,57.88,54.3,56.62,
7/21/1999,255.15,253.35,255.15,255.15,0.71,5.12,5.04,5.12,5.11,1.19,68.27,47.35,74.05,
7/20/1999,253.35,253.3,253.35,253.35,0.04,5.06,5.03,5.06,5.05,0.4,77.61,49.24,93.87,
7/19/1999,253.25,254,253.25,253.25,-0.2,5.04,5.06,5.04,5.03,-0.79,56.21,72.05,46.74,
7/16/1999,253.75,254.05,253.75,253.75,-0.12,5.08,5.06,5.08,5.07,-0.59,75.42,52.05,86.83,
7/15/1999,254.05,253.7,254.05,254.05,0.02,5.11,5.04,5.11,5.09,0.79,101.28,53.46,138.72,
7/14/1999,254,255.95,254,254,-0.72,5.07,5.11,5.07,5.06,-1.17,77.32,67.84,82.3,
7/13/1999,255.85,255.55,255.85,255.85,0.08,5.13,5.21,5.13,5.12,-1.91,80.14,99.87,72.19,
7/12/1999,255.65,257.15,255.65,255.65,-0.54,5.23,5.22,5.23,5.22,0,94.64,106.66,75.28,
7/9/1999,257.05,256.6,257.05,257.05,0.21,5.23,5.21,5.23,5.22,0,81.18,105.83,72.69,
7/8/1999,256.5,257.15,256.5,256.5,-0.25,5.23,5.19,5.23,5.22,0.19,54.55,72.51,40.32,
7/7/1999,257.15,257.15,257.15,257.15,-0.04,5.22,5.19,5.22,5.21,0.38,58.77,24.67,87.44,
7/6/1999,257.25,262.25,257.25,257.25,-1.85,5.2,5.26,5.2,5.19,-1.33,44.81,59.57,37.26,
7/5/1999,262.1,263.2,262.1,262.1,-0.44,5.27,5.31,5.27,5.26,-1.31,53.64,35.65,59.48,
7/2/1999,263.25,263.35,263.25,263.25,-0.08,5.34,5.25,5.34,5.33,1.33,77.98,43.53,108.94,
7/1/1999,263.45,262.5,263.45,263.45,0.36,5.27,5.25,5.27,5.26,0,69.8,34.79,91.9,
6/30/1999,262.5,260.75,262.5,262.5,0.67,5.27,5.18,5.27,5.25,1.54,31.17,11.3,51.84,
6/29/1999,260.75,260.55,260.75,260.75,0.08,5.19,5.12,5.19,5.17,0.78,95.65,95.35,100.74,
6/28/1999,260.55,259.5,260.55,260.55,0.35,5.15,5.05,5.15,5.14,1.38,66.18,102.63,30.57,
6/25/1999,259.65,260.9,259.65,259.65,-0.5,5.08,5.11,5.08,5.07,-0.78,80.66,94.27,78.63,
6/24/1999,260.95,260.75,260.95,260.95,0.12,5.12,5.09,5.12,5.11,0.2,80.3,85.78,66.78,
6/23/1999,260.65,258.15,260.65,260.65,0.89,5.11,5.03,5.11,5.09,1.39,72.41,78.2,60.21,
6/22/1999,258.35,258.95,258.35,258.35,-0.25,5.04,5,5.04,5.03,0.6,58,54.42,51.06,
6/21/1999,259,259.1,259,259,-0.21,5.01,4.95,5.01,5,1.01,74.4,77.7,64.81,
6/18/1999,259.55,258.35,259.55,259.55,0.43,4.96,5.05,4.96,4.95,-1.98,88.02,81.9,92.71,
6/17/1999,258.45,258.5,258.45,258.45,0.02,5.06,5.02,5.06,5.05,0.4,83.03,45.67,123.8,
6/16/1999,258.4,258.9,258.4,258.4,-0.29,5.04,5.02,5.04,5.02,0,88.03,84.51,86.76,
6/15/1999,259.15,260.5,259.15,259.15,-0.52,5.04,5.1,5.04,5.02,-1.56,87.51,77.55,86.25,
6/14/1999,260.5,260.15,260.5,260.5,-0.06,5.12,5.1,5.12,5.1,0,98.05,104.73,93.18,
6/11/1999,260.65,258.05,260.65,260.65,0.85,5.12,5.08,5.12,5.1,0.2,127.84,130.28,122.84,
6/10/1999,258.45,259.2,258.45,258.45,-0.35,5.11,5.02,5.11,5.09,1.39,84.43,84.17,70.21,
6/9/1999,259.35,262.25,259.35,259.35,-1.11,5.04,4.93,5.04,5.03,1.61,97,117.21,83.1,
6/8/1999,262.25,265.45,262.25,262.25,-1.28,4.96,4.97,4.96,4.94,-0.4,111.89,135.2,107.14,
6/7/1999,265.65,265.45,265.65,265.65,0.11,4.98,4.93,4.98,4.97,0.81,87.56,87.29,78.87,
6/4/1999,265.35,266.15,265.35,265.35,-0.15,4.94,4.94,4.94,4.93,-0.2,88.1,111.25,87.91,
6/3/1999,265.75,265.25,265.75,265.75,0.13,4.95,4.96,4.95,4.93,-0.6,75.79,50.37,94.53,
6/2/1999,265.4,267.7,265.4,265.4,-0.84,4.98,4.97,4.98,4.97,0,94.24,125.26,85.48,
6/1/1999,267.65,270.05,267.65,267.65,-1,4.98,4.9,4.98,4.97,0.81,92.81,120.99,71.24,
5/31/1999,270.35,270.2,270.35,270.35,0.04,4.94,4.88,4.94,4.92,1.02,108.84,150.97,78.7,
5/28/1999,270.25,270.45,270.25,270.25,-0.09,4.89,4.95,4.89,4.88,-1.41,104.46,82.22,123.44,
5/27/1999,270.5,269.1,270.5,270.5,0.5,4.96,5.04,4.96,4.95,-1.78,108.93,72.4,130.06,
5/26/1999,269.15,270.6,269.15,269.15,-0.52,5.05,5.05,5.05,5.04,-0.2,137.9,85.54,183.46,
5/25/1999,270.55,272.95,270.55,270.55,-0.7,5.06,5.05,5.06,5.05,0.2,109.62,68.3,142.43,
5/24/1999,272.45,273.05,272.45,272.45,-0.2,5.05,5.19,5.05,5.04,-3.07,41.36,29.99,50.03,
5/21/1999,273,274.45,273,273,-0.53,5.21,5.29,5.21,5.19,-1.7,96.51,90.55,108.58,
5/20/1999,274.45,273.25,274.45,274.45,0.48,5.3,5.25,5.3,5.29,0.19,72.84,63.9,77.52,
5/19/1999,273.15,273.85,273.15,273.15,-0.33,5.29,5.29,5.29,5.27,-0.56,56,55.83,69.85,
5/18/1999,274.05,275.65,274.05,274.05,-0.15,5.32,5.35,5.32,5.31,-1.12,89.88,89.6,90.75,
5/17/1999,274.45,275.9,274.45,274.45,-0.54,5.38,5.37,5.38,5.37,0,78.25,96.58,55.77,
5/14/1999,275.95,277.65,275.95,275.95,-0.65,5.38,5.5,5.38,5.37,-2.89,85.93,105.01,59.93,
5/13/1999,277.75,277.15,277.75,277.75,0.25,5.54,5.35,5.54,5.53,2.97,116.23,127.46,101.48,
5/12/1999,277.05,278.05,277.05,277.05,-0.43,5.38,5.37,5.38,5.37,-0.37,98.62,92.54,91.66,
5/11/1999,278.25,278.25,278.25,278.25,0.07,5.4,5.4,5.4,5.39,-0.18,82.03,81.77,78.7,
5/10/1999,278.05,282.35,278.05,278.05,-1.66,5.41,5.42,5.41,5.4,-0.18,60.02,59.84,62.39,
5/7/1999,282.75,289.05,282.75,282.75,-2.28,5.42,5.37,5.42,5.41,0.74,116.54,98.75,116.29,
5/6/1999,289.35,287.05,289.35,289.35,0.7,5.38,5.37,5.38,5.37,0,87.47,73.14,93.85,
5/5/1999,287.35,285.75,287.35,287.35,0.63,5.38,5.32,5.38,5.37,1.13,87.69,90.24,94.09,
5/4/1999,285.55,286.45,285.55,285.55,-0.28,5.32,5.36,5.32,5.31,-1.12,84.76,91.54,88.1,
5/3/1999,286.35,286.25,286.35,286.35,-0.1,5.38,5.4,5.38,5.36,-0.74,60.37,67.7,50.2,
4/30/1999,286.65,285.75,286.65,286.65,0.21,5.42,5.37,5.42,5.4,0.37,110.62,107.3,139.22,
4/29/1999,286.05,282.9,286.05,286.05,1.17,5.4,5.24,5.4,5.39,2.66,126.86,84.32,154.72,
4/28/1999,282.75,281.95,282.75,282.75,0.27,5.26,5.16,5.26,5.25,1.35,112.73,103.74,129.79,
4/27/1999,282,281.15,282,282,0.27,5.19,5.09,5.19,5.17,1.37,102.79,39.67,154.41,
4/26/1999,281.25,283.45,281.25,281.25,-0.81,5.12,5.14,5.12,5.11,-0.97,111.66,51.95,154.75,
4/23/1999,283.55,283.55,283.55,283.55,0,5.17,5.17,5.17,5.15,-0.77,78.87,78.63,80.72,
4/22/1999,283.55,283.75,283.55,283.55,-0.11,5.21,5.17,5.21,5.19,0.58,67.32,44.74,79.3,
4/21/1999,283.85,284.35,283.85,283.85,-0.18,5.18,5.15,5.18,5.16,0.78,87.33,69.65,111.34,
4/20/1999,284.35,284.55,284.35,284.35,-0.07,5.14,5.15,5.14,5.13,-0.58,143.04,142.6,156.51,
4/19/1999,284.55,283.25,284.55,284.55,0.25,5.17,5.04,5.17,5.15,2.17,120.92,138.82,121.88,
4/16/1999,283.85,283.95,283.85,283.85,-0.05,5.06,5.02,5.06,5.05,0.6,107.31,135.14,93.93,
4/15/1999,284,282.25,284,284,0.91,5.03,4.87,5.03,5.01,3.07,145.27,139.65,150.99,
4/14/1999,281.45,283.55,281.45,281.45,-0.67,4.88,4.92,4.88,4.87,-1.21,126.71,156.4,140.48,
4/13/1999,283.35,282.5,283.35,283.35,0.18,4.94,4.88,4.94,4.92,0.41,142.84,142.4,152.71,
4/12/1999,282.85,281.55,282.85,282.85,0.46,4.92,4.96,4.92,4.91,-0.61,92.88,92.59,109.41,
4/9/1999,281.55,280.55,281.55,281.55,0.32,4.95,4.91,4.95,4.94,0.81,110.03,121.24,101.13,
4/8/1999,280.65,280.25,280.65,280.65,0.11,4.91,4.95,4.91,4.9,-1.21,116.18,142.55,89.17,
4/7/1999,280.35,280.05,280.35,280.35,0.13,4.97,4.95,4.97,4.96,0,119.26,130.79,119.01,
4/6/1999,280,278.35,280,280,0.56,4.97,4.91,4.97,4.96,0.81,135.43,167.86,103.48,
4/5/1999,278.45,279.3,278.45,278.45,-0.29,4.93,5.02,4.93,4.92,-4.46,131.88,131.48,129.02,
4/2/1999,279.25,279.75,279.25,279.25,-0.43,5.16,5,5.16,5,2.38,89.63,85.78,95.39,
4/1/1999,280.45,280.1,280.45,280.45,0.14,5.04,4.97,5.04,5.02,1.41,121.05,111.85,122.75,
3/31/1999,280.05,279.25,280.05,280.05,0.29,4.97,5,4.97,4.96,-1,100.82,120.61,81.44,
3/30/1999,279.25,280.25,279.25,279.25,-0.39,5.02,5.1,5.02,5.01,-1.95,105.31,95.44,122.07,
3/29/1999,280.35,279.9,280.35,280.35,0.21,5.12,5.09,5.12,5.1,0.39,133.11,136.49,113.85,
3/26/1999,279.75,283.25,279.75,279.75,-1.31,5.1,5.1,5.1,5.09,-0.39,108.91,90.48,125.78,
3/25/1999,283.45,283.85,283.45,283.45,-0.21,5.12,5.07,5.12,5.11,0.39,127.63,138.8,135.07,
3/24/1999,284.05,284.55,284.05,284.05,-0.18,5.1,5.11,5.1,5.08,-0.39,131.06,117.59,158.02,
3/23/1999,284.55,284.65,284.55,284.55,0.04,5.12,5.1,5.12,5.11,0,99.04,88.52,107.91,
3/22/1999,284.45,284.45,284.45,284.45,0.07,5.12,5.05,5.12,5.11,1.19,74.94,89.66,68.55,
3/19/1999,284.25,283.1,284.25,284.25,0.35,5.06,5,5.06,5.05,0.6,83.97,46.19,110.76,
3/18/1999,283.25,284.1,283.25,283.25,-0.25,5.03,5.04,5.03,5.01,-0.2,73.81,41.21,108.02,
3/17/1999,283.95,284.05,283.95,283.95,0.11,5.04,5.04,5.04,5.03,0,85.49,24.35,132.01,
3/16/1999,283.65,286.95,283.65,283.65,-1.13,5.04,5.11,5.04,5.03,-1.56,107.53,96.82,109.6,
3/15/1999,286.9,292.7,286.9,286.9,-1.86,5.12,5.31,5.12,5.1,-3.58,76.31,62.24,86.53,
3/12/1999,292.35,294.45,292.35,292.35,-0.61,5.31,5.34,5.31,5.3,-0.75,68.95,57.28,66.89,
3/11/1999,294.15,292.75,294.15,294.15,0.38,5.35,5.27,5.35,5.34,1.13,104.15,69.22,129.91,
3/10/1999,293.05,292,293.05,293.05,0.38,5.29,5.24,5.29,5.27,0.76,61.97,44.93,74.95,
3/9/1999,291.95,291.45,291.95,291.95,0.24,5.25,5.29,5.25,5.24,-0.76,59.75,59.56,60.72,
3/8/1999,291.25,288.1,291.25,291.25,1.08,5.29,5.19,5.29,5.28,1.54,72.26,68.25,63.25,
3/5/1999,288.15,288.35,288.15,288.15,0.07,5.21,5.27,5.21,5.2,-1.33,45.17,66.05,25.04,
3/4/1999,287.95,286.55,287.95,287.95,0.31,5.28,5.24,5.28,5.26,0.57,62.39,56.55,70.75,
3/3/1999,287.05,286.85,287.05,287.05,0.03,5.25,5.31,5.25,5.24,-1.5,71.62,71.4,74.45,
3/2/1999,286.95,286.45,286.95,286.95,0.16,5.33,5.54,5.33,5.32,-3.96,86.09,89.25,80.17,
3/1/1999,286.5,286.9,286.5,286.5,-0.1,5.55,5.64,5.55,5.54,-1.6,88.9,92.48,70.71,
2/26/1999,286.8,287.8,286.8,286.8,-0.33,5.64,5.57,5.64,5.63,1.08,78.44,60.15,100.35,
2/25/1999,287.75,287.75,287.75,287.75,0,5.58,5.4,5.58,5.57,2.95,52.86,46.84,48.84,
2/24/1999,287.75,287.35,287.75,287.75,0.17,5.42,5.49,5.42,5.4,-1.45,57.22,38.03,68.73,
2/23/1999,287.25,287.05,287.25,287.25,0.03,5.5,5.47,5.5,5.48,0,93.56,76,97.96,
2/22/1999,287.15,287.6,287.15,287.15,-0.38,5.5,5.62,5.5,5.49,-2.48,110.3,73.3,140.63,
2/19/1999,288.25,286.35,288.25,288.25,0.87,5.64,5.55,5.64,5.63,2.17,50.05,37.42,52.02,
2/18/1999,285.75,285.05,285.75,285.75,0.32,5.52,5.42,5.52,5.51,1.47,52.09,61.1,40.77,
2/17/1999,284.85,284.35,284.85,284.85,-0.21,5.44,5.44,5.44,5.43,-0.37,65.65,83.3,49.63,
2/16/1999,285.45,288.85,285.45,285.45,-1.4,5.46,5.72,5.46,5.45,-5.04,85.61,14.84,129.99,
2/15/1999,289.5,289.4,289.5,289.5,-0.02,5.75,5.66,5.75,5.73,0.88,65.21,34.67,79.53,
2/12/1999,289.55,287.65,289.55,289.55,0.63,5.7,5.56,5.7,5.68,2.52,63.81,52.05,67.54,
2/11/1999,287.75,287.1,287.75,287.75,0.17,5.56,5.45,5.56,5.55,1.09,66.79,46.61,77.75,
2/10/1999,287.25,287.5,287.25,287.25,-0.14,5.5,5.5,5.5,5.48,-0.36,72.6,36.19,95.59,
2/9/1999,287.65,289.05,287.65,287.65,-0.64,5.52,5.6,5.52,5.5,-1.78,56.87,35.43,70.93,
2/8/1999,289.5,288.75,289.5,289.5,0.33,5.62,5.64,5.62,5.61,-0.53,38.3,61.08,19.11,
2/5/1999,288.55,289.55,288.55,288.55,-0.31,5.65,5.78,5.65,5.64,-1.74,46.35,24.64,61.67,
2/4/1999,289.45,287.5,289.45,289.45,0.66,5.75,5.53,5.75,5.74,3.79,32.51,11.78,44.23,
2/3/1999,287.55,288.45,287.55,287.55,-0.38,5.54,5.46,5.54,5.52,1.28,58.17,36.63,76.37,
2/2/1999,288.65,288.65,288.65,288.65,-0.03,5.47,5.31,5.47,5.46,2.82,58.24,40.98,74.06,
2/1/1999,288.75,286.65,288.75,288.75,0.84,5.32,5.24,5.32,5.31,1.33,67.37,52.24,93.37,
1/29/1999,286.35,284.35,286.35,286.35,0.77,5.25,5.23,5.25,5.23,0.38,71.37,71.15,69.23,
1/28/1999,284.15,283.3,284.15,284.15,0.28,5.23,5.08,5.23,5.22,2.35,58.94,47.01,63.72,
1/27/1999,283.35,286.05,283.35,283.35,-0.98,5.11,5.1,5.11,5.09,-0.2,50.64,11.88,74.31,
1/26/1999,286.15,287.75,286.15,286.15,-0.59,5.12,5.16,5.12,5.11,-1.35,68.8,48.01,80.09,
1/25/1999,287.85,286.45,287.85,287.85,0.45,5.19,5.08,5.19,5.17,1.76,100.27,21.42,154.85,
1/22/1999,286.55,287.6,286.55,286.55,-0.42,5.1,5.1,5.1,5.09,-0.39,68.17,61.78,77.3,
1/21/1999,287.75,287.15,287.75,287.75,0.17,5.12,5.14,5.12,5.1,-0.97,26.96,23.89,24.91,
1/20/1999,287.25,286.65,287.25,287.25,0.24,5.17,5.13,5.17,5.15,0.78,50.33,69,26.16,
1/19/1999,286.55,287.05,286.55,286.55,-0.14,5.13,5.13,5.13,5.12,0,69.47,87.48,54.73,
1/18/1999,286.95,286.65,286.95,286.95,-0.03,5.13,5.11,5.13,5.12,0,66.02,61.94,64.58,
1/15/1999,287.05,286.55,287.05,287.05,0.07,5.13,5.15,5.13,5.12,-0.97,75.98,36.36,96.03,
1/14/1999,286.85,286.25,286.85,286.85,-0.03,5.18,5.18,5.18,5.17,-0.58,94.64,35.38,137.73,
1/13/1999,286.95,288.85,286.95,286.95,-0.55,5.21,5.23,5.21,5.19,-0.38,76.02,64.12,77.8,
1/12/1999,288.55,292.9,288.55,288.55,-1.49,5.23,5.35,5.23,5.22,-2.24,76.67,70.06,79.69,
1/11/1999,292.9,291.5,292.9,292.9,0.57,5.35,5.26,5.35,5.34,1.13,71.62,71.4,65.51,
1/8/1999,291.25,291.05,291.25,291.25,-0.1,5.29,5.22,5.29,5.28,0.76,70.81,61.38,92.16,
1/7/1999,291.55,288.25,291.55,291.55,1.32,5.25,5.16,5.25,5.23,1.55,68.03,64.87,59.03,
1/6/1999,287.75,287,287.75,287.75,0.28,5.17,5.03,5.17,5.15,2.58,62.19,71.79,43.55,
1/5/1999,286.95,287.65,286.95,286.95,-0.14,5.04,4.92,5.04,5.03,2.02,60.68,85.41,41.56,
1/4/1999,287.35,288.55,287.35,287.35,-0.31,4.94,5.01,4.94,4.93,-1.98,54.95,62.6,39.16,
12/31/1998,288.25,287.25,288.25,288.25,0.38,5.04,5.02,5.04,5.02,0,87.94,116.9,67.03,
12/30/1998,287.15,286.25,287.15,287.15,0.31,5.04,5.03,5.04,5.03,0,92.24,87.96,106.71,
12/29/1998,286.25,286.65,286.25,286.25,-0.17,5.04,4.92,5.04,5.03,2.02,93.67,84.89,99.13,
12/28/1998,286.75,286.35,286.75,286.75,0,4.94,4.9,4.94,4.92,0,61.92,97,66.2,
12/25/1998,286.75,286.25,286.75,286.75,0.14,4.94,4.92,4.94,4.92,0,71.24,56.81,71.08,
12/24/1998,286.35,286.95,286.35,286.35,-0.14,4.94,4.9,4.94,4.92,0.41,53.26,42.47,59.05,
12/23/1998,286.75,288.25,286.75,286.75,-0.47,4.92,4.91,4.92,4.9,-0.2,111.35,69.38,133.1,
12/22/1998,288.1,288.85,288.1,288.1,-0.29,4.93,4.89,4.93,4.91,0.2,116.3,97.24,143.5,
12/21/1998,288.95,289.65,288.95,288.95,-0.1,4.92,4.94,4.92,4.9,-0.81,140.88,121.47,158.3,
12/18/1998,289.25,291.8,289.25,289.25,-0.86,4.96,4.94,4.96,4.95,0,208.01,179.51,242.66,
12/17/1998,291.75,295.75,291.75,291.75,-1.12,4.96,5.07,4.96,4.95,-2.17,155.89,116.55,222.21,
12/16/1998,295.05,292.85,295.05,295.05,0.79,5.07,4.89,5.07,5.06,3.68,86.94,59.77,104.7,
12/15/1998,292.75,291.35,292.75,292.75,0.48,4.89,4.88,4.89,4.88,0,56.48,46.37,66.31,
12/14/1998,291.35,291.15,291.35,291.35,0.17,4.89,4.81,4.89,4.88,1.87,45.71,42.07,52.63,
12/11/1998,290.85,294.7,290.85,290.85,-1.16,4.8,4.81,4.8,4.79,-0.21,25.81,22.87,28.62,
12/10/1998,294.25,294.15,294.25,294.25,0.07,4.81,4.79,4.81,4.8,0.42,72.01,66.27,69.09,
12/9/1998,294.05,293.9,294.05,294.05,0.14,4.79,4.78,4.79,4.78,-0.42,54.85,36.46,65.89,
12/8/1998,293.65,294.85,293.65,293.65,-0.51,4.81,4.79,4.81,4.8,0.21,67.6,32.09,91.01,
12/7/1998,295.15,292.15,295.15,295.15,0.91,4.8,4.76,4.8,4.79,0.21,28.28,14.1,41.16,
12/4/1998,292.5,292.05,292.5,292.5,0.22,4.79,4.76,4.79,4.77,0,39.65,30.41,50.73,
12/3/1998,291.85,293.25,291.85,291.85,-0.41,4.79,4.71,4.79,4.77,1.7,41.62,16.59,64.59,
12/2/1998,293.05,293.75,293.05,293.05,-0.24,4.71,4.88,4.71,4.7,-3.68,67.72,61.88,65.7,
12/1/1998,293.75,293.15,293.75,293.75,0.27,4.89,4.85,4.89,4.88,0.41,41.93,32.16,48.28,
11/30/1998,292.95,296.1,292.95,292.95,-0.98,4.87,4.92,4.87,4.85,-1.42,50.91,50.75,48.38,
11/27/1998,295.85,296.15,295.85,295.85,-0.24,4.94,4.9,4.94,4.92,0,64.35,54.99,71.35,
11/26/1998,296.55,296.4,296.55,296.55,-0.02,4.94,4.92,4.94,4.92,-0.2,41.03,44.63,43.43,
11/25/1998,296.6,296.3,296.6,296.6,0.14,4.95,4.9,4.95,4.93,1.02,62.28,17.74,98.64,
11/24/1998,296.2,296.65,296.2,296.2,-0.17,4.9,4.91,4.9,4.89,-0.61,67.53,47.13,84.24,
11/23/1998,296.7,296,296.7,296.7,0.22,4.93,4.9,4.93,4.91,0.2,67.82,21.35,106.86,
11/20/1998,296.05,295.85,296.05,296.05,0.1,4.92,4.96,4.92,4.9,-1.01,50.57,22.41,65.42,
11/19/1998,295.75,296.8,295.75,295.75,-0.5,4.97,4.98,4.97,4.96,-0.2,61.51,29.2,82.81,
11/18/1998,297.25,294.05,297.25,297.25,0.92,4.98,4.93,4.98,4.97,0.61,81.43,28.99,120.92,
11/17/1998,294.55,294.8,294.55,294.55,-0.14,4.95,4.94,4.95,4.93,0,96.58,44.93,128.49,
11/16/1998,294.95,295.75,294.95,294.95,-0.3,4.95,5.02,4.95,4.93,-1.79,137.29,21.06,222.47,
11/13/1998,295.85,296.75,295.85,295.85,-0.3,5.04,5.12,5.04,5.03,-1.95,94.56,34.28,138.2,
11/12/1998,296.75,293.4,296.75,296.75,1.3,5.14,4.99,5.14,5.13,2.8,77.1,51.24,99.73,
11/11/1998,292.95,293.35,292.95,292.95,-0.1,5,4.98,5,4.99,0,71.33,45.51,85.41,
11/10/1998,293.25,292.75,293.25,293.25,0.17,5,5.03,5,4.99,-0.99,51.31,44.76,53.33,
11/9/1998,292.75,292.85,292.75,292.75,-0.1,5.05,5.01,5.05,5.04,0.4,51.54,34.26,62.86,
11/6/1998,293.05,293.65,293.05,293.05,-0.31,5.03,5.04,5.03,5.01,-0.2,46.99,11.71,68.37,
11/5/1998,293.95,290.85,293.95,293.95,1.1,5.04,4.93,5.04,5.03,1.82,60.18,49.09,59.14,
11/4/1998,290.75,288.95,290.75,290.75,0.55,4.95,4.92,4.95,4.94,0,64.02,44.4,69.44,
11/3/1998,289.15,290,289.15,289.15,-0.38,4.95,5.02,4.95,4.93,-1.79,75.81,19.72,109.63,
11/2/1998,290.25,292.75,290.25,290.25,-0.79,5.04,5.04,5.04,5.02,-0.2,73.69,48.98,93.37,
10/30/1998,292.55,293.65,292.55,292.55,-0.37,5.05,5.08,5.05,5.04,-0.59,50.96,53.79,39.88,
10/29/1998,293.65,293.2,293.65,293.65,0.2,5.08,5.06,5.08,5.07,0.59,43.02,49.01,35.77,
10/28/1998,293.05,293.7,293.05,293.05,-0.2,5.05,4.94,5.05,5.04,1.81,40.4,30.98,41.34,
10/27/1998,293.65,292.15,293.65,293.65,0.39,4.96,4.96,4.96,4.95,-0.8,64.64,45.11,69.87,
10/26/1998,292.5,292.8,292.5,292.5,-0.15,5,4.86,5,4.98,2.46,76.06,98.58,63.25,
10/23/1998,292.95,292.35,292.95,292.95,0.14,4.88,4.87,4.88,4.86,-0.2,81.2,72.58,88.48,
10/22/1998,292.55,295.35,292.55,292.55,-0.91,4.89,4.88,4.89,4.88,0,57.41,57.23,62.06,
10/21/1998,295.25,296.6,295.25,295.25,-0.34,4.89,4.88,4.89,4.88,0,57.27,66.11,55.14,
10/20/1998,296.25,295.95,296.25,296.25,0.03,4.89,4.86,4.89,4.88,0,88.73,131.05,60.12,
10/19/1998,296.15,299.95,296.15,296.15,-1.27,4.89,4.93,4.89,4.88,-1.41,73.69,69.97,70.03,
10/16/1998,299.95,300,299.95,299.95,0.15,4.96,4.96,4.96,4.94,0.61,31.09,16.91,42.3,
10/15/1998,299.5,296.1,299.5,299.5,1.13,4.93,4.8,4.93,4.91,2.28,67.95,50.81,80.05,
10/14/1998,296.15,296.7,296.15,296.15,-0.13,4.82,4.83,4.82,4.81,-0.62,53.38,50.42,51.4,
10/13/1998,296.55,296.35,296.55,296.55,0.1,4.85,4.84,4.85,4.83,0,60.97,60.78,78.86,
10/12/1998,296.25,296.7,296.25,296.25,-0.17,4.85,4.8,4.85,4.83,1.04,32.98,21.92,54.85,
10/9/1998,296.75,301.55,296.75,296.75,-0.97,4.8,5.14,4.8,4.79,-4.57,74.66,66.16,73.58,
10/8/1998,299.65,301.3,299.65,299.65,-0.63,5.03,5.13,5.03,5.01,-2.14,60.23,34.31,76.32,
10/7/1998,301.55,296.8,301.55,301.55,1.79,5.14,5.1,5.14,5.13,0.39,68.12,50.94,80.25,
10/6/1998,296.25,296.25,296.25,296.25,-0.13,5.12,5.25,5.12,5.1,0.79,73.9,32.03,96.18,
10/5/1998,296.65,300.35,296.65,296.65,-1.3,5.08,5.2,5.08,5.07,-2.5,58.56,58.38,54.79,
10/2/1998,300.55,300.2,300.55,300.55,0.23,5.21,5.29,5.21,5.2,-1.7,54.4,51.38,57.14,
10/1/1998,299.85,296.55,299.85,299.85,0.98,5.3,5.33,5.3,5.29,-1.3,62.72,96.63,33.19,
9/30/1998,296.95,294.95,296.95,296.95,0.75,5.37,5.34,5.37,5.35,0,44.01,40.95,48.8,
9/29/1998,294.75,296.15,294.75,294.75,-0.34,5.37,5.27,5.37,5.35,1.51,87.75,93.73,78.18,
9/28/1998,295.75,294.25,295.75,295.75,0.54,5.29,5.17,5.29,5.27,2.12,48.21,48.06,45.81,
9/25/1998,294.15,293.95,294.15,294.15,0,5.18,5.14,5.18,5.16,0.19,85.16,70.26,102.56,
9/24/1998,294.15,289.75,294.15,294.15,1.52,5.17,5.03,5.17,5.15,2.58,80.17,45.67,99.99,
9/23/1998,289.75,287.75,289.75,289.75,0.66,5.04,4.88,5.04,5.03,3.07,65.48,29.67,94.04,
9/22/1998,287.85,288.75,287.85,287.85,-0.38,4.89,4.86,4.89,4.88,0.41,60.29,50.61,68.6,
9/21/1998,288.95,290.65,288.95,288.95,-0.86,4.87,4.96,4.87,4.85,-2.01,56.56,56.39,64.67,
9/18/1998,291.45,291.5,291.45,291.45,0,4.97,4.98,4.97,4.96,-0.6,54.07,56.74,66.26,
9/17/1998,291.45,287.9,291.45,291.45,1.25,5,4.92,5,4.99,1.21,63.41,84.29,45.2,
9/16/1998,287.85,289.45,287.85,287.85,-0.72,4.94,4.94,4.94,4.92,-0.4,53,35.23,78.35,
9/15/1998,289.95,290.05,289.95,289.95,-0.14,4.96,4.94,4.96,4.95,0,71.1,57.99,75.24,
9/14/1998,290.35,292.7,290.35,290.35,-1.16,4.96,4.99,4.96,4.95,-1.59,65.6,65.39,54.54,
9/11/1998,293.75,290.75,293.75,293.75,1.14,5.04,5.05,5.04,5.02,0,67.89,73.32,70.57,
9/10/1998,290.45,284.25,290.45,290.45,2.18,5.04,4.93,5.04,5.03,1.82,63.7,47.63,66.21,
9/9/1998,284.25,286.1,284.25,284.25,-0.63,4.95,4.89,4.95,4.93,0.61,53.86,41.76,59.72,
9/8/1998,286.05,288.25,286.05,286.05,-0.83,4.92,5.02,4.92,4.9,-2.38,68.2,45.33,81.01,
9/7/1998,288.45,287.05,288.45,288.45,0.56,5.04,5.01,5.04,5.03,0.2,45.1,40.87,47.73,
9/4/1998,286.85,285.2,286.85,286.85,0.67,5.03,4.94,5.03,5.01,1.62,60.81,75.05,67.42,
9/3/1998,284.95,280.1,284.95,284.95,1.71,4.95,4.82,4.95,4.93,2.06,68.16,48.92,72.55,
9/2/1998,280.15,278.8,280.15,280.15,0.47,4.85,4.77,4.85,4.83,1.25,95.76,53.7,124.41,
9/1/1998,278.85,277.35,278.85,278.85,0.8,4.79,4.7,4.79,4.77,2.35,83.82,61.9,103.26,
8/31/1998,276.65,274.15,276.65,276.65,0.84,4.68,4.68,4.68,4.66,0,59.37,78.91,52.65,
8/28/1998,274.35,277.05,274.35,274.35,-0.8,4.68,4.88,4.68,4.66,-4.1,85.6,96.71,75.92,
8/27/1998,276.55,281.85,276.55,276.55,-2.02,4.88,4.95,4.88,4.87,-1.61,66.36,74.09,75.04,
8/26/1998,282.25,283.25,282.25,282.25,-0.28,4.96,5.02,4.96,4.95,-1.59,144.61,221.28,83.89,
8/25/1998,283.05,284.65,283.05,283.05,-0.56,5.04,5.14,5.04,5.03,-1.95,135.13,174.77,127.55,
8/24/1998,284.65,284.25,284.65,284.65,-0.05,5.14,5.15,5.14,5.13,-0.96,143.31,212.27,102.14,
8/21/1998,284.8,284.75,284.8,284.8,-0.12,5.19,5.15,5.19,5.17,0.39,202.75,323.4,160.81,
8/20/1998,285.15,283.55,285.15,285.15,0.64,5.17,5.07,5.17,5.15,1.77,62.95,59.77,79.77,
8/19/1998,283.35,285.25,283.35,283.35,-0.56,5.08,5.08,5.08,5.07,0,79.32,82.24,73.88,
8/18/1998,284.95,285,284.95,284.95,-0.04,5.08,5.11,5.08,5.07,-0.78,94.86,105.92,88.35,
8/17/1998,285.05,283.8,285.05,285.05,0.35,5.12,5.13,5.12,5.11,-1.16,145.22,219.11,78.33,
8/14/1998,284.05,285.65,284.05,284.05,-0.46,5.18,5.19,5.18,5.16,-0.58,57.06,82.16,36.9,
8/13/1998,285.35,283,285.35,285.35,0.92,5.21,5.15,5.21,5.19,0.58,64.66,64.47,58.66,
8/12/1998,282.75,284.05,282.75,282.75,-0.42,5.18,5.18,5.18,5.16,-0.19,86.41,95.72,95.81,
8/11/1998,283.95,286.85,283.95,283.95,-1.22,5.19,5.31,5.19,5.17,-2.63,101.06,149.26,105.82,
8/10/1998,287.45,286.85,287.45,287.45,0.28,5.33,5.27,5.33,5.32,0.76,98.03,105.87,108.69,
8/7/1998,286.65,287.55,286.65,286.65,-0.24,5.29,5.42,5.29,5.27,-2.76,80.12,67.58,92.24,
8/6/1998,287.35,287.75,287.35,287.35,-0.21,5.44,5.39,5.44,5.42,0.37,91.76,97.58,81.39,
8/5/1998,287.95,288.55,287.95,287.95,-0.35,5.42,5.35,5.42,5.4,-0.73,112.51,112.17,99.06,
8/4/1998,288.95,283.5,288.95,288.95,1.79,5.46,5.35,5.46,5.44,1.68,112.17,139.78,99.1,
8/3/1998,283.88,286.62,283.88,283.88,-0.9,5.37,5.43,5.37,5.35,-1.47,72.19,55.97,73.36,
7/31/1998,286.45,288.75,286.45,286.45,-1.05,5.45,5.5,5.45,5.43,-1.27,52,46.66,60.54,
7/30/1998,289.5,290.3,289.5,289.5,-0.19,5.52,5.58,5.52,5.5,-1.43,63.7,31.75,84.75,
7/29/1998,290.05,291.65,290.05,290.05,-0.58,5.6,5.67,5.6,5.58,-1.41,39.73,24.37,45.74,
7/28/1998,291.75,289.75,291.75,291.75,0.48,5.68,5.63,5.68,5.66,0.53,76.3,57.05,89.88,
7/27/1998,290.35,291.5,290.35,290.35,-0.38,5.65,5.69,5.65,5.64,-1.05,66.49,85.78,52.03,
7/24/1998,291.45,293.75,291.45,291.45,-0.66,5.71,5.81,5.71,5.7,-1.72,49.49,49.34,41.15,
7/23/1998,293.4,294.25,293.4,293.4,-0.25,5.81,5.66,5.81,5.8,2.29,48.82,43.8,60.9,
7/22/1998,294.15,295.05,294.15,294.15,-0.24,5.68,5.53,5.68,5.66,2.71,58.46,45.33,59.41,
7/21/1998,294.85,295.85,294.85,294.85,-0.44,5.53,5.45,5.53,5.52,1.28,56.21,37.36,68.55,
7/20/1998,296.15,294.5,296.15,296.15,0.56,5.46,5.36,5.46,5.45,1.68,51.51,23.7,72.49,
7/17/1998,294.5,293.4,294.5,294.5,0.36,5.37,5.31,5.37,5.35,0.75,33.86,18.41,40.96,
7/16/1998,293.45,293.65,293.45,293.45,-0.1,5.33,5.33,5.33,5.32,-0.56,56.34,16.85,79.64,
7/15/1998,293.75,293.45,293.75,293.75,0.2,5.36,5.32,5.36,5.34,0.75,75,49.85,98.75,
7/14/1998,293.15,291.85,293.15,293.15,0.51,5.32,5.31,5.32,5.31,-0.19,35.13,28.02,35.05,
7/13/1998,291.65,289.85,291.65,291.65,0.28,5.33,5.25,5.33,5.32,0.57,53.99,38.44,64.13,
7/10/1998,290.85,291.25,290.85,290.85,-0.29,5.3,5.32,5.3,5.29,-0.56,67.54,29.28,92.79,
7/9/1998,291.7,293.35,291.7,291.7,-0.53,5.33,5.34,5.33,5.32,-0.56,51.84,43.52,54.45,
7/8/1998,293.25,295.15,293.25,293.25,-0.61,5.36,5.39,5.36,5.34,-0.74,70.35,42.69,91.56,
7/7/1998,295.05,293.35,295.05,295.05,0.61,5.4,5.33,5.4,5.39,1.31,56.38,21.08,76.19,
7/6/1998,293.25,294.1,293.25,293.25,-0.51,5.33,5.33,5.33,5.32,-0.37,56.49,40.22,60.39,
7/3/1998,294.75,293.95,294.75,294.75,0.31,5.35,5.32,5.35,5.34,0,70.32,22.14,104.64,
7/2/1998,293.85,296.35,293.85,293.85,-0.88,5.35,5.46,5.35,5.33,-2.19,59.38,31.15,77.96,
7/1/1998,296.45,296.95,296.45,296.45,-0.17,5.47,5.51,5.47,5.46,-1.26,69.14,53.94,79.99,
6/30/1998,296.95,293.45,296.95,296.95,1.12,5.54,5.31,5.54,5.52,3.94,39.84,30.55,40.77,
6/29/1998,293.65,293.15,293.65,293.65,-0.07,5.33,5.29,5.33,5.32,0.19,52.8,56.15,52.69,
6/26/1998,293.85,293.65,293.85,293.85,-0.02,5.32,5.35,5.32,5.31,-1.12,57.46,40.1,66.89,
6/25/1998,293.9,292.45,293.9,293.9,0.36,5.38,5.26,5.38,5.36,1.89,73.03,31.2,99.77,
6/24/1998,292.85,294.8,292.85,292.85,-0.75,5.28,5.33,5.28,5.26,-1.49,88.19,49.45,110,
6/23/1998,295.05,295.65,295.05,295.05,-0.14,5.36,5.33,5.36,5.34,0.19,69.9,36.36,85.92,
6/22/1998,295.45,297,295.45,295.45,-1.1,5.35,5.37,5.35,5.33,-0.56,49.99,59.8,38.8,
6/19/1998,298.75,293.15,298.75,298.75,1.88,5.38,5.27,5.38,5.37,1.89,98.71,23.15,149.68,
6/18/1998,293.25,293.65,293.25,293.25,-0.07,5.28,5.36,5.28,5.26,-1.86,75.34,25.9,108.02,
6/17/1998,293.45,288.8,293.45,293.45,1.66,5.38,5.19,5.38,5.36,3.26,56.24,28.03,70.15,
6/16/1998,288.65,284.55,288.65,288.65,1.33,5.21,5.08,5.21,5.19,1.96,96.35,45.2,136.66,
6/15/1998,284.85,285.55,284.85,284.85,-0.4,5.11,5.11,5.11,5.09,-0.58,94.83,78.24,103.33,
6/12/1998,286,286.6,286,286,-0.3,5.14,5.16,5.14,5.13,-0.77,107.57,93.49,114.68,
6/11/1998,286.85,292.85,286.85,286.85,-2.18,5.18,5.33,5.18,5.16,-3.36,94.78,67.84,113.17,
6/10/1998,293.25,293.5,293.25,293.25,-0.14,5.36,5.31,5.36,5.34,0.19,110.42,49.54,151.5,
6/9/1998,293.65,295.35,293.65,293.65,-0.88,5.35,5.41,5.35,5.33,-1.65,70.48,44.97,98.46,
6/8/1998,296.25,291.7,296.25,296.25,1.58,5.44,5.27,5.44,5.43,2.84,126.31,119.63,131.29,
6/5/1998,291.65,293.5,291.65,291.65,-0.7,5.29,5.22,5.29,5.28,0.76,79.52,27.34,109.45,
6/4/1998,293.7,292.95,293.7,293.7,0.19,5.25,5.18,5.25,5.23,0.77,75.47,42.99,98.62,
6/3/1998,293.15,291.35,293.15,293.15,0.6,5.21,5.16,5.21,5.2,0.19,80.25,38.62,110.46,
6/2/1998,291.4,288.2,291.4,291.4,1.02,5.2,5.06,5.2,5.18,2.36,78.05,49.8,98.65,
6/1/1998,288.45,293.1,288.45,288.45,-1.54,5.08,5.09,5.08,5.07,-0.59,113.19,37.61,181.96,
5/29/1998,292.95,293,292.95,292.95,-0.05,5.11,5.04,5.11,5.09,1.19,156.81,39.08,228.18,
5/28/1998,293.1,294,293.1,293.1,-0.26,5.05,5.17,5.05,5.03,-2.88,78.23,32.27,107.67,
5/27/1998,293.85,295.1,293.85,293.85,-0.58,5.2,5.1,5.2,5.18,1.96,92.51,59.5,124.08,
5/26/1998,295.55,299.55,295.55,295.55,-1.4,5.1,5.26,5.1,5.08,-3.59,90.61,43.36,114.52,
5/25/1998,299.75,299.6,299.75,299.75,-0.03,5.29,5.27,5.29,5.27,0,82.71,60.75,86.87,
5/22/1998,299.85,301.75,299.85,299.85,-0.43,5.29,5.31,5.29,5.27,-0.75,78.94,81.41,63.37,
5/21/1998,301.15,299.45,301.15,301.15,0.5,5.33,5.24,5.33,5.32,1.52,84.06,47.14,117.96,
5/20/1998,299.65,298.55,299.65,299.65,0.33,5.25,5.17,5.25,5.23,1.35,96.74,46.76,131.63,
5/19/1998,298.65,299.25,298.65,298.65,-0.3,5.18,5.27,5.18,5.16,-2.08,119.88,56.61,178.39,
5/18/1998,299.55,301,299.55,299.55,-0.56,5.29,5.57,5.29,5.28,-5.2,112.93,20.47,170.73,
5/15/1998,301.25,298.9,301.25,301.25,0.7,5.58,5.57,5.58,5.57,-0.53,154.14,53.92,238.35,
5/14/1998,299.15,298.55,299.15,299.15,0.23,5.61,5.53,5.61,5.59,1.26,167.04,40.99,264.98,
5/13/1998,298.45,298,298.45,298.45,0.18,5.54,5.6,5.54,5.53,-1.25,199.97,57.78,294.01,
5/12/1998,297.9,300.2,297.9,297.9,-0.82,5.61,5.74,5.61,5.59,-2.43,150.18,45.2,226.2,
5/11/1998,300.35,299.65,300.35,300.35,0.17,5.75,5.96,5.75,5.73,-3.69,99.14,74.98,136.45,
5/8/1998,299.85,298.6,299.85,299.85,0.44,5.97,5.96,5.97,5.96,0,63.02,27.31,86.58,
5/7/1998,298.55,300.6,298.55,298.55,-0.73,5.97,5.92,5.97,5.96,0.67,66.52,53.05,66.37,
5/6/1998,300.75,303.25,300.75,300.75,-0.86,5.93,6.1,5.93,5.91,-3.1,54.95,31.3,69.62,
5/5/1998,303.35,303.75,303.35,303.35,-0.33,6.12,6.22,6.12,6.11,-2.08,55.65,45.68,59.88,
5/4/1998,304.35,302.75,304.35,304.35,0.69,6.25,6.14,6.25,6.24,1.79,88.39,84.28,89.47,
5/1/1998,302.25,306.85,302.25,302.25,-1.43,6.14,6.21,6.14,6.13,-1.44,74.76,40.13,95.64,
4/30/1998,306.65,310.15,306.65,306.65,-1.16,6.23,6.22,6.23,6.22,0,56.65,37.65,76.26,
4/29/1998,310.25,308.05,310.25,310.25,0.75,6.23,6.12,6.23,6.22,0.65,50.15,29.41,78.49,
4/28/1998,307.95,309.85,307.95,307.95,-0.55,6.19,6.17,6.19,6.17,0,72.84,69.16,92.3,
4/27/1998,309.65,312.45,309.65,309.65,-0.96,6.19,6.24,6.19,6.17,-1.28,65.38,50.69,66.45,
4/24/1998,312.65,314.1,312.65,312.65,-0.45,6.27,6.29,6.27,6.25,-0.48,75.15,69.16,81.72,
4/23/1998,314.05,312.85,314.05,314.05,0.26,6.3,6.29,6.3,6.29,0,67.66,44.97,79.7,
4/22/1998,313.25,310.65,313.25,313.25,0.8,6.3,6.2,6.3,6.29,-0.47,48.76,24.3,60.82,
4/21/1998,310.75,307.85,310.75,310.75,0.91,6.33,6.24,6.33,6.32,1.28,64.2,44.8,69.4,
4/20/1998,307.95,306.95,307.95,307.95,0.06,6.25,6.26,6.25,6.24,-0.48,30.71,30.61,25.53,
4/17/1998,307.75,308.15,307.75,307.75,-0.13,6.28,6.29,6.28,6.26,-0.48,61.24,23.26,87.29,
4/16/1998,308.15,306.95,308.15,308.15,0.29,6.31,6.3,6.31,6.3,-0.32,40.08,17.13,57.14,
4/15/1998,307.25,308.35,307.25,307.25,-0.32,6.33,6.3,6.33,6.32,0.32,57.95,30.41,71.02,
4/14/1998,308.25,310.85,308.25,308.25,-0.87,6.31,6.37,6.31,6.3,-1.56,69.81,62.64,69.66,
4/13/1998,310.95,310.5,310.95,310.95,0.06,6.41,6.41,6.41,6.39,-0.77,53.43,35.51,59.24,
4/10/1998,310.75,308.5,310.75,310.75,0.75,6.46,6.45,6.46,6.45,0.16,54.25,60.84,39.47,
4/9/1998,308.45,309.3,308.45,308.45,-0.29,6.45,6.43,6.45,6.43,0,38.35,41.17,34.34,
4/8/1998,309.35,310.05,309.35,309.35,-0.13,6.45,6.41,6.45,6.43,0.31,23.96,11.94,34.87,
4/7/1998,309.75,309.35,309.75,309.75,0.23,6.43,6.39,6.43,6.41,0.16,68.94,58.91,70.98,
4/6/1998,309.05,308.05,309.05,309.05,0.26,6.42,6.6,6.42,6.4,-3.02,44.51,36.98,43.18,
4/3/1998,308.25,302.1,308.25,308.25,1.99,6.62,6.56,6.62,6.6,0.76,52.86,58.55,43.95,
4/2/1998,302.25,299.75,302.25,302.25,0.83,6.57,6.35,6.57,6.56,2.98,67.78,52.88,73.52,
4/1/1998,299.75,300.95,299.75,299.75,-0.4,6.38,6.49,6.38,6.36,-2.15,49.62,23.28,67.95,
3/31/1998,300.95,301.4,300.95,300.95,-0.23,6.52,6.33,6.52,6.5,2.52,56.04,31.04,72.49,
3/30/1998,301.65,302.75,301.65,301.65,-0.4,6.36,6.36,6.36,6.34,-0.16,67.75,85.31,41.51,
3/27/1998,302.85,301.1,302.85,302.85,0.43,6.37,6.38,6.37,6.35,0.31,49.52,9.87,74.11,
3/26/1998,301.55,299.35,301.55,301.55,0.84,6.35,6.24,6.35,6.33,1.6,64.84,44.97,84.39,
3/25/1998,299.05,299.25,299.05,299.05,-0.2,6.25,6.37,6.25,6.24,-2.8,64.21,75.65,77.66,
3/24/1998,299.65,298.35,299.65,299.65,0.23,6.43,6.45,6.43,6.41,-0.46,67.28,63.88,58.61,
3/23/1998,298.95,291.75,298.95,298.95,2.47,6.46,6.21,6.46,6.45,3.86,73.15,62.51,69.51,
3/20/1998,291.75,291.3,291.75,291.75,0.07,6.22,5.98,6.22,6.21,4.01,50.36,27.89,65.14,
3/19/1998,291.55,291.45,291.55,291.55,0.14,5.98,5.97,5.98,5.97,0,53.38,11.2,84.11,
3/18/1998,291.15,292.05,291.15,291.15,-0.27,5.98,5.86,5.98,5.97,1.7,42.61,45.32,37.8,
3/17/1998,291.95,294.45,291.95,291.95,-0.88,5.88,6.09,5.88,5.86,-3.92,58.22,61.1,50.96,
3/16/1998,294.55,295.5,294.55,294.55,-0.27,6.12,6.15,6.12,6.1,-0.81,54.3,28.87,72.25,
3/13/1998,295.35,294.45,295.35,295.35,0.27,6.17,6.19,6.17,6.14,-0.64,80.39,66.32,96.81,
3/12/1998,294.55,294.6,294.55,294.55,-0.02,6.21,6.14,6.21,6.2,0.81,84.08,67.05,97.88,
3/11/1998,294.6,295.75,294.6,294.6,-0.47,6.16,6.3,6.16,6.14,-2.38,38.73,46.33,34.35,
3/10/1998,296,294.3,296,296,0.53,6.31,6.08,6.31,6.3,3.78,68.44,61.41,68.29,
3/9/1998,294.45,294.15,294.45,294.45,0,6.08,6.05,6.08,6.07,0,72.01,43.07,89.82,
3/6/1998,294.45,293.5,294.45,294.45,0.34,6.08,6.36,6.08,6.07,-4.7,51.98,46.07,57.64,
3/5/1998,293.45,296,293.45,293.45,-0.88,6.38,6.35,6.38,6.37,0,64.95,50.68,70.45,
3/4/1998,296.05,297.55,296.05,296.05,-0.6,6.38,6.35,6.38,6.35,-0.31,58.01,23.13,82.01,
3/3/1998,297.85,299.5,297.85,297.85,-0.62,6.4,6.57,6.4,6.39,-3.18,76.34,59.56,77.28,
3/2/1998,299.7,299.4,299.7,299.7,0.18,6.61,6.48,6.61,6.59,1.69,70.01,66.12,73.54,
2/27/1998,299.15,294.6,299.15,299.15,1.53,6.5,6.2,6.5,6.48,4.67,92.5,34.58,124.99,
2/26/1998,294.65,291.85,294.65,294.65,0.89,6.21,6,6.21,6.19,2.64,43.71,24.9,51.92,
2/25/1998,292.05,291.85,292.05,292.05,0.21,6.05,6.35,6.05,6.03,-5.17,89.92,23.13,135.07,
2/24/1998,291.45,293.45,291.45,291.45,-0.68,6.38,6.49,6.38,6.35,-1.54,141.65,38.51,208.8,
2/23/1998,293.45,296.75,293.45,293.45,-1.28,6.48,6.51,6.48,6.46,-1.22,110.17,73.22,128.26,
2/20/1998,297.25,298.85,297.25,297.25,-0.57,6.56,6.81,6.56,6.54,-4.23,81.19,16.19,121.52,
2/19/1998,298.95,297.85,298.95,298.95,0.47,6.85,6.61,6.85,6.82,3.47,92.9,58.21,114.77,
2/18/1998,297.55,297.45,297.55,297.55,-0.15,6.62,6.79,6.62,6.59,-2.93,101.65,95.38,119.33,
2/17/1998,298,298.45,298,298,-0.08,6.82,7.04,6.82,6.8,-3.54,101.82,81.21,124.18,
2/16/1998,298.25,299.55,298.25,298.25,-0.53,7.07,7.12,7.07,7.05,-1.12,75.74,55.64,86.18,
2/13/1998,299.85,298.6,299.85,299.85,0.37,7.15,7.05,7.15,7.13,1.13,69.07,44.07,82.7,
2/12/1998,298.75,300.45,298.75,298.75,-0.43,7.07,7.05,7.07,7.05,-0.42,54.48,27.16,67.96,
2/11/1998,300.05,300.55,300.05,300.05,-0.13,7.1,7.17,7.1,7.07,-1.39,95.98,82.01,118.57,
2/10/1998,300.45,299.8,300.45,300.45,0.23,7.2,7.03,7.2,7.17,2.27,93.54,38.59,139.47,
2/9/1998,299.75,298.05,299.75,299.75,0.54,7.04,7.15,7.04,7,-2.9,82.72,64.54,113.65,
2/6/1998,298.15,298.75,298.15,298.15,-0.17,7.25,7.6,7.25,7.24,-5.1,50.55,37.14,70.8,
2/5/1998,298.65,299.1,298.65,298.65,-0.23,7.64,7.2,7.64,7.59,4.66,77.37,45.71,100.08,
2/4/1998,299.35,295.45,299.35,299.35,1.35,7.3,6.76,7.3,7.28,7.67,79.79,35.35,108.12,
2/3/1998,295.35,303,295.35,295.35,-2.51,6.78,6.38,6.78,6.76,6.77,73.68,51.1,85.25,
2/2/1998,302.95,302.85,302.95,302.95,0.17,6.35,6.23,6.35,6.34,1.93,76.61,43.64,97.08,
1/30/1998,302.45,302.25,302.45,302.45,-0.13,6.23,6.07,6.23,6.22,2.13,41.34,10.99,59.58,
1/29/1998,302.85,305.5,302.85,302.85,-0.7,6.1,6.1,6.1,6.09,-0.33,65.6,59.45,79.34,
1/28/1998,305,300.6,305,305,1.41,6.12,6.19,6.12,6.11,-0.97,56.05,52.93,53.96,
1/27/1998,300.75,297.5,300.75,300.75,1.25,6.18,6.01,6.18,6.17,3,62.32,65.39,60,
1/26/1998,297.05,298.75,297.05,297.05,-0.86,6,5.93,6,5.99,1.01,62.9,55.74,75.55,
1/23/1998,299.62,290.88,299.62,299.62,3.16,5.94,5.77,5.94,5.93,2.77,28.94,26.23,35.01,
1/22/1998,290.45,293,290.45,290.45,-0.72,5.78,5.86,5.78,5.77,-1.37,43.62,23.19,53.2,
1/21/1998,292.55,291.35,292.55,292.55,0.72,5.86,5.75,5.86,5.85,2.09,56.55,35.61,64.35,
1/20/1998,290.45,287.55,290.45,290.45,1.01,5.74,5.75,5.74,5.73,-0.52,77.61,56.27,88,
1/19/1998,287.55,290.55,287.55,287.55,-0.9,5.77,5.83,5.77,5.75,-1.2,58.63,43.84,73.13,
1/16/1998,290.15,286.25,290.15,290.15,1.61,5.84,5.9,5.84,5.83,-0.68,73.88,58.92,83.54,
1/15/1998,285.55,281.45,285.55,285.55,1.28,5.88,5.72,5.88,5.87,2.62,57.48,30.16,85.53,
1/14/1998,281.95,283.15,281.95,281.95,-0.28,5.73,5.72,5.73,5.71,0.17,78.2,43.66,104.04,
1/13/1998,282.75,277.8,282.75,282.75,1.65,5.72,5.51,5.72,5.71,3.81,86.47,39.79,116.15,
1/12/1998,278.15,278.35,278.15,278.15,-0.18,5.51,5.65,5.51,5.5,-2.82,54.25,28.84,72.17,
1/9/1998,278.65,281.05,278.65,278.65,-0.82,5.67,5.76,5.67,5.66,-2.24,38.62,29.62,44.47,
1/8/1998,280.95,283.25,280.95,280.95,-1.02,5.8,6.03,5.8,5.79,-3.97,65.38,74.49,67.31,
1/7/1998,283.85,280.75,283.85,283.85,0.85,6.04,6,6.04,6.03,-0.98,39.77,39.65,42.52,
1/6/1998,281.45,281.85,281.45,281.45,-0.14,6.1,5.86,6.1,6.09,2.87,47.32,50.81,36.32,
1/5/1998,281.85,287.65,281.85,281.85,-2.22,5.93,5.95,5.93,5.92,-0.67,52.94,60.32,44.02,
1/2/1998,288.25,288.85,288.25,288.25,-0.28,5.97,5.95,5.97,5.96,-0.5,60.01,103.7,13.31,
12/31/1997,289.05,290.45,289.05,289.05,-0.52,6,6.15,6,5.99,-2.76,58.73,46.84,65.12,
12/30/1997,290.55,291.25,290.55,290.55,-0.17,6.17,6.31,6.17,6.16,-2.68,25.88,17.2,28.69,
12/29/1997,291.05,295.25,291.05,291.05,-1.29,6.34,6.34,6.34,6.33,-0.47,28.14,16.03,33.43,
12/26/1997,294.85,296.25,294.85,294.85,-0.64,6.37,6.38,6.37,6.36,-0.31,57.93,42,61.31,
12/25/1997,296.75,296.5,296.75,296.75,0.1,6.39,6.38,6.39,6.38,0,72.96,72.74,60.67,
12/24/1997,296.45,294.05,296.45,296.45,0.82,6.39,6.25,6.39,6.38,2.24,37.3,44.63,37.22,
12/23/1997,294.05,291.55,294.05,294.05,1.03,6.25,6.08,6.25,6.24,3.65,70.41,35.09,99.53,
12/22/1997,291.05,289.25,291.05,291.05,0.69,6.03,6.04,6.03,6.02,-0.5,42.87,23.31,58.33,
12/19/1997,289.05,287.05,289.05,289.05,0.59,6.06,6.05,6.06,6.05,0,45.84,30.46,50.82,
12/18/1997,287.35,288.15,287.35,287.35,-0.62,6.06,5.95,6.06,6.05,1.34,29.31,29.22,29.25,
12/17/1997,289.15,284.05,289.15,289.15,1.97,5.98,6.02,5.98,5.97,0,49.12,36.73,51.06,
12/16/1997,283.55,284.05,283.55,283.55,-0.28,5.98,5.88,5.98,5.97,0.84,61.72,68.37,62.73,
12/15/1997,284.35,282.55,284.35,284.35,0.53,5.93,5.87,5.93,5.91,0.68,41.56,33.15,48.39,
12/12/1997,282.85,283.95,282.85,282.85,-0.42,5.89,5.81,5.89,5.88,1.38,36.77,22.56,42.34,
12/11/1997,284.05,286.75,284.05,284.05,-0.91,5.81,5.92,5.81,5.8,-1.36,40.25,24.69,51.49,
12/10/1997,286.65,283.15,286.65,286.65,1.38,5.89,5.46,5.89,5.88,7.68,29.76,5.93,44.55,
12/9/1997,282.75,287.55,282.75,282.75,-1.77,5.47,5.39,5.47,5.46,1.11,36.51,26.47,44.16,
12/8/1997,287.85,288.15,287.85,287.85,-0.14,5.41,5.41,5.41,5.4,0,36.89,14.71,55.21,
12/5/1997,288.25,286.25,288.25,288.25,0.7,5.41,5.28,5.41,5.4,2.27,47.76,50.42,51.4,
12/4/1997,286.25,292.15,286.25,286.25,-2.09,5.29,5.31,5.29,5.28,-0.56,43.22,49.24,35.94,
12/3/1997,292.35,293.5,292.35,292.35,-0.51,5.32,5.32,5.32,5.31,-0.37,51.87,59.1,45.19,
12/2/1997,293.85,293.65,293.85,293.85,0,5.34,5.3,5.34,5.33,0.56,55.36,34.85,67.83,
12/1/1997,293.85,297.25,293.85,293.85,-1.06,5.31,5.3,5.31,5.3,0,72.01,71.79,59.88,
11/28/1997,297,295.95,297,297,0.34,5.31,5.25,5.31,5.3,0.76,29.03,25.72,32.19,
11/27/1997,296,296.8,296,296,-0.25,5.27,5.27,5.27,5.26,0,27.03,15.4,32.1,
11/26/1997,296.75,299.8,296.75,296.75,-1.2,5.27,5.22,5.27,5.26,0.19,36.99,26.82,44.74,
11/25/1997,300.35,302.85,300.35,300.35,-0.86,5.26,5.39,5.26,5.25,-2.77,63.7,52.3,74.78,
11/24/1997,302.95,304.85,302.95,302.95,-0.66,5.41,5.44,5.41,5.4,-0.92,61.83,52.84,58.76,
11/21/1997,304.95,303.25,304.95,304.95,0.69,5.46,5.24,5.46,5.45,3.8,92.94,33.09,143.52,
11/20/1997,302.85,304.25,302.85,302.85,-0.39,5.26,5.24,5.26,5.25,0.38,78.48,45.64,97.89,
11/19/1997,304.05,306.15,304.05,304.05,-0.88,5.24,5.12,5.24,5.23,2.34,63.88,36.39,80.94,
11/18/1997,306.75,303.85,306.75,306.75,0.95,5.12,5.14,5.12,5.11,-0.58,76.44,36.29,96.86,
11/17/1997,303.85,303.25,303.85,303.85,0.16,5.15,5.1,5.15,5.14,0.98,71.86,64.47,77.68,
11/14/1997,303.35,308.15,303.35,303.35,-1.46,5.1,5.14,5.1,5.09,-0.97,57.71,23.01,91.18,
11/13/1997,307.85,307.45,307.85,307.85,0.13,5.15,4.91,5.15,5.14,4.89,70.81,30.69,97.28,
11/12/1997,307.45,309.75,307.45,307.45,-0.74,4.91,4.93,4.91,4.9,-0.61,74.79,43.49,98.47,
11/11/1997,309.75,310.15,309.75,309.75,-0.13,4.94,4.86,4.94,4.93,1.02,69.77,59.62,82.88,
11/10/1997,310.15,309.75,310.15,310.15,-0.03,4.89,4.85,4.89,4.88,0.2,58.46,15.54,90.74,
11/7/1997,310.25,312.5,310.25,310.25,-0.7,4.88,4.91,4.88,4.87,-0.81,39.6,22.56,56.45,
11/6/1997,312.45,313.45,312.45,312.45,-0.35,4.92,4.86,4.92,4.91,0.82,59.04,24.78,77.52,
11/5/1997,313.55,313.95,313.55,313.55,-0.1,4.88,4.85,4.88,4.87,0.41,63.43,28.74,81.51,
11/4/1997,313.85,313.7,313.85,313.85,0.13,4.86,4.83,4.86,4.85,0.21,81.59,13.01,124.83,
11/3/1997,313.45,311.75,313.45,313.45,0.64,4.85,4.74,4.85,4.84,1.89,51.41,36.61,67.18,
10/31/1997,311.45,316.25,311.45,311.45,-1.58,4.76,4.85,4.76,4.75,-2.66,75.95,29.12,106.88,
10/30/1997,316.45,313.35,316.45,316.45,0.83,4.89,4.79,4.89,4.88,1.66,58.99,6.19,92.94,
10/29/1997,313.85,316.25,313.85,313.85,-0.6,4.81,4.82,4.81,4.8,-0.41,51.85,24.33,71.02,
10/28/1997,315.75,311.25,315.75,315.75,1.25,4.83,4.79,4.83,4.82,0.42,73.19,57.1,84.67,
10/27/1997,311.85,309.25,311.85,311.85,0.92,4.81,4.79,4.81,4.8,0.42,79.23,30.09,106.67,
10/24/1997,309,323.5,309,309,-4.53,4.79,4.95,4.79,4.78,-3.23,85.56,30.46,132.13,
10/23/1997,323.65,322.6,323.65,323.65,0.37,4.95,5.03,4.95,4.94,-1.79,40.4,37.17,41.34,
10/22/1997,322.45,322.75,322.45,322.45,-0.08,5.04,4.98,5.04,5.03,1.2,62.38,43.53,77.81,
10/21/1997,322.7,323.5,322.7,322.7,-0.29,4.98,4.93,4.98,4.97,0.61,58.71,24.64,77.08,
10/20/1997,323.65,325.25,323.65,323.65,-0.49,4.95,4.96,4.95,4.94,-0.4,52.01,39.88,59.88,
10/17/1997,325.25,326.1,325.25,325.25,-0.18,4.97,4.92,4.97,4.96,0.61,58.99,52.93,63.77,
10/16/1997,325.85,326.85,325.85,325.85,-0.34,4.94,5.07,4.94,4.93,-2.76,62.9,59.72,59.77,
10/15/1997,326.95,327.95,326.95,326.95,-0.3,5.08,5.08,5.08,5.07,-0.39,46.96,43.7,46.86,
10/14/1997,327.95,328.75,327.95,327.95,-0.15,5.1,5.14,5.1,5.09,-1.16,35.62,7.1,53.31,
10/13/1997,328.45,329.95,328.45,328.45,-0.36,5.16,5.2,5.16,5.15,-0.96,62.95,70.6,52.34,
10/10/1997,329.65,327.45,329.65,329.65,0.58,5.21,5.12,5.21,5.2,1.56,43.36,34.58,43.26,
10/9/1997,327.75,333.55,327.75,327.75,-1.65,5.13,5.23,5.13,5.12,-2.1,45.67,42.49,40.51,
10/8/1997,333.25,331.25,333.25,333.25,0.54,5.24,5.19,5.24,5.23,0.77,33.13,48.03,20.03,
10/7/1997,331.45,332.3,331.45,331.45,-0.33,5.2,5.18,5.2,5.19,-0.19,38.3,44.54,26.54,
10/6/1997,332.55,334.55,332.55,332.55,-0.69,5.21,5.27,5.21,5.2,-1.51,47.8,36.65,48.91,
10/3/1997,334.85,331.35,334.85,334.85,1.03,5.29,5.16,5.29,5.28,2.32,52.73,24.74,72.22,
10/2/1997,331.45,333.65,331.45,331.45,-0.69,5.17,5.15,5.17,5.16,0,38.87,29.8,39.78,
10/1/1997,333.75,333.65,333.75,333.75,-0.21,5.17,5.21,5.17,5.16,-0.96,28.67,19.05,37.08,
9/30/1997,334.45,328,334.45,334.45,1.89,5.22,5.08,5.22,5.21,2.35,69.59,76.32,57.87,
9/29/1997,328.25,326.15,328.25,328.25,0.46,5.1,4.81,5.1,5.09,5.59,30.89,30.79,25.68,
9/26/1997,326.75,326.65,326.75,326.75,-0.12,4.83,4.78,4.83,4.82,0.84,30.59,11.09,41.63,
9/25/1997,327.15,323.25,327.15,327.15,1.25,4.79,4.75,4.79,4.78,0.63,45.29,58.05,26.9,
9/24/1997,323.1,321.65,323.1,323.1,0.36,4.76,4.69,4.76,4.75,1.28,43.88,43.74,41.7,
9/23/1997,321.95,321.15,321.95,321.95,0.22,4.7,4.68,4.7,4.69,0.21,57.7,33.84,73.38,
9/22/1997,321.25,320.85,321.25,321.25,0.12,4.69,4.71,4.69,4.68,-0.85,33.99,52.72,12.56,
9/19/1997,320.85,320.75,320.85,320.85,0.06,4.73,4.69,4.73,4.72,1.07,29.68,23.67,29.62,
9/18/1997,320.65,320.45,320.65,320.65,0.12,4.68,4.6,4.68,4.67,1.3,40.9,37.63,36.62,
9/17/1997,320.25,320.75,320.25,320.25,-0.16,4.62,4.58,4.62,4.61,0.65,51.16,31.88,69.13,
9/16/1997,320.75,322.85,320.75,320.75,-0.71,4.59,4.74,4.59,4.58,-3.37,45.09,41.5,46.15,
9/15/1997,323.05,323.6,323.05,323.05,-0.34,4.75,4.75,4.75,4.74,-0.42,42.33,28.14,52.8,
9/12/1997,324.15,324.1,324.15,324.15,-0.03,4.77,4.74,4.77,4.76,0.21,59.34,41.15,72.94,
9/11/1997,324.25,321.65,324.25,324.25,0.78,4.76,4.74,4.76,4.75,0.21,58.88,24.71,77.3,
9/10/1997,321.75,321.25,321.75,321.75,0.08,4.75,4.74,4.75,4.74,-0.21,43.18,73.8,30.78,
9/9/1997,321.5,321.75,321.5,321.5,-0.14,4.76,4.68,4.76,4.75,1.28,34.38,43.62,31.18,
9/8/1997,321.95,322.5,321.95,321.95,-0.19,4.7,4.71,4.7,4.69,-0.63,40.52,50.49,25.27,
9/5/1997,322.55,321.45,322.55,322.55,0.31,4.73,4.69,4.73,4.72,0.85,70.48,83.04,69.26,
9/4/1997,321.55,322,321.55,321.55,-0.14,4.69,4.66,4.69,4.68,0.21,40.52,47.13,28.08,
9/3/1997,322,322.4,322,322,-0.16,4.68,4.61,4.68,4.67,1.08,53.32,53.16,44.34,
9/2/1997,322.5,324.45,322.5,322.5,-0.63,4.63,4.66,4.63,4.62,-0.86,30.78,30.68,25.59,
9/1/1997,324.55,324.15,324.55,324.55,0.12,4.67,4.67,4.67,4.66,0.21,33.22,56.77,15.79,
8/29/1997,324.15,324.55,324.15,324.15,0.06,4.66,4.68,4.66,4.65,-0.43,63.53,66.35,55.34,
8/28/1997,323.95,325.65,323.95,323.95,-0.46,4.68,4.65,4.68,4.67,0.21,55.44,55.27,51.86,
8/27/1997,325.45,325.75,325.45,325.45,-0.14,4.67,4.67,4.67,4.66,-0.43,39.52,21.49,47.8,
8/26/1997,325.9,324.5,325.9,325.9,0.37,4.69,4.63,4.69,4.68,1.08,20.35,16.23,20.3,
8/25/1997,324.7,326.25,324.7,324.7,-0.54,4.64,4.64,4.64,4.63,-1.07,34.15,42.56,42.6,
8/22/1997,326.45,323.5,326.45,326.45,0.79,4.69,4.53,4.69,4.68,3.3,43.76,26.85,50.39,
8/21/1997,323.88,321.88,323.88,323.88,0.76,4.54,4.5,4.54,4.53,0.44,44.81,54.98,40.13,
8/20/1997,321.45,323,321.45,321.45,-0.56,4.52,4.53,4.52,4.51,-0.22,57.24,49.93,53.54,
8/19/1997,323.25,321.75,323.25,323.25,0.59,4.53,4.51,4.53,4.52,0,56.59,60.18,50.2,
8/18/1997,321.35,326.75,321.35,321.35,-1.44,4.53,4.57,4.53,4.52,-1.09,29.88,0,49.69,
8/15/1997,326.05,324.1,326.05,326.05,0.62,4.58,4.41,4.58,4.57,3.62,36.73,13.32,55.53,
8/14/1997,324.05,327.05,324.05,324.05,-0.95,4.42,4.52,4.42,4.42,-2.43,47.37,26.99,73.15,
8/13/1997,327.15,327.25,327.15,327.15,0.03,4.53,4.42,4.53,4.52,1.8,49.08,41.93,52.47,
8/12/1997,327.05,328.35,327.05,327.05,-0.43,4.45,4.45,4.45,4.44,-0.22,45.27,75.22,18.82,
8/11/1997,328.45,326.5,328.45,328.45,0.4,4.46,4.4,4.46,4.45,1.36,55.21,55.04,45.91,
8/8/1997,327.15,321.55,327.15,327.15,1.62,4.4,4.38,4.4,4.39,0,55.32,51.9,59.53,
8/7/1997,321.95,318.6,321.95,321.95,1.07,4.4,4.35,4.4,4.39,1.15,44.41,66.42,30.78,
8/6/1997,318.55,320.35,318.55,318.55,-0.69,4.35,4.33,4.35,4.34,0,69.66,83.34,52.14,
8/5/1997,320.75,323.85,320.75,320.75,-0.97,4.35,4.5,4.35,4.34,-3.33,74.98,108.72,56.68,
8/4/1997,323.9,324.8,323.9,323.9,-0.23,4.5,4.47,4.5,4.49,0.45,56.63,48.39,53.81,
8/1/1997,324.65,324.65,324.65,324.65,0.03,4.48,4.47,4.48,4.47,-0.22,60.97,47.27,67.6,
7/31/1997,324.55,326.15,324.55,324.55,-0.46,4.49,4.37,4.49,4.48,2.28,70.56,91.44,52.8,
7/30/1997,326.05,326.1,326.05,326.05,0.03,4.39,4.33,4.39,4.38,0.92,47.42,60.78,39.43,
7/29/1997,325.95,328,325.95,325.95,-0.81,4.35,4.36,4.35,4.34,-0.68,56.66,90.37,31.41,
7/28/1997,328.62,325.82,328.62,328.62,0.8,4.38,4.32,4.38,4.37,0.92,52.71,48.5,53.94,
7/25/1997,326,323.25,326,326,0.81,4.34,4.26,4.34,4.33,0.93,35.72,12.95,48.61,
7/24/1997,323.38,323.18,323.38,323.38,0.09,4.3,4.29,4.3,4.29,0,34.76,27.72,40.46,
7/23/1997,323.1,324.25,323.1,323.1,-0.66,4.3,4.28,4.3,4.29,-0.46,40.81,47.47,39.59,
7/22/1997,325.25,325.55,325.25,325.25,-0.09,4.32,4.26,4.32,4.31,1.17,69.01,45.87,76.51,
7/21/1997,325.55,328.25,325.55,325.55,-1.03,4.27,4.28,4.27,4.26,-0.47,44.76,32.46,47.37,
7/18/1997,328.95,323.65,328.95,328.95,1.61,4.29,4.26,4.29,4.28,0.47,63.51,46.65,72.27,
7/17/1997,323.75,317.85,323.75,323.75,1.79,4.27,4.2,4.27,4.26,1.18,55.73,62.51,46.34,
7/16/1997,318.05,317.35,318.05,318.05,0,4.22,4.3,4.22,4.21,-2.09,63.03,69.82,52.41,
7/15/1997,318.05,319.7,318.05,318.05,-0.52,4.31,4.26,4.31,4.3,0.7,46.3,42.61,47.39,
7/14/1997,319.7,321.45,319.7,319.7,-0.51,4.28,4.35,4.28,4.27,-2.06,46.28,61.51,32.07,
7/11/1997,321.35,319.75,321.35,321.35,0.47,4.37,4.37,4.37,4.36,-0.23,54.83,19.29,75.1,
7/10/1997,319.85,318.45,319.85,319.85,0.53,4.38,4.32,4.38,4.37,1.15,52.41,34.84,63.92,
7/9/1997,318.15,318.75,318.15,318.15,-0.53,4.33,4.3,4.33,4.32,0,35.76,38.89,32.44,
7/8/1997,319.85,317.65,319.85,319.85,0.58,4.33,4.25,4.33,4.32,0.93,48.01,44.18,42.99,
7/7/1997,318,323.4,318,318,-2,4.29,4.53,4.29,4.28,-5.71,79.87,50.29,97.88,
7/4/1997,324.5,324.75,324.5,324.5,-0.38,4.55,4.55,4.55,4.54,-0.22,29.22,0,48.59,
7/3/1997,325.75,331.75,325.75,325.75,-1.69,4.56,4.63,4.56,4.55,-1.72,41.29,25.33,58.1,
7/2/1997,331.35,334.25,331.35,331.35,-0.87,4.64,4.66,4.64,4.63,-0.43,36.15,19.66,43.72,
7/1/1997,334.25,333.95,334.25,334.25,0.09,4.66,4.63,4.66,4.65,0.43,42.38,49.29,29.37,
6/30/1997,333.95,335,333.95,333.95,-0.21,4.64,4.7,4.64,4.63,-1.49,29.88,25.53,28.4,
6/27/1997,334.65,338.35,334.65,334.65,-1.06,4.71,4.76,4.71,4.7,-1.26,28.15,12.47,36.41,
6/26/1997,338.25,337.35,338.25,338.25,0.27,4.77,4.77,4.77,4.76,-0.42,48.05,50.72,47.01,
6/25/1997,337.35,337.35,337.35,337.35,-0.12,4.79,4.76,4.79,4.78,0.21,40.93,31.39,47.13,
6/24/1997,337.75,340.25,337.75,337.75,-0.59,4.78,4.83,4.78,4.77,-1.04,43.81,33.59,61.65,
6/23/1997,339.75,337.35,339.75,339.75,0.62,4.83,4.71,4.83,4.82,1.9,68.34,32.06,93.6,
6/20/1997,337.65,340.25,337.65,337.65,-0.79,4.74,4.76,4.74,4.73,-0.84,50.43,50.27,41.93,
6/19/1997,340.35,339.25,340.35,340.35,0.32,4.78,4.72,4.78,4.77,1.49,38.56,38.44,32.06,
6/18/1997,339.25,341.75,339.25,339.25,-0.73,4.71,4.78,4.71,4.7,-1.88,45.47,32.38,59.41,
6/17/1997,341.75,342.25,341.75,341.75,-0.26,4.8,4.7,4.8,4.79,1.69,44.41,66.42,24.62,
6/16/1997,342.65,341.25,342.65,342.65,0.47,4.72,4.7,4.72,4.71,0.21,62.82,100.2,20.89,
6/13/1997,341.05,341.65,341.05,341.05,-0.15,4.71,4.73,4.71,4.7,-0.42,46.15,59.15,27.41,
6/12/1997,341.55,343.65,341.55,341.55,-0.58,4.73,4.76,4.73,4.72,-0.84,38.48,25.57,48,
6/11/1997,343.55,344.2,343.55,343.55,-0.15,4.77,4.76,4.77,4.76,0,47.37,53.97,33.76,
6/10/1997,344.05,344.15,344.05,344.05,-0.04,4.77,4.76,4.77,4.76,0,31.38,41.71,23.2,
6/9/1997,344.2,343.75,344.2,344.2,0.22,4.77,4.75,4.77,4.76,-0.83,30.74,15.32,38.35,
6/6/1997,343.45,343.5,343.45,343.45,0.03,4.81,4.82,4.81,4.8,0,40.55,62.19,20.75,
6/5/1997,343.35,341.45,343.35,343.35,0.62,4.81,4.72,4.81,4.8,1.69,34.97,31.69,31.72,
6/4/1997,341.25,343.35,341.25,341.25,-0.58,4.73,4.75,4.73,4.72,-0.63,50.57,69.32,42.05,
6/3/1997,343.25,343.65,343.25,343.25,-0.07,4.76,4.72,4.76,4.75,0.85,28.56,28.47,23.75,
6/2/1997,343.5,344.7,343.5,343.5,-0.33,4.72,4.7,4.72,4.71,0.21,40.45,32.26,40.36,
5/30/1997,344.65,345.85,344.65,344.65,-0.32,4.71,4.85,4.71,4.7,-2.69,77.41,64.31,85.83,
5/29/1997,345.75,344.5,345.75,345.75,0.26,4.84,4.73,4.84,4.83,2.11,69.01,89.44,45.91,
5/28/1997,344.85,343.95,344.85,344.85,0.23,4.74,4.74,4.74,4.73,-0.42,54.83,45.02,59.01,
5/27/1997,344.05,343,344.05,344.05,0.31,4.76,4.73,4.76,4.75,0.42,95.1,63.2,118.61,
5/26/1997,343,342.65,343,343,0.12,4.74,4.73,4.74,4.73,0,66.44,56.77,71.03,
5/23/1997,342.6,342.75,342.6,342.6,-0.01,4.74,4.68,4.74,4.73,1.07,59.85,65.63,49.77,
5/22/1997,342.65,343.1,342.65,342.65,-0.09,4.69,4.69,4.69,4.68,-0.21,51.66,32.19,64.43,
5/21/1997,342.95,343.15,342.95,342.95,-0.04,4.7,4.7,4.7,4.69,-0.42,48.62,58.16,43.12,
5/20/1997,343.1,341,343.1,343.1,0.45,4.72,4.7,4.72,4.71,0.21,52.41,48.77,52.3,
5/19/1997,341.55,344.45,341.55,341.55,-0.73,4.71,4.66,4.71,4.7,0.43,60.74,72.67,47.14,
5/16/1997,344.05,347.25,344.05,344.05,-0.98,4.69,4.83,4.69,4.68,-3.3,54.45,54.29,65.4,
5/15/1997,347.45,347.35,347.45,347.45,-0.1,4.85,4.84,4.85,4.84,0.21,80.87,77.4,86.08,
5/14/1997,347.8,349.25,347.8,347.8,-0.49,4.84,4.87,4.84,4.83,-1.02,86.47,59.68,105.09,
5/13/1997,349.5,347.55,349.5,349.5,0.53,4.89,4.83,4.89,4.88,1.24,60.04,35.21,70.48,
5/12/1997,347.65,348.35,347.65,347.65,-0.11,4.83,4.87,4.83,4.82,-0.82,52.13,47.98,53.36,
5/9/1997,348.05,343.65,348.05,348.05,1.25,4.87,4.84,4.87,4.86,0.62,59.21,37.28,72.56,
5/8/1997,343.75,341.65,343.75,343.75,0.67,4.84,4.74,4.84,4.83,1.89,58.36,75.29,34.25,
5/7/1997,341.45,340.35,341.45,341.45,0.29,4.75,4.73,4.75,4.74,0.42,21.79,31.04,10.36,
5/6/1997,340.45,342.75,340.45,340.45,-0.7,4.73,4.75,4.73,4.72,-0.63,43.11,35.82,47.8,
5/5/1997,342.85,340.25,342.85,342.85,0.76,4.76,4.71,4.76,4.75,0.85,72.1,84.57,49.38,
5/2/1997,340.25,340.35,340.25,340.25,-0.06,4.72,4.75,4.72,4.71,-0.63,58.12,25.75,75.17,
5/1/1997,340.45,339.55,340.45,340.45,0.32,4.75,4.67,4.75,4.74,1.28,62.07,71.65,48.9,
4/30/1997,339.35,339.95,339.35,339.35,-0.18,4.69,4.65,4.69,4.68,0.64,78.87,112.33,74.95,
4/29/1997,339.95,339.75,339.95,339.95,0.09,4.66,4.63,4.66,4.65,0.65,105.38,91.05,105.16,
4/28/1997,339.65,342.05,339.65,339.65,-0.73,4.63,4.72,4.63,4.62,-2.32,45.85,30.47,50.83,
4/25/1997,342.15,340.55,342.15,342.15,0.41,4.74,4.71,4.74,4.73,0.85,84.86,72.51,85.68,
4/24/1997,340.75,341.35,340.75,340.75,-0.18,4.7,4.74,4.7,4.69,-1.05,95.37,69.72,116.31,
4/23/1997,341.35,341.35,341.35,341.35,0.01,4.75,4.73,4.75,4.74,0.21,159.29,116.67,194.63,
4/22/1997,341.3,342.7,341.3,341.3,-0.47,4.74,4.75,4.74,4.73,-0.63,52.4,44.78,56.02,
4/21/1997,342.9,341.45,342.9,342.9,0.42,4.77,4.73,4.77,4.76,1.06,78.5,78.26,71.8,
4/18/1997,341.45,342.45,341.45,341.45,-0.32,4.72,4.7,4.72,4.71,-0.21,24.38,18.23,30.41,
4/17/1997,342.55,341.45,342.55,342.55,0.29,4.73,4.78,4.73,4.72,-1.46,76.42,86.12,60.78,
4/16/1997,341.55,341.9,341.55,341.55,-0.15,4.8,4.71,4.8,4.79,1.48,48.71,42.49,55.7,
4/15/1997,342.05,346.3,342.05,342.05,-1.21,4.73,4.72,4.73,4.72,0,76.63,83.34,63.72,
4/14/1997,346.25,346.75,346.25,346.25,-0.2,4.73,4.73,4.73,4.72,-0.21,57.04,52.49,51.08,
4/11/1997,346.95,348.65,346.95,346.95,-0.49,4.74,4.79,4.74,4.73,-1.25,60.69,57.32,58.44,
4/10/1997,348.65,347.85,348.65,348.65,0.17,4.8,4.78,4.8,4.79,0.21,42.26,25.93,48.66,
4/9/1997,348.05,348.35,348.05,348.05,-0.14,4.79,4.77,4.79,4.78,0,98.2,110.95,87.1,
4/8/1997,348.55,348.15,348.55,348.55,0.14,4.79,4.78,4.79,4.78,0,85.21,113.26,64.95,
4/7/1997,348.05,348.75,348.05,348.05,-0.2,4.79,4.74,4.79,4.78,0.84,71.19,91.85,48.75,
4/4/1997,348.75,348.85,348.75,348.75,-0.03,4.75,4.74,4.75,4.74,0,57.06,50.56,57.99,
4/3/1997,348.85,349.25,348.85,348.85,-0.06,4.75,4.86,4.75,4.74,-2.46,42.14,71.09,10.78,
4/2/1997,349.05,352,349.05,349.05,-0.82,4.87,4.99,4.87,4.86,-2.79,39.09,51.95,27.08,
4/1/1997,351.95,351.15,351.95,351.95,0.23,5.01,5.06,5.01,5,-1.18,56.81,63.71,41.33,
3/31/1997,351.15,349.75,351.15,351.15,0.4,5.07,5.13,5.07,5.06,-1.36,55.52,83.02,46.16,
3/28/1997,349.75,349.5,349.75,349.75,0.09,5.14,5.13,5.14,5.13,0,59.28,76.48,40.59,
3/27/1997,349.45,350.35,349.45,349.45,-0.26,5.14,5.15,5.14,5.13,-0.39,56.77,53.26,61.09,
3/26/1997,350.35,347.7,350.35,350.35,0.72,5.16,5.11,5.16,5.15,0.98,50.86,44.37,58.16,
3/25/1997,347.85,349.85,347.85,347.85,-0.61,5.11,5.17,5.11,5.1,-1.35,54.47,74.67,33.97,
3/24/1997,350,352.75,350,350,-0.81,5.18,5.15,5.18,5.17,0.58,78.4,78.16,84.75,
3/21/1997,352.85,351.5,352.85,352.85,0.38,5.15,5.19,5.15,5.14,-0.96,57.64,30.24,75.67,
3/20/1997,351.5,352.05,351.5,351.5,-0.14,5.2,5.22,5.2,5.19,-0.57,49.86,24.85,67.37,
3/19/1997,352,349.8,352,352,0.73,5.23,5.17,5.23,5.22,0.97,41.41,31.75,52.97,
3/18/1997,349.45,347.5,349.45,349.45,0.49,5.18,5.2,5.18,5.17,-0.58,47.42,33.77,50.7,
3/17/1997,347.75,352.25,347.75,347.75,-1.28,5.21,5.24,5.21,5.2,-0.95,45.53,37.83,50.48,
3/14/1997,352.25,354.1,352.25,352.25,-0.37,5.26,5.29,5.26,5.25,-0.57,60.54,68.98,43.15,
3/13/1997,353.55,352.2,353.55,353.55,0.41,5.29,5.2,5.29,5.28,1.54,32.67,32.57,27.16,
3/12/1997,352.1,353.55,352.1,352.1,-0.41,5.21,5.25,5.21,5.2,-1.14,76.22,82.32,58.1,
3/11/1997,353.55,351.5,353.55,353.55,0.48,5.27,5.24,5.27,5.26,0.57,63.98,70.87,59.11,
3/10/1997,351.85,348.85,351.85,351.85,0.89,5.24,5.18,5.24,5.23,1.16,71.41,110.74,65.98,
3/7/1997,348.75,352.25,348.75,348.75,-0.97,5.18,5.2,5.18,5.17,-0.38,74.93,112.05,46.73,
3/6/1997,352.15,352.95,352.15,352.15,-0.23,5.2,5.2,5.2,5.19,-0.19,70.05,93.12,49.93,
3/5/1997,352.95,359.05,352.95,352.95,-1.67,5.21,5.22,5.21,5.2,-0.38,66.82,44.41,84.67,
3/4/1997,358.95,361.85,358.95,358.95,-0.82,5.23,5.28,5.23,5.22,-1.13,67.95,47.42,90.4,
3/3/1997,361.9,363.7,361.9,361.9,-0.37,5.29,5.33,5.29,5.28,-0.56,86.79,50.47,120.28,
2/28/1997,363.25,359.25,363.25,363.25,1.14,5.32,5.24,5.32,5.31,1.33,52.05,24.42,71.28,
2/27/1997,359.15,354.15,359.15,359.15,1.38,5.25,5.2,5.25,5.24,0.77,65.47,58.74,76.21,
2/26/1997,354.25,354.25,354.25,354.25,0,5.21,5.22,5.21,5.2,-0.38,56.2,72.51,49.48,
2/25/1997,354.25,353.45,354.25,354.25,0.28,5.23,5.2,5.23,5.22,0.38,36.55,19.87,49.73,
2/24/1997,353.25,351.8,353.25,353.25,0.28,5.21,5.2,5.21,5.2,0,43.07,39.04,45.58,
2/21/1997,352.25,350.75,352.25,352.25,0.5,5.21,5.23,5.21,5.2,-0.57,53.63,69.19,36.73,
2/20/1997,350.5,345.05,350.5,350.5,1.52,5.24,5.17,5.24,5.23,1.16,66.72,59.86,72.12,
2/19/1997,345.25,345.65,345.25,345.25,-0.17,5.18,5.25,5.18,5.17,-0.96,90.88,99.98,78.18,
2/18/1997,345.85,343.95,345.85,345.85,0.46,5.23,5.19,5.23,5.22,0.38,57.32,66.17,50.17,
2/17/1997,344.25,345.1,344.25,344.25,-0.15,5.21,5.25,5.21,5.2,-0.95,43.42,34.63,43.32,
2/14/1997,344.75,341.25,344.75,344.75,1.1,5.26,5.14,5.26,5.25,2.53,38.01,46.64,29.17,
2/13/1997,341,342.55,341,341,-0.55,5.13,5.12,5.13,5.12,0,39.24,32.6,38.07,
2/12/1997,342.9,339.65,342.9,342.9,0.9,5.13,4.83,5.13,5.12,5.77,63.46,37.96,84.43,
2/11/1997,339.85,341.5,339.85,339.85,-0.45,4.85,4.96,4.85,4.84,-2.22,45.47,48.82,46.54,
2/10/1997,341.4,342.4,341.4,341.4,-0.1,4.96,4.95,4.96,4.95,0.2,69.18,64.91,67.68,
2/7/1997,341.75,342.65,341.75,341.75,-0.38,4.95,4.84,4.95,4.94,2.06,78.22,54.25,84.84,
2/6/1997,343.05,344.25,343.05,343.05,-0.38,4.85,4.87,4.85,4.84,-0.61,52.27,26.05,70.63,
2/5/1997,344.35,344.35,344.35,344.35,0,4.88,4.85,4.88,4.87,0.41,37.43,43.53,36.31,
2/4/1997,344.35,346.65,344.35,344.35,-0.66,4.86,4.9,4.86,4.85,-1.02,49.08,0,81.61,
2/3/1997,346.65,344.65,346.65,346.65,0.67,4.91,4.89,4.91,4.9,-0.61,45.49,32.98,55.02,
1/31/1997,344.35,345.55,344.35,344.35,-0.38,4.94,4.94,4.94,4.93,0,34.9,37.96,26.38,
1/30/1997,345.65,351.1,345.65,345.65,-1.59,4.94,4.93,4.94,4.93,0,69.7,43.89,85.41,
1/29/1997,351.25,353.25,351.25,351.25,-0.57,4.94,4.95,4.94,4.93,-0.4,59.57,59.38,60.54,
1/28/1997,353.25,356.25,353.25,353.25,-0.84,4.96,5.04,4.96,4.95,-1.78,36.24,28.9,36.16,
1/27/1997,356.25,352.75,356.25,356.25,1.11,5.05,4.96,5.05,5.04,1.41,56.9,40.52,60.84,
1/24/1997,352.35,352.05,352.35,352.35,0.11,4.98,4.87,4.98,4.97,2.26,52.52,59.84,49.91,
1/23/1997,351.95,350.85,351.95,351.95,0.34,4.87,4.71,4.87,4.86,2.96,50.96,60.97,50.85,
1/22/1997,350.75,352.95,350.75,350.75,-0.62,4.73,4.71,4.73,4.72,0.21,48.26,54.98,45.86,
1/21/1997,352.95,353.35,352.95,352.95,-0.17,4.72,4.72,4.72,4.71,-0.42,48.06,29.49,55.34,
1/20/1997,353.55,355.45,353.55,353.55,-0.56,4.74,4.76,4.74,4.73,-0.84,58.73,31.23,71.63,
1/17/1997,355.55,354.55,355.55,355.55,0.28,4.78,4.74,4.78,4.77,1.06,40.55,43.53,31.12,
1/16/1997,354.55,352.5,354.55,354.55,0.58,4.73,4.67,4.73,4.72,1.07,52.74,26.29,76.74,
1/15/1997,352.5,354.05,352.5,352.5,-0.42,4.68,4.66,4.68,4.67,0.21,52.41,48.77,63.92,
1/14/1997,354,358.65,354,354,-1.26,4.67,4.7,4.67,4.66,-0.85,35.39,28.23,41.2,
1/13/1997,358.5,358.85,358.5,358.5,-0.15,4.71,4.74,4.71,4.7,-1.05,33.89,33.78,35.22,
1/10/1997,359.05,357.65,359.05,359.05,0.36,4.76,4.72,4.76,4.75,0.63,53.7,73.61,33.49,
1/9/1997,357.75,355.8,357.75,357.75,0.52,4.73,4.66,4.73,4.72,1.5,34.83,20.84,40.55,
1/8/1997,355.9,358.85,355.9,355.9,-0.82,4.66,4.7,4.66,4.65,-1.06,39.35,42.8,41.64,
1/7/1997,358.85,358.05,358.85,358.85,0.28,4.71,4.64,4.71,4.7,1.51,76.11,93.94,78.36,
1/6/1997,357.85,361.75,357.85,357.85,-0.89,4.64,4.69,4.64,4.63,-0.85,72.95,102.66,42.82,
1/3/1997,361.05,365.55,361.05,361.05,-1.19,4.68,4.71,4.68,4.67,-0.85,57.44,76.36,55.73,
1/2/1997,365.4,367.9,365.4,365.4,-0.72,4.72,4.76,4.72,4.71,-1.26,93.88,98.05,89.21,
12/31/1996,368.05,369.45,368.05,368.05,-0.38,4.78,4.79,4.78,4.77,-0.42,119.37,85,134.71,
12/30/1996,369.45,369.45,369.45,369.45,0,4.8,4.89,4.8,4.79,-2.04,137.61,78.39,171.65,
12/27/1996,369.45,369.25,369.45,369.45,0.05,4.9,4.88,4.9,4.89,0,61.72,57.43,61.59,
12/26/1996,369.25,368.7,369.25,369.25,0.09,4.9,4.83,4.9,4.89,1.03,75.29,92.37,67.42,
12/25/1996,368.9,368.9,368.9,368.9,0.01,4.85,4.84,4.85,4.84,0,71.05,70.83,59.08,
12/24/1996,368.85,369,368.85,368.85,0,4.85,4.83,4.85,4.84,0.21,57.4,57.22,47.73,
12/23/1996,368.85,368.75,368.85,368.85,0.03,4.84,4.82,4.84,4.83,0.21,110.58,95.86,103.94,
12/20/1996,368.75,368.9,368.75,368.75,-0.08,4.83,4.86,4.83,4.82,-0.62,122,169.54,122.97,
12/19/1996,369.05,369.05,369.05,369.05,-0.08,4.86,4.85,4.86,4.85,0,89.66,49.66,124.26,
12/18/1996,369.35,368.7,369.35,369.35,0.22,4.86,4.85,4.86,4.85,0,57.24,60.87,44.43,
12/17/1996,368.55,368.25,368.55,368.55,0.12,4.86,4.8,4.86,4.85,1.04,75.2,78.54,71.47,
12/16/1996,368.1,368.75,368.1,368.1,-0.16,4.81,4.81,4.81,4.8,-0.41,87.59,79.38,92.7,
12/13/1996,368.7,369.6,368.7,368.7,-0.12,4.83,4.84,4.83,4.82,0,39.62,42.53,35.48,
12/12/1996,369.15,368.95,369.15,369.15,0.03,4.83,4.81,4.83,4.82,-0.21,71.86,71.63,65.73,
12/11/1996,369.05,368.75,369.05,369.05,0.12,4.84,4.83,4.84,4.83,0,75.6,61.66,91.44,
12/10/1996,368.6,368.2,368.6,368.6,0.14,4.84,4.77,4.84,4.83,1.26,106.86,73.24,133.28,
12/9/1996,368.1,369.2,368.1,368.1,-0.23,4.78,4.76,4.78,4.77,0,58.94,47.01,65.35,
12/6/1996,368.95,370.95,368.95,368.95,-0.53,4.78,4.86,4.78,4.77,-1.65,91.84,56.83,110.6,
12/5/1996,370.9,370.95,370.9,370.9,-0.01,4.86,4.82,4.86,4.85,0.62,80.48,96.28,74.95,
12/4/1996,370.95,369.05,370.95,370.95,0.62,4.83,4.79,4.83,4.82,0.84,91.64,81.21,90.31,
12/3/1996,368.65,368.25,368.65,368.65,0.05,4.79,4.69,4.79,4.78,1.91,83.23,49.78,96.89,
12/2/1996,368.45,371.25,368.45,368.45,-0.79,4.7,4.71,4.7,4.69,-0.63,84.56,79.34,82.72,
11/29/1996,371.4,372.45,371.4,371.4,-0.3,4.73,4.73,4.73,4.72,-0.21,62.82,75.15,62.68,
11/28/1996,372.5,373.4,372.5,372.5,-0.25,4.74,4.74,4.74,4.73,-0.21,75.38,39.55,92.37,
11/27/1996,373.45,375.25,373.45,373.45,-0.43,4.75,4.75,4.75,4.74,-0.21,65.52,58.06,72.65,
11/26/1996,375.05,374.55,375.05,375.05,0.15,4.76,4.75,4.76,4.75,0,89.42,54.26,103.46,
11/25/1996,374.5,376.45,374.5,374.5,-0.49,4.76,4.85,4.76,4.75,-2.06,81.46,77.34,83.86,
11/22/1996,376.35,376.85,376.35,376.35,-0.09,4.86,4.86,4.86,4.85,0,32.16,21.37,35.66,
11/21/1996,376.7,378,376.7,376.7,-0.44,4.86,4.92,4.86,4.85,-1.62,54.3,19.11,74.37,
11/20/1996,378.35,378.15,378.35,378.35,0.05,4.94,4.88,4.94,4.93,1.02,65.96,80.37,54.85,
11/19/1996,378.15,379.15,378.15,378.15,-0.24,4.89,4.89,4.89,4.88,-0.2,58.72,39.02,65.1,
11/18/1996,379.05,380.35,379.05,379.05,-0.33,4.9,4.94,4.9,4.89,-1.01,80.22,94.08,54.93,
11/15/1996,380.3,381.3,380.3,380.3,-0.29,4.95,4.85,4.95,4.94,1.85,78.45,106.64,65.23,
11/14/1996,381.4,383.05,381.4,381.4,-0.46,4.86,4.89,4.86,4.85,-1.02,61.34,35.97,72.01,
11/13/1996,383.15,382.7,383.15,383.15,0.09,4.91,4.89,4.91,4.9,0.41,96.02,71.79,133.07,
11/12/1996,382.8,381.65,382.8,382.8,0.34,4.89,4.89,4.89,4.88,-0.2,93.91,102.14,78.09,
11/11/1996,381.5,379.55,381.5,381.5,0.54,4.9,4.84,4.9,4.89,1.03,78.13,72.69,69.3,
11/8/1996,379.45,379.05,379.45,379.45,0.09,4.85,4.84,4.85,4.84,0,55.77,37.06,61.83,
11/7/1996,379.1,377.95,379.1,379.1,0.3,4.85,4.72,4.85,4.84,2.54,42.7,49.66,35.5,
11/6/1996,377.95,378.75,377.95,377.95,-0.21,4.73,4.79,4.73,4.72,-1.46,66.7,44.33,73.95,
11/5/1996,378.75,378.75,378.75,378.75,0.01,4.8,4.81,4.8,4.79,-0.21,72.98,48.5,80.92,
11/4/1996,378.7,378.05,378.7,378.7,0.12,4.81,4.79,4.81,4.8,0.21,100.67,86.02,103.64,
11/1/1996,378.25,377.95,378.25,378.25,0.08,4.8,4.8,4.8,4.79,-0.21,70.15,69.93,64.81,
10/31/1996,377.95,380.25,377.95,377.95,-0.67,4.81,4.82,4.81,4.8,-0.41,76.87,72.98,79.13,
10/30/1996,380.5,380.45,380.5,380.5,-0.03,4.83,4.81,4.83,4.82,0,16,15.95,13.31,
10/29/1996,380.6,382.85,380.6,380.6,-0.69,4.83,4.92,4.83,4.82,-2.03,81.84,108.78,64.81,
10/28/1996,383.25,382.75,383.25,383.25,0.1,4.93,4.91,4.93,4.92,0,36.45,27.25,37.89,
10/25/1996,382.85,383.15,382.85,382.85,-0.08,4.93,4.92,4.93,4.92,0.2,49.27,30.23,56.73,
10/24/1996,383.15,383.8,383.15,383.15,-0.18,4.92,4.97,4.92,4.91,-1.2,71.01,49.55,82.66,
10/23/1996,383.85,383.85,383.85,383.85,-0.04,4.98,4.97,4.98,4.97,0,58.12,23.17,83.76,
10/22/1996,384,381.7,384,384,0.55,4.98,4.92,4.98,4.97,1.01,86.52,82.15,75.37,
10/21/1996,381.9,380.25,381.9,381.9,0.41,4.93,4.88,4.93,4.92,0.61,75.49,97.39,51.69,
10/18/1996,380.35,380.5,380.35,380.35,-0.07,4.9,4.9,4.9,4.89,0,59.79,15.9,86.18,
10/17/1996,380.6,381,380.6,380.6,-0.14,4.9,5.01,4.9,4.89,-2.39,72.59,60.94,76.25,
10/16/1996,381.15,381.3,381.15,381.15,-0.03,5.02,5.03,5.02,5.01,-0.4,48.48,64.44,33.59,
10/15/1996,381.25,381.75,381.25,381.25,-0.13,5.04,5.02,5.04,5.03,0.2,62.98,33.48,83.79,
10/14/1996,381.75,381.25,381.75,381.75,0.13,5.03,5.03,5.03,5.02,-0.4,90.3,56.86,102.75,
10/11/1996,381.25,382.25,381.25,381.25,-0.21,5.05,5.05,5.05,5.04,0,58.7,41.8,69.73,
10/10/1996,382.05,381.45,382.05,382.05,0.18,5.05,4.96,5.05,5.04,1.81,63.93,71.7,53.16,
10/9/1996,381.35,381.15,381.35,381.35,-0.01,4.96,4.89,4.96,4.95,1.43,104.52,72.14,120.34,
10/8/1996,381.4,380.65,381.4,381.4,0.2,4.89,4.88,4.89,4.88,0,74.84,86.39,65.51,
10/7/1996,380.65,380.35,380.65,380.65,0.04,4.89,4.86,4.89,4.88,0.41,60.78,60.59,58.96,
10/4/1996,380.5,380.5,380.5,380.5,0.09,4.87,4.91,4.87,4.86,-0.61,78.34,126.44,24.82,
10/3/1996,380.15,379.9,380.15,380.15,0.09,4.9,4.91,4.9,4.89,-0.2,67.17,63.44,64.67,
10/2/1996,379.8,378.5,379.8,379.8,0.28,4.91,4.88,4.91,4.9,0.2,97.43,100.48,83.81,
10/1/1996,378.75,378.45,378.75,378.75,0.05,4.9,4.85,4.9,4.89,0.62,76.2,55.97,86.7,
9/30/1996,378.55,380.4,378.55,378.55,-0.53,4.87,4.9,4.87,4.86,-1.02,73.1,45.55,83.58,
9/27/1996,380.55,381.25,380.55,380.55,-0.21,4.92,4.87,4.92,4.91,0.82,103.41,137.46,80.26,
9/26/1996,381.35,382.55,381.35,381.35,-0.33,4.88,4.9,4.88,4.87,-0.61,91.38,91.1,88.65,
9/25/1996,382.6,383,382.6,382.6,-0.07,4.91,4.92,4.91,4.9,-0.2,72.71,64.44,73.9,
9/24/1996,382.85,381.75,382.85,382.85,0.34,4.92,4.88,4.92,4.91,0.82,110.7,118.85,84.97,
9/23/1996,381.55,380.95,381.55,381.55,0.08,4.88,4.85,4.88,4.87,0.41,57.36,38.12,71.55,
9/20/1996,381.25,383,381.25,381.25,-0.39,4.86,4.94,4.86,4.85,-1.62,81.53,94.11,85.63,
9/19/1996,382.75,383.35,382.75,382.75,-0.16,4.94,5.08,4.94,4.93,-2.76,66.42,74.49,69.04,
9/18/1996,383.35,383,383.35,383.35,0.1,5.08,5.05,5.08,5.07,0.59,72.41,81.21,67.73,
9/17/1996,382.95,383.35,382.95,382.95,-0.1,5.05,5.05,5.05,5.04,-0.2,103.21,88.19,147.12,
9/16/1996,383.35,382.55,383.35,383.35,0.2,5.06,5.03,5.06,5.05,0.4,68.54,22.77,104.48,
9/13/1996,382.6,382.65,382.6,382.6,-0.01,5.04,5.02,5.04,5.03,0.2,98.95,77.2,121.63,
9/12/1996,382.65,382.75,382.65,382.65,-0.05,5.03,5.08,5.03,5.02,-1.18,63.14,41.96,84,
9/11/1996,382.85,383.35,382.85,382.85,-0.09,5.09,5.09,5.09,5.08,-0.2,131.96,108.87,136.21,
9/10/1996,383.2,383.5,383.2,383.2,-0.1,5.1,5.08,5.1,5.09,0.2,104.23,90.35,113.04,
9/9/1996,383.6,385.1,383.6,383.6,-0.43,5.09,5.11,5.09,5.08,-0.78,101.18,78.94,124.37,
9/6/1996,385.25,385.75,385.25,385.25,-0.13,5.13,5.14,5.13,5.12,-0.39,163.44,174.85,152.48,
9/5/1996,385.75,385.85,385.75,385.75,0,5.15,5.17,5.15,5.14,-0.58,140.02,159.53,146.37,
9/4/1996,385.75,386.35,385.75,385.75,-0.19,5.18,5.15,5.18,5.17,0.19,192.15,208.22,187.57,
9/3/1996,386.5,386.75,386.5,386.5,-0.1,5.17,5.18,5.17,5.16,-0.39,191.76,219.84,183.37,
9/2/1996,386.9,386.6,386.9,386.9,0.04,5.19,5.17,5.19,5.18,0,183.11,254.45,129.19,
8/30/1996,386.75,387.75,386.75,386.75,-0.27,5.19,5.2,5.19,5.18,-0.19,120.39,131.63,103.33,
8/29/1996,387.8,388.2,387.8,387.8,-0.09,5.2,5.18,5.2,5.19,0.19,91.9,99.95,76.42,
8/28/1996,388.15,389,388.15,388.15,-0.21,5.19,5.24,5.19,5.18,-1.33,63.62,42.28,70.54,
8/27/1996,388.95,389.45,388.95,388.95,-0.13,5.26,5.28,5.26,5.25,-0.57,51.03,9.25,77.16,
8/26/1996,389.45,388.55,389.45,389.45,0.26,5.29,5.21,5.29,5.28,1.34,82.94,93.02,68.97,
8/23/1996,388.45,387.65,388.45,388.45,0.25,5.22,5.23,5.22,5.21,-0.38,76.64,84.89,77.89,
8/22/1996,387.5,386.8,387.5,387.5,0.17,5.24,5.17,5.24,5.23,0.96,104.17,114.23,129.93,
8/21/1996,386.85,387.7,386.85,386.85,-0.22,5.19,5.21,5.19,5.18,-0.57,100.25,78.21,123.23,
8/20/1996,387.7,387.25,387.7,387.7,0.13,5.22,5.21,5.22,5.21,0,89.53,140.93,70.53,
8/19/1996,387.2,386.35,387.2,387.2,0.19,5.22,5.09,5.22,5.21,2.35,101.15,110.92,100.93,
8/16/1996,386.45,386.65,386.45,386.45,-0.04,5.1,5.09,5.1,5.09,0,54.93,67.4,35.13,
8/15/1996,386.6,386.55,386.6,386.6,-0.01,5.1,5.05,5.1,5.09,0.79,97.43,70.64,125.2,
8/14/1996,386.65,387.85,386.65,386.65,-0.31,5.06,5.09,5.06,5.05,-0.78,68.04,42.39,84.86,
8/13/1996,387.85,387.6,387.85,387.85,0.05,5.1,5.07,5.1,5.09,0.39,134.84,116.5,142.02,
8/12/1996,387.65,387.85,387.65,387.65,0,5.08,5.05,5.08,5.07,0.59,65.78,103.05,46.89,
8/9/1996,387.65,388.45,387.65,387.65,-0.23,5.05,5.09,5.05,5.04,-0.98,116.91,94.97,144.03,
8/8/1996,388.55,388.15,388.55,388.55,0.1,5.1,5.04,5.1,5.09,0.99,160.07,186.17,125.71,
8/7/1996,388.15,388.6,388.15,388.15,-0.1,5.05,5.03,5.05,5.04,0.2,157.74,192.2,174.89,
8/6/1996,388.55,389.1,388.55,388.55,-0.12,5.04,5.07,5.04,5.03,-0.79,134.84,161.31,142.02,
8/5/1996,389,387.1,389,389,0.43,5.08,5.07,5.08,5.07,-0.2,136.34,120.82,151.16,
8/2/1996,387.35,386.35,387.35,387.35,0.27,5.09,5.11,5.09,5.08,-0.59,61.06,68.48,63.47,
8/1/1996,386.3,386.45,386.3,386.3,-0.19,5.12,5.14,5.12,5.11,-0.58,102.4,71.02,125.88,
7/31/1996,387.05,384.55,387.05,387.05,0.64,5.15,5.07,5.15,5.14,1.38,131.23,150.65,145.5,
7/30/1996,384.6,384.5,384.6,384.6,0,5.08,5.06,5.08,5.07,0,141.31,149.17,124.42,
7/29/1996,384.6,385.4,384.6,384.6,-0.17,5.08,5.1,5.08,5.07,-0.59,134.42,143.58,127.75,
7/26/1996,385.25,385.2,385.25,385.25,0.01,5.11,4.99,5.11,5.1,2.2,105.28,97.46,106.3,
7/25/1996,385.2,385.2,385.2,385.2,-0.06,5,5.01,5,4.99,-0.4,94.64,47.18,124.61,
7/24/1996,385.45,384.65,385.45,385.45,0.22,5.02,4.97,5.02,5.01,1.01,120.46,136.1,113.52,
7/23/1996,384.6,384.8,384.6,384.6,-0.06,4.97,5.01,4.97,4.96,-1,83.34,116.31,69.3,
7/22/1996,384.85,384.6,384.85,384.85,0.09,5.02,4.97,5.02,5.01,1.01,117.73,149.38,89,
7/19/1996,384.5,383.85,384.5,384.5,0.17,4.97,5,4.97,4.96,-0.6,101.93,116.13,84.75,
7/18/1996,383.85,383.55,383.85,383.85,0.08,5,4.96,5,4.99,0.6,101.81,101.5,96.76,
7/17/1996,383.55,383.5,383.55,383.55,0.01,4.97,4.95,4.97,4.96,0.2,101.12,56.45,127.8,
7/16/1996,383.5,383.45,383.5,383.5,-0.27,4.96,5.15,4.96,4.95,-3.88,80.5,96.3,66.94,
7/15/1996,384.55,383.5,384.55,384.55,0.29,5.16,5.12,5.16,5.15,0.58,84.34,74.74,109.09,
7/12/1996,383.45,383.5,383.45,383.45,-0.09,5.13,5.13,5.13,5.12,-0.19,59.51,47.46,65.98,
7/11/1996,383.8,382.6,383.8,383.8,0.31,5.14,5.11,5.14,5.13,0.39,117.63,128.61,100.97,
7/10/1996,382.6,382.75,382.6,382.6,0,5.12,5.1,5.12,5.11,0.2,89.75,65.07,115.34,
7/9/1996,382.6,381.2,382.6,382.6,0.34,5.11,5.05,5.11,5.1,0.99,126.49,70.93,151.2,
7/8/1996,381.3,382,381.3,381.3,-0.12,5.06,5.1,5.06,5.05,-0.39,93.38,97.99,81.74,
7/5/1996,381.75,381,381.75,381.75,0.16,5.08,5.08,5.08,5.08,-0.39,86.6,138.14,28.81,
7/4/1996,381.15,381.8,381.15,381.15,-0.14,5.1,5.12,5.1,5.09,-0.39,52.86,43.91,51.28,
7/3/1996,381.7,382.05,381.7,381.7,-0.14,5.12,5.09,5.12,5.11,0.2,59.02,80.9,30.67,
7/2/1996,382.25,381.65,382.25,382.25,0.21,5.11,5.06,5.11,5.1,0.79,96.48,100.77,84.05,
7/1/1996,381.45,380.25,381.45,381.45,0.26,5.07,5.02,5.07,5.06,1,107.65,68.29,130.2,
6/28/1996,380.45,382.25,380.45,380.45,-0.44,5.02,5.01,5.02,5.01,-0.2,112.04,119.14,105.58,
6/27/1996,382.15,383.3,382.15,382.15,-0.29,5.03,5.08,5.03,5.02,-0.98,181.72,241.54,138.51,
6/26/1996,383.25,384.25,383.25,383.25,-0.23,5.08,5.17,5.08,5.07,-1.74,80.79,65.9,85.51,
6/25/1996,384.15,385.1,384.15,384.15,-0.23,5.17,5.16,5.17,5.16,0,125,76.69,159.91,
6/24/1996,385.05,384.9,385.05,385.05,0,5.17,5.13,5.17,5.16,0.39,45.94,27.48,53.49,
6/21/1996,385.05,384.45,385.05,385.05,0.14,5.15,5.14,5.15,5.14,0,118.17,70.68,144.11,
6/20/1996,384.5,384.6,384.5,384.5,0,5.15,5.14,5.15,5.14,0.19,69.33,61.44,64.06,
6/19/1996,384.5,385.75,384.5,384.5,-0.29,5.14,5.19,5.14,5.13,-1.34,115.96,77.07,141.42,
6/18/1996,385.6,385.1,385.6,385.6,0.17,5.21,5.19,5.21,5.2,0.19,62.58,38.99,71.55,
6/17/1996,384.95,384.75,384.95,384.95,0.01,5.2,5.16,5.2,5.19,0,91.77,78.42,109.02,
6/14/1996,384.9,384.35,384.9,384.9,0.08,5.2,5.06,5.2,5.19,2.16,77.94,62.16,84.26,
6/13/1996,384.6,384.55,384.6,384.6,0,5.09,5.09,5.09,5.08,-0.2,83.54,65.18,90.61,
6/12/1996,384.6,384.65,384.6,384.6,0.01,5.1,5.12,5.1,5.09,-0.39,62.78,51.54,79.84,
6/11/1996,384.55,386.15,384.55,384.55,-0.39,5.12,5.19,5.12,5.11,-1.35,65.43,73.39,54.41,
6/10/1996,386.05,386.6,386.05,386.05,0.19,5.19,5.18,5.19,5.18,0,129.54,138.37,115.41,
6/7/1996,385.3,386.4,385.3,385.3,-0.22,5.19,5.21,5.19,5.18,-0.57,75.46,37.61,94.12,
6/6/1996,386.15,386.4,386.15,386.15,-0.08,5.22,5.17,5.22,5.21,0.97,53.99,30.76,64.13,
6/5/1996,386.45,388.25,386.45,386.45,-0.46,5.17,5.2,5.17,5.16,-0.77,54.24,15.45,83.76,
6/4/1996,388.25,390.45,388.25,388.25,-0.59,5.21,5.37,5.21,5.2,-3.16,59.37,78.91,39.49,
6/3/1996,390.55,391.25,390.55,390.55,-0.12,5.38,5.39,5.38,5.37,-0.37,64.23,73.18,53.41,
5/31/1996,391,391.1,391,391,-0.01,5.4,5.33,5.4,5.39,1.12,115.88,143.41,73.1,
5/30/1996,391.05,391.25,391.05,391.05,-0.05,5.34,5.32,5.34,5.33,0.19,61.43,52.49,72.97,
5/29/1996,391.25,391.95,391.25,391.25,-0.06,5.33,5.36,5.33,5.32,-0.74,61.43,43.74,65.67,
5/28/1996,391.5,391.2,391.5,391.5,0.09,5.37,5.32,5.37,5.36,0.75,78.64,107.79,57.22,
5/27/1996,391.15,390.85,391.15,391.15,0.06,5.33,5.31,5.33,5.32,0,100.76,87.9,115.21,
5/24/1996,390.9,391.65,390.9,390.9,-0.17,5.33,5.34,5.33,5.32,0,100.12,121.51,94.11,
5/23/1996,391.55,391.75,391.55,391.55,-0.05,5.33,5.34,5.33,5.32,-0.37,107.55,68.62,128.78,
5/22/1996,391.75,391.35,391.75,391.75,0.08,5.35,5.29,5.35,5.34,0.94,76.44,67.74,84.75,
5/21/1996,391.45,390.95,391.45,391.45,0.15,5.3,5.26,5.3,5.29,0.38,136.56,105.39,161.17,
5/20/1996,390.85,392.05,390.85,390.85,-0.43,5.28,5.32,5.28,5.27,-1.12,106.86,156.99,65.47,
5/17/1996,392.55,392.6,392.55,392.55,-0.04,5.34,5.36,5.34,5.33,-0.56,71.14,88.65,66.55,
5/16/1996,392.7,392.5,392.7,392.7,0,5.37,5.39,5.37,5.36,-0.56,95.89,69.52,108.73,
5/15/1996,392.7,392,392.7,392.7,0.22,5.4,5.38,5.4,5.39,0.19,65.81,69.98,58.37,
5/14/1996,391.85,391.3,391.85,391.85,0.1,5.39,5.37,5.39,5.38,0.19,57.53,38.23,71.75,
5/13/1996,391.45,390.25,391.45,391.45,0.2,5.38,5.35,5.38,5.37,0.37,89.53,126,43.79,
5/10/1996,390.65,393.05,390.65,390.65,-0.56,5.36,5.42,5.36,5.35,-1.29,56.66,60.83,57.99,
5/9/1996,392.85,393.15,392.85,392.85,-0.05,5.43,5.44,5.43,5.42,-0.37,99.72,95.09,93.74,
5/8/1996,393.05,394.15,393.05,393.05,-0.25,5.45,5.48,5.45,5.44,-0.91,66.16,43.97,80.69,
5/7/1996,394.05,393.95,394.05,394.05,0,5.5,5.46,5.5,5.49,0.55,50.54,64.12,38.2,
5/6/1996,394.05,392.65,394.05,394.05,0.41,5.47,5.44,5.47,5.46,0.37,106.68,134.33,74.7,
5/3/1996,392.45,394.1,392.45,392.45,-0.41,5.45,5.39,5.45,5.44,0.93,41.46,45.93,38.31,
5/2/1996,394.05,392.95,394.05,394.05,0.25,5.4,5.38,5.4,5.39,0,61.67,61.48,51.28,
5/1/1996,393.05,391.7,393.05,393.05,0.36,5.4,5.32,5.4,5.39,1.31,92.88,114.64,66.2,
4/30/1996,391.65,390.55,391.65,391.65,0.28,5.33,5.24,5.33,5.32,1.72,125.37,115.37,112.27,
4/29/1996,390.55,390.45,390.55,390.55,0.04,5.24,5.28,5.24,5.23,-0.76,97.24,90.48,97.03,
4/26/1996,390.4,393.45,390.4,390.4,-0.75,5.28,5.37,5.28,5.27,-1.86,129.2,133.95,120.32,
4/25/1996,393.35,390.75,393.35,393.35,0.67,5.38,5.3,5.38,5.37,1.32,95.88,152.93,63.78,
4/24/1996,390.75,391.55,390.75,390.75,-0.14,5.31,5.32,5.31,5.3,-0.38,94.8,73.5,105.1,
4/23/1996,391.3,391.65,391.3,391.3,-0.09,5.33,5.33,5.33,5.32,-0.19,137.31,205.33,85.63,
4/22/1996,391.65,390.25,391.65,391.65,0.27,5.34,5.26,5.34,5.33,1.14,135.08,141.07,117.67,
4/19/1996,390.6,390.45,390.6,390.6,0.04,5.28,5.28,5.28,5.27,-0.19,112.36,149.35,62.29,
4/18/1996,390.45,391.25,390.45,390.45,-0.18,5.29,5.31,5.29,5.28,-0.56,139.08,126.04,140.18,
4/17/1996,391.15,391.35,391.15,391.15,-0.08,5.32,5.31,5.32,5.31,0.19,149.34,153.39,127.94,
4/16/1996,391.45,393.35,391.45,391.45,-0.48,5.31,5.48,5.31,5.3,-3.28,79.54,65.3,101.15,
4/15/1996,393.35,394.55,393.35,393.35,-0.3,5.49,5.5,5.49,5.48,-0.54,96.33,85.36,97.9,
4/12/1996,394.55,395.55,394.55,394.55,-0.23,5.52,5.54,5.52,5.51,-0.54,98.08,106.67,96.39,
4/11/1996,395.45,395.35,395.45,395.45,0.05,5.55,5.51,5.55,5.54,0.91,111.13,127.83,85.3,
4/10/1996,395.25,394.75,395.25,395.25,0.19,5.5,5.46,5.5,5.49,0.55,73.31,91.35,60.96,
4/9/1996,394.5,397.7,394.5,394.5,-0.84,5.47,5.54,5.47,5.46,-1.44,76.8,102.08,59.6,
4/8/1996,397.85,394.9,397.85,397.85,0.79,5.55,5.47,5.55,5.54,2.02,133.67,127.46,144.97,
4/5/1996,394.75,394.9,394.75,394.75,0,5.44,5.53,5.44,5.43,0.18,73.71,60.51,79.32,
4/4/1996,394.75,394.25,394.75,394.75,0.15,5.43,5.51,5.43,5.42,-1.81,77.04,102.4,49.82,
4/3/1996,394.15,393.95,394.15,394.15,0.05,5.53,5.5,5.53,5.52,0.36,81.84,111.65,50.15,
4/2/1996,393.95,394.9,393.95,393.95,-0.25,5.51,5.53,5.51,5.5,-0.54,88.34,132.09,73.45,
4/1/1996,394.95,395.3,394.95,394.95,-0.13,5.54,5.52,5.54,5.53,0.18,152.65,213.06,101.55,
3/29/1996,395.45,396.75,395.45,395.45,-0.26,5.53,5.52,5.53,5.52,0.18,99.25,98.95,103.16,
3/28/1996,396.5,400.25,396.5,396.5,-0.91,5.52,5.67,5.52,5.51,-2.82,88.98,88.71,80.72,
3/27/1996,400.15,400.3,400.15,400.15,-0.01,5.68,5.7,5.68,5.67,-0.35,76,71.31,74.35,
3/26/1996,400.2,398.05,400.2,400.2,0.34,5.7,5.64,5.7,5.69,1.06,33.61,19.14,39.92,
3/25/1996,398.85,398.15,398.85,398.85,0.13,5.64,5.62,5.64,5.63,0,137.36,147.47,114.22,
3/22/1996,398.35,397.95,398.35,398.35,0.09,5.64,5.61,5.64,5.63,0.36,71.37,58.6,76.8,
3/21/1996,398,395.95,398,398,0.52,5.62,5.56,5.62,5.61,0.9,58.48,41.64,76.42,
3/20/1996,395.95,395.3,395.95,395.95,0.15,5.57,5.52,5.57,5.56,0.72,94.52,102.8,71.45,
3/19/1996,395.35,395.55,395.35,395.35,-0.06,5.53,5.55,5.53,5.52,-0.54,59.89,36.74,76.62,
3/18/1996,395.6,396.25,395.6,395.6,-0.15,5.56,5.59,5.56,5.55,-0.71,61.25,61.06,50.93,
3/15/1996,396.2,395.7,396.2,396.2,0.13,5.6,5.58,5.6,5.59,0.36,136.47,148.42,130.68,
3/14/1996,395.7,396.8,395.7,395.7,-0.31,5.58,5.6,5.58,5.57,-0.71,143.27,164.47,122.74,
3/13/1996,396.95,396.6,396.95,396.95,0.1,5.62,5.55,5.62,5.61,1.08,119.01,79.1,173.19,
3/12/1996,396.55,395.7,396.55,396.55,0.25,5.56,5.49,5.56,5.55,1.09,148.12,143.19,141.83,
3/11/1996,395.55,397.45,395.55,395.55,-0.39,5.5,5.5,5.5,5.49,0,122.69,170.17,79.84,
3/8/1996,397.1,395.55,397.1,397.1,0.42,5.5,5.44,5.5,5.49,1.1,149.44,148.98,172.59,
3/7/1996,395.45,393.4,395.45,395.45,0.56,5.44,5.37,5.44,5.43,0.93,126.93,155.12,108.95,
3/6/1996,393.25,393.85,393.25,393.25,-0.09,5.39,5.36,5.39,5.38,0.19,162.34,148.72,160.53,
3/5/1996,393.6,394.1,393.6,393.6,-0.09,5.38,5.38,5.38,5.37,-0.37,170.94,276.35,84.52,
3/4/1996,393.95,398.9,393.95,393.95,-1.2,5.4,5.5,5.4,5.39,-2,141.19,216.55,72.25,
3/1/1996,398.75,399.45,398.75,398.75,-0.25,5.51,5.49,5.51,5.5,-0.18,85.17,35.75,119.27,
2/29/1996,399.75,400.15,399.75,399.75,-0.15,5.52,5.51,5.52,5.51,0,124.11,128,106.76,
2/28/1996,400.35,398.25,400.35,400.35,0.53,5.52,5.45,5.52,5.51,0.73,173.26,98.7,212.68,
2/27/1996,398.25,399.25,398.25,398.25,-0.2,5.48,5.48,5.48,5.47,-0.18,147.02,146.57,160.46,
2/26/1996,399.05,398.05,399.05,399.05,0.2,5.49,5.45,5.49,5.48,0.55,118.69,150.6,71.78,
2/23/1996,398.25,399.55,398.25,398.25,-0.38,5.46,5.53,5.46,5.45,-1.27,132.33,59.58,184.58,
2/22/1996,399.75,402.3,399.75,399.75,-0.62,5.53,5.59,5.53,5.52,-1.07,81.95,68.8,93.25,
2/21/1996,402.25,399.25,402.25,402.25,0.75,5.59,5.54,5.59,5.58,0.72,96.53,87.48,102.15,
2/20/1996,399.25,405.85,399.25,399.25,-1.58,5.55,5.7,5.55,5.54,-2.97,107.38,128.46,89.29,
2/19/1996,405.65,405.65,405.65,405.65,0.05,5.72,5.72,5.72,5.71,0,85.82,51.33,114.18,
2/16/1996,405.45,403.45,405.45,405.45,0.52,5.72,5.64,5.72,5.71,1.42,98.52,106.4,95.57,
2/15/1996,403.35,404.6,403.35,403.35,-0.22,5.64,5.72,5.64,5.63,-1.57,113.5,125.72,97.88,
2/14/1996,404.25,404.05,404.25,404.25,0.09,5.73,5.72,5.73,5.72,0,92.63,43.97,124.7,
2/13/1996,403.9,401.35,403.9,403.9,0.7,5.73,5.66,5.73,5.72,1.24,137.39,142.04,126.94,
2/12/1996,401.1,405.3,401.1,401.1,-1.07,5.66,5.64,5.66,5.65,0,68.79,63.3,61.6,
2/9/1996,405.45,409.65,405.45,405.45,-0.99,5.66,5.68,5.66,5.65,-1.22,87.54,55.12,99.61,
2/8/1996,409.5,408.95,409.5,409.5,0.21,5.73,5.68,5.73,5.72,0.7,106.71,62.06,133.1,
2/7/1996,408.65,412.35,408.65,408.65,-0.91,5.69,5.76,5.69,5.68,-1.39,123.03,90.85,143.98,
2/6/1996,412.4,413.65,412.4,412.4,-0.31,5.77,5.79,5.77,5.76,-0.52,57.96,53.34,51.9,
2/5/1996,413.7,415.6,413.7,413.7,-0.4,5.8,5.85,5.8,5.79,-0.51,67.95,45.16,84.75,
2/2/1996,415.35,413.55,415.35,415.35,0.57,5.83,5.81,5.83,5.82,0.34,122.86,108.87,128.64,
2/1/1996,413,406.4,413,413,1.61,5.81,5.58,5.81,5.8,4.12,82.92,41.33,103.42,
1/31/1996,406.45,404.4,406.45,406.45,0.51,5.58,5.53,5.58,5.57,0.54,50.7,50.55,42.16,
1/30/1996,404.4,406.1,404.4,404.4,-0.41,5.55,5.53,5.55,5.54,0.36,102.91,97.7,114.09,
1/29/1996,406.05,405.9,406.05,406.05,0.05,5.53,5.52,5.53,5.52,0,97.43,97.13,108.02,
1/26/1996,405.85,406.65,405.85,405.85,-0.22,5.53,5.58,5.53,5.52,-0.72,45.44,45.3,45.34,
1/25/1996,406.75,402.75,406.75,406.75,0.91,5.57,5.48,5.57,5.56,1.27,83.55,74.96,83.36,
1/24/1996,403.1,403.45,403.1,403.1,-0.1,5.5,5.54,5.5,5.49,-0.9,67.15,71.4,52.11,
1/23/1996,403.5,403.4,403.5,403.5,0.05,5.55,5.48,5.55,5.54,-0.54,59.73,45.8,68.77,
1/22/1996,403.3,399.25,403.3,403.3,0.98,5.58,5.45,5.58,5.57,2.39,92.88,133.74,51.49,
1/19/1996,399.4,396.25,399.4,399.4,0.67,5.45,5.41,5.45,5.44,0.18,94.51,75.38,117.88,
1/18/1996,396.75,399.65,396.75,396.75,-0.69,5.44,5.49,5.44,5.43,-1.09,161.17,186.05,190.45,
1/17/1996,399.5,399.15,399.5,399.5,0.29,5.5,5.47,5.5,5.49,0.36,99.83,126.67,75.47,
1/16/1996,398.35,396.05,398.35,398.35,0.63,5.48,5.43,5.48,5.47,0.92,128.23,191.75,115.51,
1/15/1996,395.85,396.65,395.85,395.85,-0.09,5.43,5.44,5.43,5.42,-0.37,138.24,163.33,136.24,
1/12/1996,396.2,397.95,396.2,396.2,-0.56,5.45,5.49,5.45,5.44,-1.09,90.23,51.4,114.32,
1/11/1996,398.45,399.75,398.45,398.45,-0.36,5.51,5.58,5.51,5.5,-1.61,100.76,117.19,97.75,
1/10/1996,399.9,396.45,399.9,399.9,0.9,5.6,5.54,5.6,5.59,1.08,87.41,119.25,76.51,
1/9/1996,396.35,396.4,396.35,396.35,-0.06,5.54,5.5,5.54,5.53,0,73,90.97,60.71,
1/8/1996,396.6,395.7,396.6,396.6,0.28,5.54,5.5,5.54,5.53,0.18,121.07,135.18,96.65,
1/5/1996,395.5,394.4,395.5,395.5,0.27,5.53,5.39,5.53,5.52,2.6,92.53,83.02,92.33,
1/4/1996,394.45,394.3,394.45,394.45,0.03,5.39,5.35,5.39,5.38,0.56,93.18,111.47,77.48,
1/3/1996,394.35,390.55,394.35,394.35,0.96,5.36,5.35,5.36,5.35,0.19,40.15,60.04,16.69,
1/2/1996,390.6,387.1,390.6,390.6,0.9,5.35,5.18,5.35,5.34,3.08,74.25,45.55,104.48,
12/29/1995,387.1,386.9,387.1,387.1,0.08,5.19,5.15,5.19,5.18,0.58,81.42,42.72,106.9,
12/28/1995,386.8,386.8,386.8,386.8,0,5.16,5.15,5.16,5.15,0,67.24,71.5,59.64,
12/27/1995,386.8,387.6,386.8,386.8,-0.22,5.16,5.17,5.16,5.15,-0.39,83.04,73.59,92.07,
12/26/1995,387.65,387.35,387.65,387.65,0.04,5.18,5.17,5.18,5.17,0.19,65.99,118.41,21.95,
12/25/1995,387.5,387.5,387.5,387.5,0.06,,,,,,29.93,39.79,16.59,
12/22/1995,387.25,388.1,387.25,387.25,-0.14,5.17,5.15,5.17,5.16,0.19,32.4,8.07,47.14,
12/21/1995,387.8,388.9,387.8,387.8,-0.24,5.16,5.17,5.16,5.15,-0.39,34.87,23.17,45.1,
12/20/1995,388.75,387.45,388.75,388.75,0.35,5.18,5.14,5.18,5.17,0.58,53.8,76.62,25.56,
12/19/1995,387.4,387.9,387.4,387.4,-0.06,5.15,5.18,5.15,5.14,-0.58,75.86,67.22,77.1,
12/18/1995,387.65,386.5,387.65,387.65,0.36,5.18,5.13,5.18,5.17,0.78,68.92,77.3,50.15,
12/15/1995,386.25,386.25,386.25,386.25,0.01,5.14,5.15,5.14,5.13,-0.19,88.76,56.63,100.38,
12/14/1995,386.2,386.45,386.2,386.2,-0.06,5.15,5.12,5.15,5.14,0.39,65.31,57.87,60.34,
12/13/1995,386.45,388.35,386.45,386.45,-0.45,5.13,5.18,5.13,5.12,-0.97,58.63,36.53,67.03,
12/12/1995,388.2,388.4,388.2,388.2,-0.04,5.18,5.22,5.18,5.17,-0.77,89.21,61.87,103.21,
12/11/1995,388.35,389.8,388.35,388.35,-0.35,5.22,5.23,5.22,5.21,-0.19,54.57,32.64,63.53,
12/8/1995,389.7,389,389.7,389.7,0.18,5.23,5.23,5.23,5.22,-0.38,74.93,70.77,72.14,
12/7/1995,389,388.8,389,389,0.08,5.25,5.25,5.25,5.24,-0.19,65.03,53.39,63.61,
12/6/1995,388.7,387.2,388.7,388.7,0.41,5.26,5.24,5.26,5.25,0.19,74.19,96.15,49.35,
12/5/1995,387.1,386,387.1,387.1,0.26,5.25,5.2,5.25,5.24,0.77,67.91,30.09,94.12,
12/4/1995,386.1,386.6,386.1,386.1,-0.03,5.21,5.21,5.21,5.2,0,78.65,73.8,84.64,
12/1/1995,386.2,387.25,386.2,386.2,-0.28,5.21,5.23,5.21,5.2,-0.57,76.23,48.36,86.44,
11/30/1995,387.3,388.8,387.3,387.3,-0.39,5.24,5.18,5.24,5.23,0.96,59.82,74.55,62.18,
11/29/1995,388.8,389.2,388.8,388.8,0.01,5.19,5.24,5.19,5.18,-0.95,53.09,28.23,70.63,
11/28/1995,388.75,385.35,388.75,388.75,0.91,5.24,5.23,5.24,5.23,0.19,70.66,66.3,82.95,
11/27/1995,385.25,383.45,385.25,385.25,0.42,5.23,5.23,5.23,5.22,-0.38,44.11,26.38,51.35,
11/24/1995,383.65,382.75,383.65,383.65,0.21,5.25,5.21,5.25,5.24,0.57,122.98,166.11,92.37,
11/23/1995,382.85,382.8,382.85,382.85,0.01,5.22,5.19,5.22,5.21,0.38,117.34,44.99,157.61,
11/22/1995,382.8,385.3,382.8,382.8,-0.6,5.2,5.3,5.2,5.19,-1.89,105.16,82.37,143.66,
11/21/1995,385.1,386.45,385.1,385.1,-0.38,5.3,5.35,5.3,5.29,-1.12,91.32,91.04,75.94,
11/20/1995,386.55,386.85,386.55,386.55,-0.1,5.36,5.35,5.36,5.35,-0.19,53.86,62.65,44.79,
11/17/1995,386.95,385.5,386.95,386.95,0.31,5.37,5.32,5.37,5.36,0.75,81.4,14.11,129.49,
11/16/1995,385.75,385.25,385.75,385.75,0.19,5.33,5.34,5.33,5.32,-0.37,45.91,14.08,64.6,
11/15/1995,385,385.45,385,385,-0.14,5.35,5.33,5.35,5.34,0.38,63.56,52.18,68.4,
11/14/1995,385.55,387.4,385.55,385.55,-0.44,5.33,5.32,5.33,5.32,0,126.96,107.39,140.76,
11/13/1995,387.25,388.9,387.25,387.25,-0.51,5.33,5.43,5.33,5.32,-2.2,141.45,109.17,159.35,
11/10/1995,389.24,385.85,389.24,389.24,0.9,5.45,5.38,5.45,5.44,1.11,72.8,50.81,96.86,
11/9/1995,385.75,385.05,385.75,385.75,0.17,5.39,5.37,5.39,5.38,0.37,61.95,72.66,42.42,
11/8/1995,385.1,384.75,385.1,385.1,0.06,5.37,5.36,5.37,5.36,0,87.94,83.5,83.58,
11/7/1995,384.85,382.35,384.85,384.85,0.6,5.37,5.28,5.37,5.36,1.51,94.98,110.47,72.4,
11/6/1995,382.55,382.65,382.55,382.55,0.05,5.29,5.29,5.29,5.28,-0.19,101.72,88.18,110.33,
11/3/1995,382.35,382.9,382.35,382.35,-0.1,5.3,5.33,5.3,5.29,-0.75,79.9,132.76,33.22,
11/2/1995,382.75,382.4,382.75,382.75,0.1,5.34,5.31,5.34,5.33,0.38,87.08,104.18,69.51,
11/1/1995,382.35,382.55,382.35,382.35,-0.05,5.32,5.34,5.32,5.31,-0.56,49.56,68.4,38.04,
10/31/1995,382.55,382.15,382.55,382.55,0.1,5.35,5.33,5.35,5.34,0.19,44.67,61.66,34.29,
10/30/1995,382.15,382.1,382.15,382.15,-0.04,5.34,5.32,5.34,5.33,0.38,114.23,89.47,115.34,
10/27/1995,382.3,382.65,382.3,382.3,-0.09,5.32,5.41,5.32,5.31,-2.03,63.22,69.32,52.57,
10/26/1995,382.65,382.9,382.65,382.65,-0.03,5.43,5.44,5.43,5.42,-0.18,66.77,88.75,61.69,
10/25/1995,382.75,382.4,382.75,382.75,0.1,5.44,5.36,5.44,5.43,1.49,48.01,13.67,68.43,
10/24/1995,382.35,382.5,382.35,382.35,-0.01,5.36,5.35,5.36,5.35,0,44.67,34.26,51.43,
10/23/1995,382.4,382.2,382.4,382.4,0.01,5.36,5.35,5.36,5.35,-0.19,23.63,23.56,19.65,
10/20/1995,382.35,382.05,382.35,382.35,0.1,5.37,5.33,5.37,5.36,0.56,63.7,76.21,68.86,
10/19/1995,381.95,383.6,381.95,381.95,-0.47,5.34,5.35,5.34,5.33,-0.37,80.56,64.25,80.38,
10/18/1995,383.75,383.7,383.75,383.75,0,5.36,5.34,5.36,5.35,0.19,106.11,85.95,110.29,
10/17/1995,383.75,383.85,383.75,383.75,0,5.35,5.35,5.35,5.34,0,60.49,56.75,59.17,
10/16/1995,383.75,384.25,383.75,383.75,-0.09,5.35,5.38,5.35,5.34,-0.74,109.47,153.6,80.92,
10/13/1995,384.1,384.55,384.1,384.1,-0.12,5.39,5.37,5.39,5.38,0,63.7,70.56,52.97,
10/12/1995,384.55,384.75,384.55,384.55,-0.03,5.39,5.43,5.39,5.39,-0.92,60.97,81.04,39.43,
10/11/1995,384.65,384.95,384.65,384.65,-0.09,5.44,5.43,5.44,5.43,0,73.46,53.26,77.75,
10/10/1995,385,385.2,385,385,-0.05,5.44,5.45,5.44,5.43,-0.37,92.32,110.45,67.56,
10/9/1995,385.2,383.45,385.2,385.2,0.46,5.46,5.36,5.46,5.45,1.49,64.56,56.31,67.1,
10/6/1995,383.45,382.55,383.45,383.45,0.22,5.38,5.3,5.38,5.37,1.32,41.57,38.25,58.49,
10/5/1995,382.6,382.9,382.6,382.6,-0.07,5.31,5.34,5.31,5.3,-0.75,48.21,61.79,34.36,
10/4/1995,382.85,382.4,382.85,382.85,0.12,5.35,5.27,5.35,5.34,0.94,96.72,103.31,80.42,
10/3/1995,382.4,382.2,382.4,382.4,0.12,5.3,5.31,5.3,5.29,-0.38,58.18,40.94,62.6,
10/2/1995,381.95,383.3,381.95,381.95,-0.43,5.32,5.46,5.32,5.31,-3.1,80.98,92.27,70.55,
9/29/1995,383.6,383.45,383.6,383.6,0.07,5.49,5.5,5.49,5.48,-0.36,60.29,33.39,72.41,
9/28/1995,383.35,383.4,383.35,383.35,0.03,5.51,5.45,5.51,5.5,0.73,67.97,78.46,59.49,
9/27/1995,383.25,383.65,383.25,383.25,-0.13,5.47,5.5,5.47,5.46,-0.55,37.26,37.15,30.98,
9/26/1995,383.75,383.05,383.75,383.75,0.21,5.5,5.43,5.5,5.49,0.92,89.42,93.02,96.99,
9/25/1995,382.95,382.8,382.95,382.95,0.05,5.45,5.42,5.45,5.44,0.18,39.18,43.4,36.2,
9/22/1995,382.75,384,382.75,382.75,-0.36,5.44,5.5,5.44,5.43,-1.27,60.67,40.32,73.99,
9/21/1995,384.15,384,384.15,384.15,0.01,5.51,5.41,5.51,5.5,1.29,55.15,58.64,67.26,
9/20/1995,384.1,385.4,384.1,384.1,-0.3,5.44,5.5,5.44,5.43,-1.27,91.91,91.63,101.9,
9/19/1995,385.25,385.85,385.25,385.25,-0.13,5.51,5.56,5.51,5.5,-0.9,57.11,53.14,63.32,
9/18/1995,385.75,385.15,385.75,385.75,0.16,5.56,5.49,5.56,5.55,1.28,86.69,100.07,75.88,
9/15/1995,385.15,384.4,385.15,385.15,-0.05,5.49,5.52,5.49,5.48,-0.72,49.55,56.45,47.09,
9/14/1995,385.35,384.4,385.35,385.35,0.27,5.53,5.42,5.53,5.52,1.65,75.11,82.37,74.95,
9/13/1995,384.3,384.8,384.3,384.3,-0.17,5.44,5.53,5.44,5.43,-1.63,87.65,58.26,103.26,
9/12/1995,384.95,382.6,384.95,384.95,0.61,5.53,5.52,5.53,5.52,0.18,70.3,74.21,61.9,
9/11/1995,382.6,381.75,382.6,382.6,0.25,5.52,5.39,5.52,5.51,2.41,101.86,114.79,95.74,
9/8/1995,381.65,382.6,381.65,381.65,-0.2,5.39,5.45,5.39,5.38,-1.1,80.97,42.11,111.23,
9/7/1995,382.4,380.05,382.4,382.4,0.61,5.45,5.33,5.45,5.44,2.06,104.33,81.72,117.74,
9/6/1995,380.1,379.7,380.1,380.1,0.01,5.34,5.23,5.34,5.33,1.71,66.8,54.84,78.42,
9/5/1995,380.05,379.75,380.05,380.05,0.07,5.25,5.3,5.25,5.24,-1.13,105.09,127.54,83.58,
9/4/1995,379.8,380.65,379.8,379.8,-0.28,5.31,5.3,5.31,5.3,-0.19,114.98,98.25,136.59,
9/1/1995,380.85,382.4,380.85,380.85,-0.42,5.32,5.34,5.32,5.31,-0.56,70.09,73.55,67.48,
8/31/1995,382.45,381.5,382.45,382.45,0.24,5.35,5.29,5.35,5.34,1.13,106.35,94.24,111.36,
8/30/1995,381.55,382.05,381.55,381.55,-0.14,5.29,5.45,5.29,5.27,-3.47,116.16,135.77,106.58,
8/29/1995,382.1,383.25,382.1,382.1,-0.3,5.48,5.61,5.48,5.47,-2.66,87.66,45.99,122.76,
8/28/1995,383.25,383.15,383.25,383.25,0.05,5.63,5.59,5.63,5.62,0.36,88.99,69,98.67,
8/25/1995,383.05,383.45,383.05,383.05,-0.07,5.61,5.59,5.61,5.6,0,82.62,47.06,104.68,
8/24/1995,383.3,383.45,383.3,383.3,-0.01,5.61,5.63,5.61,5.6,-0.71,71.84,63.66,79.65,
8/23/1995,383.35,383.2,383.35,383.35,0.03,5.65,5.66,5.65,5.64,-0.35,114.96,118.85,113.3,
8/22/1995,383.25,384.7,383.25,383.25,-0.36,5.67,5.8,5.67,5.66,-2.41,82.38,121.03,72.11,
8/21/1995,384.65,384.95,384.65,384.65,-0.06,5.81,5.7,5.81,5.8,1.75,96.44,67.3,136.32,
8/18/1995,384.9,384.65,384.9,384.9,0.12,5.71,5.72,5.71,5.7,1.24,164.36,109.24,210.27,
8/17/1995,384.45,382.6,384.45,384.45,0.46,5.64,5.38,5.64,5.63,4.83,106.22,70.6,137.4,
8/16/1995,382.7,385,382.7,382.7,-0.64,5.38,5.34,5.38,5.38,0.37,113.53,137.43,87.66,
8/15/1995,385.15,384.4,385.15,385.15,0.2,5.36,5.39,5.36,5.35,-0.56,119.57,123.62,154.66,
8/14/1995,384.4,383.65,384.4,384.4,0.21,5.39,5.24,5.39,5.38,2.47,171.95,211.76,168.21,
8/11/1995,383.6,384.3,383.6,383.6,-0.22,5.26,5.3,5.26,5.26,-1.13,122.54,70.93,157.78,
8/10/1995,384.45,384.7,384.45,384.45,-0.06,5.32,5.27,5.32,5.31,0.76,111.1,73.84,143.71,
8/9/1995,384.7,384.65,384.7,384.7,0.03,5.28,5.28,5.28,5.27,-0.19,126.93,163.28,108.95,
8/8/1995,384.6,384,384.6,384.6,0.18,5.29,5.2,5.29,5.28,1.54,119.41,141.09,88.26,
8/7/1995,383.9,383.45,383.9,383.9,0.04,5.21,5.16,5.21,5.2,0.58,140.04,115.53,152.58,
8/4/1995,383.75,384.25,383.75,383.75,-0.16,5.18,5.17,5.18,5.17,0.19,130.51,153.06,153.21,
8/3/1995,384.35,383.05,384.35,384.35,0.35,5.17,5.11,5.17,5.16,0.98,103.65,99.2,103.42,
8/2/1995,383,383.2,383,383,-0.03,5.12,5.15,5.12,5.11,-0.97,116.3,79.96,180.08,
8/1/1995,383.1,382.55,383.1,383.1,0.13,5.17,5.04,5.17,5.16,2.38,105.16,122.31,80.16,
7/31/1995,382.6,383.15,382.6,382.6,-0.17,5.05,5.08,5.05,5.04,-0.59,158.6,180.7,173.33,
7/28/1995,383.25,383.5,383.25,383.25,-0.05,5.08,5.11,5.08,5.07,-0.59,134.03,68.72,178.33,
7/27/1995,383.45,386.5,383.45,383.45,-0.79,5.11,5.21,5.11,5.1,-1.92,161.79,129.03,201.8,
7/26/1995,386.5,386.05,386.5,386.5,0.14,5.21,5.16,5.21,5.2,0.77,172.4,196.42,163.84,
7/25/1995,385.95,386.95,385.95,385.95,-0.28,5.17,5.18,5.17,5.16,-0.39,141.05,127.83,156.38,
7/24/1995,387.05,386.35,387.05,387.05,0.18,5.19,5.19,5.19,5.18,-0.38,159.64,119.36,199.12,
7/21/1995,386.35,385.95,386.35,386.35,0.13,5.21,5.14,5.21,5.2,1.36,109.91,90.68,138.67,
7/20/1995,385.85,388.15,385.85,385.85,-0.62,5.14,5.19,5.14,5.13,-1.34,119.44,111.14,132.43,
7/19/1995,388.25,389.25,388.25,388.25,-0.27,5.21,5.31,5.21,5.2,-2.25,134.66,122.74,140.76,
7/18/1995,389.3,389.2,389.3,389.3,0.03,5.33,5.35,5.33,5.32,-0.56,97.43,102.24,93.81,
7/17/1995,389.2,388.6,389.2,389.2,0.1,5.36,5.23,5.36,5.35,2.1,185.39,175.09,186.61,
7/14/1995,388.8,388.45,388.8,388.8,0.09,5.25,5.2,5.25,5.24,0.77,91.07,68.09,113.59,
7/13/1995,388.45,389.05,388.45,388.45,-0.08,5.21,5.25,5.21,5.2,-0.76,89.63,69.93,123.14,
7/12/1995,388.75,385.85,388.75,388.75,0.76,5.25,5.16,5.25,5.24,1.55,121.6,102.85,128.69,
7/11/1995,385.8,385.7,385.8,385.8,0.03,5.17,5.15,5.17,5.16,0.19,78.77,74.4,82.74,
7/10/1995,385.7,385.8,385.7,385.7,0,5.16,5.17,5.16,5.15,-0.19,104.08,153.39,67.73,
7/7/1995,385.7,384.75,385.7,385.7,0.31,5.17,5.12,5.17,5.16,0.98,87.47,91,88.55,
7/6/1995,384.5,384.1,384.5,384.5,0.13,5.12,5.07,5.12,5.11,0.99,78.18,73.84,75.28,
7/5/1995,384,384.8,384,384,-0.17,5.07,5.06,5.07,5.06,-0.2,59.64,45.74,61.04,
7/4/1995,384.65,384.65,384.65,384.65,-0.03,5.08,5.08,5.08,5.07,-0.2,118.66,128.15,115.11,
7/3/1995,384.75,384.65,384.75,384.75,0.09,5.09,5.05,5.09,5.08,0.79,37.95,21.62,45.08,
6/30/1995,384.4,388.05,384.4,384.4,-0.93,5.05,5.31,5.05,5.04,-5.08,80.7,65.83,91.51,
6/29/1995,388,387.2,388,388,0.25,5.32,5.23,5.32,5.31,1.33,118.04,110.32,116.56,
6/28/1995,387.05,389.15,387.05,387.05,-0.55,5.25,5.33,5.25,5.24,-1.5,58.05,28.94,72.41,
6/27/1995,389.2,389.15,389.2,389.2,-0.06,5.33,5.3,5.33,5.33,0.38,67.68,71.45,52.97,
6/26/1995,389.45,390,389.45,389.45,-0.12,5.31,5.36,5.31,5.3,-1.12,83.51,64.75,84.87,
6/23/1995,389.9,389.7,389.9,389.9,0.01,5.37,5.36,5.37,5.36,-0.19,83.91,65.47,103.14,
6/22/1995,389.85,390.45,389.85,389.85,-0.13,5.38,5.44,5.38,5.37,-1.65,136.24,124.18,142.42,
6/21/1995,390.35,390.5,390.35,390.35,-0.08,5.47,5.47,5.47,5.46,-0.18,120.73,112.84,125.49,
6/20/1995,390.65,391.25,390.65,390.65,-0.15,5.48,5.49,5.48,5.47,-0.36,124.12,92.81,148.37,
6/19/1995,391.25,390.05,391.25,391.25,0.36,5.5,5.42,5.5,5.49,1.29,138.41,147.18,161.13,
6/16/1995,389.85,391.25,389.85,389.85,-0.28,5.43,5.44,5.43,5.42,-0.37,136.6,181.57,94.66,
6/15/1995,390.95,387.75,390.95,390.95,0.79,5.45,5.32,5.45,5.44,2.44,151.89,187.47,144.34,
6/14/1995,387.9,386.45,387.9,387.9,0.39,5.32,5.35,5.32,5.31,-0.75,154.51,90.17,188.02,
6/13/1995,386.4,387.2,386.4,386.4,-0.21,5.36,5.38,5.36,5.35,-0.37,103.15,71.19,125.35,
6/12/1995,387.2,387.95,387.2,387.2,-0.19,5.38,5.42,5.38,5.37,-1.47,77.24,51.33,85.63,
6/9/1995,387.95,386.35,387.95,387.95,0.38,5.46,5.32,5.46,5.45,2.63,134.63,70.64,188.54,
6/8/1995,386.5,385.75,386.5,386.5,0.1,5.32,5.36,5.32,5.31,-0.93,76.19,50.64,90.51,
6/7/1995,386.1,384.6,386.1,386.1,0.42,5.37,5.29,5.37,5.36,1.32,111.26,57.25,155.18,
6/6/1995,384.5,384.2,384.5,384.5,0.05,5.3,5.32,5.3,5.29,-0.56,85.44,77.43,96.88,
6/5/1995,384.3,383.55,384.3,384.3,0.2,5.33,5.22,5.33,5.32,1.72,140.09,126.15,157.83,
6/2/1995,383.55,384.35,383.55,383.55,-0.23,5.24,5.35,5.24,5.23,-2.24,128.57,82.94,157.22,
6/1/1995,384.45,384.05,384.45,384.45,0.09,5.36,5.29,5.36,5.35,0.94,159.03,92.81,206.43,
5/31/1995,384.1,384.55,384.1,384.1,-0.04,5.31,5.27,5.31,5.3,0.19,134.88,110.74,164.94,
5/30/1995,384.25,386.95,384.25,384.25,-0.71,5.3,5.47,5.3,5.29,-3.28,148.53,125.63,202.1,
5/29/1995,387,385.75,387,387,0.32,5.48,5.45,5.48,5.47,0.55,102.34,107.39,134.37,
5/26/1995,385.75,385.3,385.75,385.75,0.09,5.45,5.46,5.45,5.44,-0.55,74.32,84.68,76.51,
5/25/1995,385.4,384,385.4,385.4,0.36,5.48,5.5,5.48,5.47,-0.54,71.16,63.85,76.92,
5/24/1995,384,383.2,384,384,0.26,5.51,5.4,5.51,5.51,1.66,90.24,67.47,106.3,
5/23/1995,383,381.45,383,383,0.27,5.42,5.28,5.42,5.41,2.26,89.53,85.37,84.16,
5/22/1995,381.95,382.3,381.95,381.95,-0.08,5.3,5.35,5.3,5.29,-1.67,76.1,26.78,104.22,
5/19/1995,382.25,383.35,382.25,382.25,-0.27,5.39,5.4,5.39,5.38,-0.55,94.64,62.9,116.59,
5/18/1995,383.3,383.25,383.3,383.3,0.01,5.42,5.36,5.42,5.41,0.74,76.53,36.33,96.97,
5/17/1995,383.25,384.5,383.25,383.25,-0.33,5.38,5.41,5.38,5.37,-0.74,76.24,83.6,57.06,
5/16/1995,384.5,383.5,384.5,384.5,-0.04,5.42,5.43,5.42,5.41,-0.37,59.72,39.69,72.84,
5/15/1995,384.65,383.55,384.65,384.65,0.3,5.44,5.32,5.44,5.43,2.06,69.2,36.8,92.07,
5/12/1995,383.5,383.3,383.5,383.5,0.07,5.33,5.33,5.33,5.32,-0.19,88.28,83.82,104.87,
5/11/1995,383.25,383.95,383.25,383.25,-0.14,5.34,5.43,5.34,5.33,-1.66,91.33,63.04,122.68,
5/10/1995,383.8,383.7,383.8,383.8,0.07,5.43,5.5,5.43,5.42,-1.45,81.24,66.27,92.12,
5/9/1995,383.55,389.65,383.55,383.55,-1.55,5.51,5.95,5.51,5.5,-7.86,85.04,80.74,87.55,
5/8/1995,389.6,390.25,389.6,389.6,-0.37,5.98,6.03,5.98,5.97,-1.16,104.86,114.04,95.12,
5/5/1995,391.05,391.45,391.05,391.05,-0.05,6.05,6.09,6.05,6.04,-0.82,88.59,107.52,64.06,
5/4/1995,391.25,389.85,391.25,391.25,0.42,6.1,6,6.1,6.08,1.67,82.28,78.46,77.34,
5/3/1995,389.6,389.35,389.6,389.6,0.12,6,5.92,6,5.99,1.35,152.65,136.96,165.02,
5/2/1995,389.15,388.05,389.15,389.15,0.32,5.92,5.85,5.92,5.91,1.2,124.42,124.03,122.85,
5/1/1995,387.9,386.5,387.9,387.9,0.3,5.85,5.71,5.85,5.84,2.09,169.67,193.31,194.83,
4/28/1995,386.75,389.5,386.75,386.75,-0.64,5.73,5.87,5.73,5.72,-2.05,75.37,78.71,65.65,
4/27/1995,389.25,386.25,389.25,389.25,0.78,5.85,5.59,5.85,5.84,4.46,62.96,76.72,58.17,
4/26/1995,386.25,390.1,386.25,386.25,-0.97,5.6,5.71,5.6,5.59,-2.1,92.91,135.37,41.6,
4/25/1995,390.05,390.7,390.05,390.05,-0.08,5.72,5.67,5.72,5.71,0.88,88.63,103.08,85.98,
4/24/1995,390.35,390.85,390.35,390.35,0.08,5.67,5.7,5.67,5.66,-0.35,94.77,154.6,50.15,
4/21/1995,390.05,392.05,390.05,390.05,-0.47,5.69,5.7,5.69,5.68,-0.18,212.9,273.4,168.03,
4/20/1995,391.9,394.3,391.9,391.9,-0.65,5.7,5.73,5.7,5.69,-1.21,166.9,217.02,132.75,
4/19/1995,394.45,396.25,394.45,394.45,-0.45,5.77,5.96,5.77,5.76,-4.63,107.89,47.8,146.2,
4/18/1995,396.25,393.45,396.25,396.25,0.67,6.05,5.69,6.05,6.03,6.14,108.47,83.18,124.89,
4/17/1995,393.6,390.9,393.6,393.6,0.54,5.7,5.52,5.7,5.69,2.7,142.7,101.61,161.03,
4/14/1995,391.5,390.5,391.5,391.5,0.41,5.55,5.36,5.55,5.45,3.35,99.68,99.38,95.64,
4/13/1995,389.9,389.85,389.9,389.9,-0.01,5.37,5.32,5.37,5.36,0.75,92.11,56.51,106.06,
4/12/1995,389.95,390.55,389.95,389.95,-0.09,5.33,5.35,5.33,5.32,-0.37,101.52,82.47,100.05,
4/11/1995,390.3,389.55,390.3,390.3,0.19,5.35,5.25,5.35,5.34,1.9,67.6,42.12,84.32,
4/10/1995,389.55,392.25,389.55,389.55,-0.79,5.25,5.36,5.25,5.24,-2.42,92.13,135.77,53.29,
4/7/1995,392.65,393.55,392.65,392.65,-0.18,5.38,5.42,5.38,5.37,-0.92,101.7,94.15,96.65,
4/6/1995,393.35,394.75,393.35,393.35,-0.34,5.43,5.44,5.43,5.42,-0.37,110.54,63.99,142.32,
4/5/1995,394.7,392,394.7,394.7,0.74,5.45,5.3,5.45,5.44,2.83,119.78,97.02,124.5,
4/4/1995,391.8,392.15,391.8,391.8,-0.08,5.3,5.28,5.3,5.29,0,94.41,73.66,102.4,
4/3/1995,392.1,391.25,392.1,392.1,0.35,5.3,5.3,5.3,5.29,0,71.24,71.02,66.64,
3/31/1995,390.75,385.95,390.75,390.75,1.3,5.3,5.19,5.3,5.29,1.92,93.56,89.81,86.44,
3/30/1995,385.75,382.15,385.75,385.75,0.94,5.2,4.75,5.2,5.18,9.24,80.62,55.91,99.1,
3/29/1995,382.15,382.55,382.15,382.15,-0.12,4.76,4.74,4.76,4.76,0.21,106.12,113.35,94.55,
3/28/1995,382.6,381.9,382.6,382.6,0.18,4.75,4.59,4.75,4.74,2.59,117.01,88.49,147.62,
3/27/1995,381.9,382.4,381.9,381.9,-0.01,4.63,4.62,4.63,4.62,0,91.26,81.88,106.23,
3/24/1995,381.95,383.7,381.95,381.95,-0.49,4.63,4.69,4.63,4.62,-1.49,136.03,117.29,134.52,
3/23/1995,383.85,382.55,383.85,383.85,0.33,4.7,4.65,4.7,4.69,0.86,150.57,125.67,157.23,
3/22/1995,382.6,382.2,382.6,382.6,0.17,4.66,4.61,4.66,4.65,1.08,119.88,151.38,99.68,
3/21/1995,381.95,382.65,381.95,381.95,-0.21,4.61,4.69,4.61,4.6,-1.91,138.02,178.07,94.52,
3/20/1995,382.75,383.6,382.75,382.75,-0.17,4.7,4.72,4.7,4.69,-0.84,108.46,135.16,90.19,
3/17/1995,383.4,384.45,383.4,383.4,-0.26,4.74,4.74,4.74,4.73,0,50.68,50.53,48.17,
3/16/1995,384.4,386.55,384.4,384.4,-0.52,4.74,4.75,4.74,4.73,-0.42,44.49,47.76,39.84,
3/15/1995,386.4,386,386.4,386.4,0.17,4.76,4.71,4.76,4.75,1.06,99.11,45.6,133.13,
3/14/1995,385.75,385.05,385.75,385.75,0.19,4.71,4.71,4.71,4.7,-0.21,80.24,76.18,76.25,
3/13/1995,385,382.55,385,385,0.82,4.72,4.6,4.72,4.71,2.61,88.73,84.24,91.35,
3/10/1995,381.85,381,381.85,381.85,0.12,4.6,4.6,4.6,4.59,-0.43,71.86,85.96,59.75,
3/9/1995,381.4,379.7,381.4,381.4,0.39,4.62,4.55,4.62,4.61,1.32,92.81,106.76,71.24,
3/8/1995,379.9,383.7,379.9,379.9,-1.05,4.56,4.69,4.56,4.55,-2.98,81.49,77.7,76.6,
3/7/1995,383.95,379.05,383.95,383.95,1.33,4.7,4.5,4.7,4.69,4.68,65.35,65.15,54.34,
3/6/1995,378.9,376.85,378.9,378.9,0.6,4.49,4.4,4.49,4.48,1.81,112.77,93.68,117.21,
3/3/1995,376.65,376.65,376.65,376.65,0,4.41,4.43,4.41,4.4,-0.68,54.01,50.25,53.89,
3/2/1995,376.65,374.75,376.65,376.65,0.47,4.44,4.37,4.44,4.43,1.14,46.45,42.75,41.6,
3/1/1995,374.9,377.2,374.9,374.9,-0.52,4.39,4.53,4.39,4.38,-3.09,81.84,78.04,71.01,
2/28/1995,376.85,376.45,376.85,376.85,0.13,4.53,4.5,4.53,4.52,0.67,65.63,30.79,83.47,
2/27/1995,376.35,377,376.35,376.35,-0.07,4.5,4.64,4.5,4.49,-3.02,49.63,41.23,48.14,
2/24/1995,376.6,379.2,376.6,376.6,-0.69,4.64,4.81,4.64,4.63,-3.73,100.27,66.64,117.34,
2/23/1995,379.2,379.5,379.2,379.2,-0.08,4.82,4.84,4.82,4.81,-0.41,75.94,79.31,66.16,
2/22/1995,379.5,378.55,379.5,379.5,0.3,4.84,4.73,4.84,4.83,1.89,94.2,117.38,71.8,
2/21/1995,378.35,379.4,378.35,378.35,-0.28,4.75,4.77,4.75,4.74,-0.84,120.23,107.46,131,
2/20/1995,379.4,378.9,379.4,379.4,0.25,4.79,4.78,4.79,4.78,0.21,100.54,137.16,61.6,
2/17/1995,378.45,376.6,378.45,378.45,0.54,4.78,4.73,4.78,4.77,0.84,84.67,98.47,76.27,
2/16/1995,376.4,376.35,376.4,376.4,0.01,4.74,4.73,4.74,4.73,-0.21,78.28,49.66,112.43,
2/15/1995,376.35,376.35,376.35,376.35,0.07,4.75,4.76,4.75,4.74,-0.21,96.86,84.97,103.09,
2/14/1995,376.1,375.25,376.1,376.1,0.17,4.76,4.73,4.76,4.76,0.42,73.61,89.69,47.61,
2/13/1995,375.45,376.25,375.45,375.45,-0.15,4.74,4.75,4.74,4.73,-0.63,82.36,91.23,60.87,
2/10/1995,376,376,376,376,-0.01,4.77,4.76,4.77,4.76,0.21,102.74,105.96,88.38,
2/9/1995,376.05,375.6,376.05,376.05,0.11,4.76,4.71,4.76,4.75,0.85,86.7,93.63,72.09,
2/8/1995,375.65,374.55,375.65,375.65,0.31,4.72,4.67,4.72,4.72,1.07,62.06,85.07,38.7,
2/7/1995,374.5,375.7,374.5,374.5,-0.31,4.67,4.71,4.67,4.67,-1.06,83.34,74.77,76.23,
2/6/1995,375.65,375.65,375.65,375.65,-0.08,4.72,4.67,4.72,4.71,1.07,88.22,114.33,73.36,
2/3/1995,375.95,376.3,375.95,375.95,-0.13,4.67,4.71,4.67,4.66,-1.06,47.48,43.69,48.59,
2/2/1995,376.45,376.1,376.45,376.45,0.08,4.72,4.68,4.72,4.71,0.64,54.07,43.12,53.95,
2/1/1995,376.15,375,376.15,376.15,0.29,4.69,4.65,4.69,4.68,0.43,76.84,102.14,56.79,
1/31/1995,375.05,376.9,375.05,375.05,-0.48,4.67,4.72,4.67,4.66,-1.27,124.62,104.2,127.03,
1/30/1995,376.85,376.95,376.85,376.85,-0.04,4.73,4.67,4.73,4.72,1.07,131.1,130.7,109.02,
1/27/1995,377,381.55,377,377,-1.21,4.68,4.79,4.68,4.67,-2.5,56.32,56.15,58.54,
1/26/1995,381.6,380.9,381.6,381.6,0.2,4.8,4.78,4.8,4.79,0.42,47.64,58.45,42.66,
1/25/1995,380.85,381.55,380.85,380.85,-0.2,4.78,4.83,4.78,4.77,-1.24,88.39,76.62,102.26,
1/24/1995,381.6,381.4,381.6,381.6,0.12,4.84,4.82,4.84,4.83,0.41,90.19,106.26,81.82,
1/23/1995,381.15,385.45,381.15,381.15,-0.99,4.82,4.92,4.82,4.81,-2.03,84.26,106.1,88.5,
1/20/1995,384.95,383.05,384.95,384.95,0.44,4.92,4.89,4.92,4.91,0.61,68.49,71.87,53.95,
1/19/1995,383.25,382.25,383.25,383.25,0.25,4.89,4.89,4.89,4.88,0,75.29,42.89,101.36,
1/18/1995,382.3,380.25,382.3,382.3,0.51,4.89,4.87,4.89,4.88,0.2,96.95,72.49,100.77,
1/17/1995,380.35,377.75,380.35,380.35,0.69,4.88,4.82,4.88,4.87,1.04,69.87,49.17,75.18,
1/16/1995,377.75,379.1,377.75,377.75,-0.22,4.83,4.81,4.83,4.82,0.21,100.65,122.15,80.05,
1/13/1995,378.6,380.2,378.6,378.6,-0.42,4.82,4.84,4.82,4.81,-0.41,76.55,41.63,109.95,
1/12/1995,380.2,376.5,380.2,380.2,0.97,4.84,4.73,4.84,4.84,2.11,81.46,101.51,62.09,
1/11/1995,376.55,374.7,376.55,376.55,0.49,4.74,4.68,4.74,4.73,1.07,101.56,93.46,110.44,
1/10/1995,374.7,373.5,374.7,374.7,0.38,4.69,4.68,4.69,4.68,0.21,83.41,71.27,92.48,
1/9/1995,373.3,371.6,373.3,373.3,0.36,4.68,4.62,4.68,4.67,0.86,134.84,125.46,134.55,
1/6/1995,371.95,375.8,371.95,371.95,-0.96,4.64,4.7,4.64,4.63,-1.49,88.59,76.8,89.68,
1/5/1995,375.55,375,375.55,375.55,0.27,4.71,4.61,4.71,4.7,1.95,98.66,121.05,75.73,
1/4/1995,374.55,379.75,374.55,374.55,-1.36,4.62,4.74,4.62,4.61,-2.74,87.29,64.12,91.69,
1/3/1995,379.7,383.25,379.7,379.7,-0.9,4.75,4.89,4.75,4.74,-2.86,112.21,80.55,126.9,
1/2/1995,383.15,383.15,383.15,383.15,0.08,4.89,4.88,4.89,4.88,0,69.98,46.51,87.29,
12/30/1994,382.85,382.55,382.85,382.85,0.08,4.89,4.87,4.89,4.88,0.2,92.57,64.2,120.49,
12/29/1994,382.55,383.45,382.55,382.55,-0.34,4.88,4.9,4.88,4.87,-0.61,59.37,71.02,46.07,
12/28/1994,383.85,381.55,383.85,383.85,0.59,4.91,4.79,4.91,4.9,2.29,130.52,107.69,127.25,
12/27/1994,381.6,381.1,381.6,381.6,0.16,4.8,4.76,4.8,4.79,0.63,140.53,220.16,125.2,
12/26/1994,381,381,381,381,0.17,,,,,,151,225.8,109.87,
12/23/1994,380.35,380.95,380.35,380.35,-0.16,4.77,4.76,4.77,4.76,-0.21,61.2,61.01,50.89,
12/22/1994,380.95,381.7,380.95,380.95,-0.24,4.78,4.8,4.78,4.77,-0.62,72.56,50.64,84.48,
12/21/1994,381.85,382,381.85,381.85,0,4.81,4.83,4.81,4.8,-0.41,100.27,66.64,123.52,
12/20/1994,381.85,379.95,381.85,381.85,0.49,4.83,4.79,4.83,4.82,0.62,125.56,125.17,159.68,
12/19/1994,380,378.7,380,380,0.2,4.8,4.77,4.8,4.79,0,111.91,53.55,156.34,
12/16/1994,379.25,380,379.25,379.25,-0.33,4.8,4.8,4.8,4.79,-0.21,107.95,107.61,129.03,
12/15/1994,380.5,378.95,380.5,380.5,0.38,4.81,4.77,4.81,4.8,0.63,95.08,110.08,81.61,
12/14/1994,379.05,378,379.05,379.05,0.28,4.78,4.76,4.78,4.77,0.42,56.32,49.13,64.4,
12/13/1994,378,377.7,378,378,0.01,4.76,4.78,4.76,4.75,-0.83,141.37,137.12,139.79,
12/12/1994,377.95,377.4,377.95,377.95,0.16,4.8,4.71,4.8,4.79,1.91,109.69,122.47,80.26,
12/9/1994,377.35,377.25,377.35,377.35,0.01,4.71,4.7,4.71,4.7,0,77.32,49.34,92.59,
12/8/1994,377.3,376.7,377.3,377.3,0.15,4.71,4.64,4.71,4.71,1.51,75.35,60.1,90.23,
12/7/1994,376.75,376.6,376.75,376.75,0.05,4.64,4.67,4.64,4.64,-0.64,88.29,63.37,93.97,
12/6/1994,376.55,375.85,376.55,376.55,0.13,4.67,4.6,4.67,4.66,1.3,119.21,43.22,168.21,
12/5/1994,376.05,376.9,376.05,376.05,-0.2,4.61,4.72,4.61,4.6,-2.12,116.61,43.06,165.2,
12/2/1994,376.8,379.55,376.8,376.8,-0.74,4.71,4.91,4.71,4.71,-4.46,148.38,103.55,203.58,
12/1/1994,379.6,380.85,379.6,379.6,-0.43,4.93,4.91,4.93,4.92,0.2,103.07,77.95,130.04,
11/30/1994,381.25,383,381.25,381.25,-0.5,4.92,5.06,4.92,4.92,-2.96,95.55,87.32,105.94,
11/29/1994,383.15,383.3,383.15,383.15,-0.04,5.07,5.13,5.07,5.06,-1.17,154.16,63.05,216.94,
11/28/1994,383.3,385.2,383.3,383.3,-0.45,5.13,5.17,5.13,5.12,-0.97,107.87,107.54,127.07,
11/25/1994,385.05,384.5,385.05,385.05,0.14,5.18,5.14,5.18,5.17,0.39,90.76,55.68,127.71,
11/24/1994,384.5,384.45,384.5,384.5,-0.05,5.16,5.15,5.16,5.15,0,90.88,72.48,105.8,
11/23/1994,384.7,383.6,384.7,384.7,0.27,5.16,5.15,5.16,5.15,0.19,81.84,70.94,82.84,
11/22/1994,383.65,383.55,383.65,383.65,0.07,5.15,5.16,5.15,5.14,-0.39,93.36,96.8,105.58,
11/21/1994,383.4,384.25,383.4,383.4,-0.25,5.17,5.14,5.17,5.16,0.39,118.46,118.09,133.68,
11/18/1994,384.35,385.7,384.35,384.35,-0.29,5.15,5.23,5.15,5.14,-1.72,91.83,85.01,109.09,
11/17/1994,385.45,386.3,385.45,385.45,-0.23,5.24,5.23,5.24,5.23,0.19,107.29,53.48,133.82,
11/16/1994,386.35,386.5,386.35,386.35,-0.05,5.23,5.19,5.23,5.22,0.38,106.86,132.24,73.54,
11/15/1994,386.55,384.95,386.55,386.55,0.43,5.21,5.17,5.21,5.2,0.58,137.07,45.55,215.29,
11/14/1994,384.9,385.1,384.9,384.9,-0.09,5.18,5.16,5.18,5.17,0.19,98.81,37.53,133.03,
11/11/1994,385.25,385.15,385.25,385.25,0.04,5.17,5.17,5.17,5.16,-0.19,134.99,82.82,166.94,
11/10/1994,385.1,383.8,385.1,385.1,0.3,5.18,5.11,5.18,5.17,0.97,51.06,63.63,42.46,
11/9/1994,383.95,384.2,383.95,383.95,-0.05,5.13,5.23,5.13,5.12,-1.91,60.07,39.93,76.12,
11/8/1994,384.15,382.45,384.15,384.15,0.43,5.23,5.2,5.23,5.22,0.58,51.64,22.06,73.62,
11/7/1994,382.5,383.75,382.5,382.5,-0.27,5.2,5.25,5.2,5.19,-1.14,85.93,119.93,57.16,
11/4/1994,383.55,383.45,383.55,383.55,0,5.26,5.27,5.26,5.25,-0.38,83.06,99.37,77.36,
11/3/1994,383.55,384.7,383.55,383.55,-0.23,5.28,5.32,5.28,5.27,-0.94,44.34,37.89,52.67,
11/2/1994,384.45,384.7,384.45,384.45,0,5.33,5.28,5.33,5.32,0.95,70.64,74.13,68.01,
11/1/1994,384.45,383.95,384.45,384.45,0.12,5.28,5.26,5.28,5.27,0.38,70.8,66.86,80.56,
10/31/1994,384,386.8,384,384,-0.81,5.26,5.34,5.26,5.25,-1.68,74.69,96.36,73.06,
10/28/1994,387.15,388.25,387.15,387.15,-0.24,5.35,5.4,5.35,5.34,-0.93,81.91,78.39,81.74,
10/27/1994,388.1,389.15,388.1,388.1,-0.26,5.4,5.38,5.4,5.39,0.37,98.74,120.66,90.05,
10/26/1994,389.1,389.25,389.1,389.1,-0.06,5.38,5.3,5.38,5.37,1.51,42.15,42.02,58.42,
10/25/1994,389.35,389.7,389.35,389.35,-0.08,5.3,5.32,5.3,5.3,-0.56,81.92,78.12,88.85,
10/24/1994,389.65,390.75,389.65,389.65,-0.31,5.33,5.29,5.33,5.32,0.38,96.91,87.83,102.56,
10/21/1994,390.85,391,390.85,390.85,-0.05,5.31,5.41,5.31,5.3,-1.85,105.79,85.69,115.46,
10/20/1994,391.05,390.3,391.05,391.05,0.19,5.41,5.38,5.41,5.4,0.37,116.73,106.93,115.43,
10/19/1994,390.3,388.95,390.3,390.3,0.33,5.39,5.33,5.39,5.38,0.75,122.41,36.98,178.9,
10/18/1994,389,389.95,389,389,-0.24,5.35,5.41,5.35,5.34,-1.29,142.17,70.87,206.88,
10/17/1994,389.95,388.15,389.95,389.95,0.59,5.42,5.37,5.42,5.41,1.12,126.59,92.55,140.36,
10/14/1994,387.65,387.1,387.65,387.65,0.21,5.36,5.38,5.36,5.35,-0.37,127.28,71.58,162.83,
10/13/1994,386.85,388.25,386.85,386.85,-0.31,5.38,5.48,5.38,5.37,-1.82,103.92,45.33,151.23,
10/12/1994,388.05,388.05,388.05,388.05,0.03,5.48,5.5,5.48,5.47,-0.36,146.67,71.33,214.17,
10/11/1994,387.95,390.65,387.95,387.95,-0.69,5.5,5.57,5.5,5.49,-1.26,237.17,139.54,329.76,
10/10/1994,390.65,391.45,390.65,390.65,-0.15,5.57,5.61,5.57,5.56,-0.71,159.86,70.83,228.93,
10/7/1994,391.25,392.35,391.25,391.25,-0.28,5.61,5.62,5.61,5.6,-0.36,59.69,33.06,71.69,
10/6/1994,392.35,391.75,392.35,392.35,0.11,5.63,5.59,5.63,5.62,0.36,69.08,31.3,88.77,
10/5/1994,391.9,392.85,391.9,391.9,-0.19,5.61,5.61,5.61,5.6,0,80.44,43.74,103.37,
10/4/1994,392.65,394.7,392.65,392.65,-0.54,5.61,5.63,5.61,5.6,-0.53,68.14,45.29,81.85,
10/3/1994,394.8,395,394.8,394.8,-0.01,5.64,5.61,5.64,5.63,0.36,100.89,50.29,125.84,
9/30/1994,394.85,395.55,394.85,394.85,-0.16,5.62,5.64,5.62,5.61,-0.35,101.27,39.08,141.26,
9/29/1994,395.5,394,395.5,395.5,0.28,5.64,5.6,5.64,5.63,0.71,103.82,71.16,124.1,
9/28/1994,394.4,397.4,394.4,394.4,-0.8,5.6,5.7,5.6,5.59,-1.93,123.38,14.91,198.97,
9/27/1994,397.6,394.15,397.6,397.6,0.85,5.71,5.61,5.71,5.7,1.42,161.85,71.71,227.3,
9/26/1994,394.25,396.25,394.25,394.25,-0.43,5.63,5.69,5.63,5.62,-1.23,86.04,34.31,114.47,
9/23/1994,395.95,396.65,395.95,395.95,-0.13,5.7,5.71,5.7,5.69,-0.35,101.47,32.63,157.87,
9/22/1994,396.45,393.85,396.45,396.45,0.65,5.72,5.59,5.72,5.71,1.96,107.81,39.08,152.12,
9/21/1994,393.9,394,393.9,393.9,0.04,5.61,5.61,5.61,5.6,-0.18,98.21,67.78,113.07,
9/20/1994,393.75,390.65,393.75,393.75,0.83,5.62,5.44,5.62,5.61,3.31,152.55,65.18,217.46,
9/19/1994,390.5,389.65,390.5,390.5,0.17,5.44,5.42,5.44,5.43,0.18,143.47,117.79,161.41,
9/16/1994,389.85,388.15,389.85,389.85,0.44,5.43,5.38,5.43,5.42,0.93,92.29,46,126.08,
9/15/1994,388.15,388.55,388.15,388.15,-0.13,5.38,5.42,5.38,5.37,-0.92,121.86,89.51,149.32,
9/14/1994,388.65,390.9,388.65,388.65,-0.52,5.43,5.47,5.43,5.42,-0.73,83.72,65.32,102.92,
9/13/1994,390.7,390.8,390.7,390.7,-0.05,5.47,5.47,5.47,5.47,-0.18,114.71,110.89,104.05,
9/12/1994,390.9,392,390.9,390.9,-0.28,5.48,5.51,5.48,5.47,-0.72,109.58,33.61,154.2,
9/9/1994,392,390.35,392,392,0.4,5.52,5.44,5.52,5.51,1.28,63.32,46.51,72.05,
9/8/1994,390.45,389.7,390.45,390.45,0.18,5.45,5.48,5.45,5.44,-0.91,97.79,24.37,147.38,
9/7/1994,389.75,387.9,389.75,389.75,0.45,5.5,5.47,5.5,5.49,0.36,75.29,50.04,97.38,
9/6/1994,388,387.2,388,388,0.21,5.48,5.41,5.48,5.47,1.11,87.52,61.07,101.88,
9/5/1994,387.2,387.25,387.2,387.2,0.01,5.42,5.43,5.42,5.41,-0.18,91.59,81.16,93.09,
9/2/1994,387.15,386.95,387.15,387.15,0.03,5.43,5.42,5.43,5.42,0,124.68,47.03,168.13,
9/1/1994,387.05,386.25,387.05,387.05,0.21,5.43,5.43,5.43,5.42,-0.18,92.28,44.41,127.01,
8/31/1994,386.25,386.25,386.25,386.25,-0.03,5.44,5.37,5.44,5.43,1.3,122.69,12.87,193.3,
8/30/1994,386.35,386.65,386.35,386.35,-0.12,5.37,5.39,5.37,5.36,-0.74,83.96,7.61,139.63,
8/29/1994,386.8,383.25,386.8,386.8,0.85,5.41,5.2,5.41,5.4,3.84,122.53,58.97,161.62,
8/26/1994,383.55,383.55,383.55,383.55,0.03,5.21,5.25,5.21,5.21,-0.95,85.85,21.4,136.83,
8/25/1994,383.45,383.9,383.45,383.45,-0.14,5.26,5.25,5.26,5.25,0,96.45,53.05,121.68,
8/24/1994,384,381.8,384,384,0.58,5.26,5.21,5.26,5.25,0.77,94.53,47.12,137.56,
8/23/1994,381.8,381.6,381.8,381.8,0.01,5.22,5.21,5.22,5.21,0.19,58.26,33.19,69.21,
8/22/1994,381.75,381.75,381.75,381.75,-0.1,5.21,5.21,5.21,5.21,-0.19,89.02,84.08,109.09,
8/19/1994,382.15,381.45,382.15,382.15,0.21,5.22,5.18,5.22,5.21,0.77,85.12,63.64,100.27,
8/18/1994,381.35,377.25,381.35,381.35,1.03,5.18,5.11,5.18,5.17,1.17,69.3,27.63,92.2,
8/17/1994,377.45,377.6,377.45,377.45,0,5.12,5.1,5.12,5.11,0.2,79.37,66.63,76.42,
8/16/1994,377.45,377.45,377.45,377.45,-0.05,5.11,5.07,5.11,5.1,0.59,91.1,82.56,103.29,
8/15/1994,377.65,377,377.65,377.65,0.23,5.08,5.06,5.08,5.07,0,101.64,46.06,138.3,
8/12/1994,376.8,379.05,376.8,376.8,-0.55,5.08,5.19,5.08,5.07,-2.31,99.31,77.79,129.76,
8/11/1994,378.9,377.65,378.9,378.9,0.34,5.2,5.13,5.2,5.19,0.97,90.37,117.82,69.37,
8/10/1994,377.6,377.8,377.6,377.6,-0.11,5.15,5.13,5.15,5.14,0.19,107.11,79.1,138.55,
8/9/1994,378,377.15,378,378,0.25,5.14,5.1,5.14,5.14,0.39,124.22,90.82,144.61,
8/8/1994,377.05,378.25,377.05,377.05,-0.24,5.12,5.15,5.12,5.11,-0.58,134.11,142.61,148.69,
8/5/1994,377.95,378,377.95,377.95,0.03,5.15,5.16,5.15,5.14,-0.39,143.87,104.95,169.24,
8/4/1994,377.85,378.2,377.85,377.85,-0.11,5.17,5.19,5.17,5.16,-0.58,113.22,116.51,109.33,
8/3/1994,378.25,379.5,378.25,378.25,-0.36,5.2,5.2,5.2,5.19,-0.19,87.07,55.24,98.73,
8/2/1994,379.6,383.8,379.6,379.6,-1.07,5.21,5.31,5.21,5.2,-2.07,119.04,73.66,184.32,
8/1/1994,383.7,384.45,383.7,383.7,0.07,5.32,5.32,5.32,5.31,0,178.69,100.49,236.21,
7/29/1994,383.45,385.25,383.45,383.45,-0.49,5.32,5.32,5.32,5.31,-0.37,143.7,117.55,171.58,
7/28/1994,385.35,387.65,385.35,385.35,-0.59,5.34,5.35,5.34,5.34,-0.37,125.97,115.4,130.22,
7/27/1994,387.65,387,387.65,387.65,0.14,5.36,5.31,5.36,5.35,0.75,128.02,87.74,159.68,
7/26/1994,387.1,385.25,387.1,387.1,0.52,5.32,5.29,5.32,5.31,0.57,99.02,71.79,119.76,
7/25/1994,385.1,385.2,385.1,385.1,0.01,5.29,5.26,5.29,5.29,0.57,72.41,27.07,97.84,
7/22/1994,385.05,384.6,385.05,385.05,0.14,5.26,5.24,5.26,5.26,0.19,104.33,96.58,117.74,
7/21/1994,384.5,385.65,384.5,384.5,-0.29,5.25,5.28,5.25,5.24,-0.76,72.51,32.86,98.67,
7/20/1994,385.6,386.55,385.6,385.6,-0.28,5.29,5.31,5.29,5.28,-0.38,82.91,62.98,118.19,
7/19/1994,386.7,386.05,386.7,386.7,0.18,5.31,5.24,5.31,5.31,1.14,88.8,76.98,102.73,
7/18/1994,386,386.05,386,386,-0.01,5.25,5.24,5.25,5.25,-0.19,110,50.61,140.72,
7/15/1994,386.05,384.3,386.05,386.05,0.47,5.26,5.19,5.26,5.25,1.15,77.61,70.34,76.27,
7/14/1994,384.25,383.55,384.25,384.25,0.17,5.2,5.14,5.2,5.19,1.17,99.89,89.95,107.18,
7/13/1994,383.6,385.6,383.6,383.6,-0.52,5.14,5.25,5.14,5.14,-2.28,113.39,64.59,148.16,
7/12/1994,385.6,387.3,385.6,385.6,-0.43,5.26,5.31,5.26,5.25,-1.13,72.01,45.34,88.24,
7/11/1994,387.25,384.95,387.25,387.25,0.72,5.32,5.26,5.32,5.31,0.95,131.63,87.48,153.23,
7/8/1994,384.5,384.75,384.5,384.5,-0.04,5.27,5.24,5.27,5.26,0.57,131.05,123.39,115.02,
7/7/1994,384.65,384.05,384.65,384.65,0.18,5.24,5.26,5.24,5.23,-0.38,121.11,65.26,157.87,
7/6/1994,383.95,386,383.95,383.95,-0.54,5.26,5.32,5.26,5.25,-1.31,149.14,101.73,176.24,
7/5/1994,386.05,387.05,386.05,386.05,-0.23,5.33,5.39,5.33,5.32,-1.3,121.6,158.85,111.57,
7/4/1994,386.95,387.05,386.95,386.95,0,5.4,5.4,5.4,5.39,-0.37,107.85,143.36,76.87,
7/1/1994,386.95,386.2,386.95,386.95,0.31,5.42,5.37,5.42,5.41,0.93,55.5,48.41,57.69,
6/30/1994,385.75,385.05,385.75,385.75,0.16,5.37,5.26,5.37,5.36,1.7,73.68,31.94,95.9,
6/29/1994,385.15,386.45,385.15,385.15,-0.32,5.28,5.3,5.28,5.27,-0.38,103.07,35.43,141.86,
6/28/1994,386.4,385.2,386.4,386.4,0.31,5.3,5.27,5.3,5.29,0.57,118.69,100.4,137.58,
6/27/1994,385.2,391.25,385.2,385.2,-1.47,5.27,5.37,5.27,5.26,-2.41,149.02,93.38,169.94,
6/24/1994,390.95,389.75,390.95,390.95,0.3,5.4,5.39,5.4,5.39,0.19,159.52,155.64,169.33,
6/23/1994,389.8,389.7,389.8,389.8,-0.04,5.39,5.38,5.39,5.38,0.19,113.68,69.26,141.8,
6/22/1994,389.95,393.75,389.95,389.95,-0.94,5.38,5.57,5.38,5.37,-3.58,95.41,98.92,88.85,
6/21/1994,393.65,389.25,393.65,393.65,1.08,5.58,5.49,5.58,5.57,1.64,140.3,101.01,174.99,
6/20/1994,389.45,391.25,389.45,389.45,-0.59,5.49,5.58,5.49,5.48,-1.79,163.99,81.74,211.36,
6/17/1994,391.75,385.75,391.75,391.75,1.58,5.59,5.45,5.59,5.59,2.38,120.09,33.26,177.53,
6/16/1994,385.65,386.9,385.65,385.65,-0.31,5.46,5.5,5.46,5.46,-0.73,122.93,51.6,161.4,
6/15/1994,386.85,384.6,386.85,386.85,0.64,5.5,5.39,5.5,5.49,2.04,159.33,110.82,215.68,
6/14/1994,384.4,383.7,384.4,384.4,0.26,5.39,5.38,5.39,5.39,0.19,132.06,146.28,146.42,
6/13/1994,383.4,383.65,383.4,383.4,-0.04,5.38,5.35,5.38,5.38,0.37,204.32,95.34,296.42,
6/10/1994,383.55,383.25,383.55,383.55,0.14,5.36,5.36,5.36,5.35,-0.19,155.38,85.69,219.92,
6/9/1994,383,382.2,383,383,0.2,5.37,5.38,5.37,5.36,0,115.48,52.63,148.15,
6/8/1994,382.25,381.5,382.25,382.25,0.24,5.37,5.29,5.37,5.36,1.32,99.16,51.26,122.15,
6/7/1994,381.35,380.35,381.35,381.35,0.22,5.3,5.26,5.3,5.29,0.76,96.52,38.49,134.84,
6/6/1994,380.5,380.7,380.5,380.5,-0.07,5.26,5.27,5.26,5.25,-0.75,87.94,83.5,90.54,
6/3/1994,380.75,384,380.75,380.75,-0.86,5.3,5.36,5.3,5.29,-1.49,132.11,125.11,137.31,
6/2/1994,384.05,383.6,384.05,384.05,0.1,5.38,5.35,5.38,5.37,0.56,80.71,67.05,83.89,
6/1/1994,383.65,387,383.65,383.65,-0.83,5.35,5.53,5.35,5.34,-3.43,147.67,63.66,205.76,
5/31/1994,386.85,385.45,386.85,386.85,0.42,5.54,5.46,5.54,5.53,1.28,107.93,74.49,131.17,
5/30/1994,385.25,384.7,385.25,385.25,0.13,5.47,5.44,5.47,5.46,0.18,103.84,82.82,112.25,
5/27/1994,384.75,384.35,384.75,384.75,0.08,5.46,5.46,5.46,5.45,-0.18,145.64,114.81,163.36,
5/26/1994,384.45,386.65,384.45,384.45,-0.58,5.47,5.53,5.47,5.46,-1.44,126.07,94.26,131.04,
5/25/1994,386.7,386.75,386.7,386.7,-0.1,5.55,5.61,5.55,5.54,-1.25,125.45,70.35,156.47,
5/24/1994,387.1,388.85,387.1,387.1,-0.5,5.62,5.77,5.62,5.61,-2.26,131.77,80.28,164.36,
5/23/1994,389.05,385.25,389.05,389.05,0.87,5.75,5.63,5.75,5.74,1.95,107.83,51.6,136.29,
5/20/1994,385.7,381.6,385.7,385.7,1.11,5.64,5.52,5.64,5.63,1.99,86.67,70.4,96.09,
5/19/1994,381.45,381.9,381.45,381.45,-0.08,5.53,5.53,5.53,5.52,-0.18,69.74,50.56,73.8,
5/18/1994,381.75,381.05,381.75,381.75,0.13,5.54,5.49,5.54,5.53,0.54,93.17,103.2,68.86,
5/17/1994,381.25,382.9,381.25,381.25,-0.37,5.51,5.56,5.51,5.5,-0.9,96.63,69.36,115.71,
5/16/1994,382.65,380.95,382.65,382.65,0.5,5.56,5.4,5.56,5.55,2.77,106.59,89.92,115.91,
5/13/1994,380.75,380.2,380.75,380.75,0.13,5.41,5.36,5.41,5.4,0.74,137.19,80.06,166.94,
5/12/1994,380.25,382.05,380.25,380.25,-0.47,5.37,5.44,5.37,5.36,-1.29,97.52,77.78,102.72,
5/11/1994,382.05,379,382.05,382.05,0.82,5.44,5.28,5.44,5.43,2.84,80.79,61.37,89.58,
5/10/1994,378.95,381.45,378.95,378.95,-0.63,5.29,5.4,5.29,5.28,-2.22,120.05,97.24,137.26,
5/9/1994,381.35,382.5,381.35,381.35,-0.57,5.41,5.43,5.41,5.4,-0.92,141.31,74.58,193.54,
5/6/1994,383.55,373.95,383.55,383.55,2.65,5.46,5.1,5.46,5.45,6.85,163.79,179.95,161.21,
5/5/1994,373.65,376.55,373.65,373.65,-0.74,5.11,5.18,5.11,5.1,-1.54,90.25,19.99,138.98,
5/4/1994,376.45,375.65,376.45,376.45,0.19,5.19,5.24,5.19,5.18,-1.14,129.16,45.45,189.53,
5/3/1994,375.75,376.35,375.75,375.75,-0.16,5.25,5.28,5.25,5.25,-1.13,128.86,68.01,189.1,
5/2/1994,376.35,376.85,376.35,376.35,-0.16,5.31,5.34,5.31,5.3,-0.75,107.27,102.66,121.31,
4/29/1994,376.95,375.75,376.95,376.95,0.25,5.35,5.25,5.35,5.34,1.71,98.78,59.09,142.38,
4/28/1994,376,374.65,376,376,0.47,5.26,5.17,5.26,5.26,1.74,87.92,81.39,99.21,
4/27/1994,374.25,374.25,374.25,374.25,0,5.17,5.18,5.17,5.16,-0.39,104.08,78.71,131.31,
4/26/1994,374.25,373.45,374.25,374.25,0.23,5.19,5.13,5.19,5.18,0.97,104.92,67.24,143.33,
4/25/1994,373.4,371.25,373.4,373.4,0.63,5.14,5.11,5.14,5.13,0.78,129.59,104.97,148.16,
4/22/1994,371.05,373.45,371.05,371.05,-0.64,5.1,5.22,5.1,5.09,-2.49,156.93,74.82,232.62,
4/21/1994,373.45,372.6,373.45,373.45,0.19,5.23,5.24,5.23,5.22,-0.38,105.41,50.95,132.81,
4/20/1994,372.75,372.35,372.75,372.75,0.19,5.25,5.19,5.25,5.24,0.77,156.44,85.78,227.64,
4/19/1994,372.05,377.25,372.05,372.05,-1.35,5.21,5.26,5.21,5.2,-1.33,107.1,66.27,135.12,
4/18/1994,377.15,377.8,377.15,377.15,-0.22,5.28,5.23,5.28,5.27,0.57,129.4,86,150.64,
4/15/1994,378,378.5,378,378,-0.15,5.25,5.3,5.25,5.24,-1.13,138.91,113.63,159.94,
4/14/1994,378.55,378.55,378.55,378.55,0.01,5.31,5.31,5.31,5.3,0,77.04,73.46,77.98,
4/13/1994,378.5,379.05,378.5,378.5,-0.12,5.31,5.31,5.31,5.3,0,87.56,101.84,72.81,
4/12/1994,378.95,378.8,378.95,378.95,0.05,5.31,5.25,5.31,5.3,0.76,100.15,122.88,76.87,
4/11/1994,378.75,384.5,378.75,378.75,-1.43,5.27,5.48,5.27,5.26,-4.01,103.78,99.32,96.65,
4/8/1994,384.25,384.75,384.25,384.25,-0.13,5.49,5.44,5.49,5.48,0.55,98.73,88.24,96.25,
4/7/1994,384.75,385.05,384.75,384.75,-0.08,5.46,5.5,5.46,5.45,-0.73,65.92,59.15,60.3,
4/6/1994,385.05,384.75,385.05,385.05,0.12,5.5,5.55,5.5,5.49,-1.08,65.03,32.42,81.11,
4/5/1994,384.6,387.25,384.6,384.6,-0.71,5.56,5.61,5.56,5.55,-0.89,85.64,54.33,97.1,
4/4/1994,387.35,391,387.35,387.35,-0.53,5.61,5.76,5.61,5.6,-2.77,68.04,67.83,84.86,
4/1/1994,389.4,392,389.4,389.4,-0.63,5.77,5.7,5.77,5.76,0,94.64,52.06,130.26,
3/31/1994,391.85,386.3,391.85,391.85,1.48,5.77,5.62,5.77,5.76,2.49,100.27,66.64,111.17,
3/30/1994,386.15,385.75,386.15,386.15,0.03,5.63,5.64,5.63,5.62,-0.35,64.03,47.03,72.86,
3/29/1994,386.05,388.25,386.05,386.05,-0.57,5.65,5.69,5.65,5.64,-0.88,53.61,30.54,76.43,
3/28/1994,388.25,391.15,388.25,388.25,-0.67,5.7,5.8,5.7,5.69,-1.55,120.77,103.2,114.77,
3/25/1994,390.85,391.1,390.85,390.85,-0.1,5.79,5.72,5.79,5.78,1.05,72.23,65.46,76.44,
3/24/1994,391.25,387.1,391.25,391.25,1.14,5.73,5.59,5.73,5.72,2.5,91.92,65.46,109.2,
3/23/1994,386.85,389.1,386.85,386.85,-0.62,5.59,5.62,5.59,5.58,-0.89,112.67,82.37,124.92,
3/22/1994,389.25,385.65,389.25,389.25,0.65,5.64,5.42,5.64,5.63,4.25,136.33,117.55,159.33,
3/21/1994,386.75,386.75,386.75,386.75,-0.08,5.41,5.41,5.41,5.4,0,117.29,56.45,154.71,
3/18/1994,387.05,383.05,387.05,387.05,1.15,5.41,5.35,5.41,5.4,0.93,111.96,72.22,136.9,
3/17/1994,382.65,384.75,382.65,382.65,-0.62,5.36,5.39,5.36,5.35,-0.74,85.96,61.21,97.01,
3/16/1994,385.05,387,385.05,385.05,-0.47,5.4,5.46,5.4,5.39,-1.28,100.49,96.47,105.23,
3/15/1994,386.85,386.5,386.85,386.85,0.08,5.47,5.45,5.47,5.46,0.37,63.7,49.39,64.74,
3/14/1994,386.55,385.5,386.55,386.55,0.38,5.45,5.37,5.45,5.44,1.3,71.58,103.08,52.91,
3/11/1994,385.1,386.4,385.1,385.1,-0.39,5.38,5.38,5.38,5.37,0,112.81,122.69,113.71,
3/10/1994,386.6,378.95,386.6,386.6,1.96,5.38,5.3,5.38,5.37,1.32,128.32,134.65,117.93,
3/9/1994,379.15,376.75,379.15,379.15,0.64,5.31,5.21,5.31,5.3,1.92,106.63,127.56,76.84,
3/8/1994,376.75,376,376.75,376.75,0.16,5.21,5.18,5.21,5.2,0.39,105.76,105.43,100.51,
3/7/1994,376.15,377.25,376.15,376.15,-0.21,5.19,5.24,5.19,5.18,-1.14,109.61,105.22,108.02,
3/4/1994,376.95,377.25,376.95,376.95,-0.17,5.25,5.24,5.25,5.24,0,130.89,133.83,111.63,
3/3/1994,377.6,377.85,377.6,377.6,-0.07,5.25,5.27,5.25,5.24,-0.76,93.31,99.67,88.68,
3/2/1994,377.85,378.55,377.85,377.85,-0.17,5.29,5.3,5.29,5.28,-0.19,112.29,52.24,143.17,
3/1/1994,378.5,381.55,378.5,378.5,-0.79,5.3,5.35,5.3,5.29,-1.3,94.43,97.9,94.22,
2/28/1994,381.5,378.5,381.5,381.5,0.78,5.37,5.22,5.37,5.36,2.87,88.62,67.31,98.25,
2/25/1994,378.55,376.55,378.55,378.55,0.54,5.22,5.16,5.22,5.22,0.77,81.75,78.24,97.89,
2/24/1994,376.5,377.75,376.5,376.5,-0.33,5.18,5.24,5.18,5.17,-1.15,114.67,50.81,169.51,
2/23/1994,377.75,377.95,377.75,377.75,-0.03,5.24,5.2,5.24,5.23,0.38,109.29,97.68,125.35,
2/22/1994,377.85,380,377.85,377.85,-0.62,5.22,5.18,5.22,5.21,0.58,140.56,90.89,176.89,
2/21/1994,380.2,380.25,380.2,380.2,0.05,5.19,5.17,5.19,5.18,0.19,161.13,94.49,220.68,
2/18/1994,380,383,380,380,-0.75,5.18,5.23,5.18,5.17,-1.15,112.7,34.05,170.38,
2/17/1994,382.88,384.07,382.88,382.88,-0.17,5.24,5.27,5.24,5.23,-0.57,157.13,63.94,234.65,
2/16/1994,383.55,383,383.55,383.55,0.04,5.27,5.23,5.27,5.26,0.57,193.41,126.21,233.93,
2/15/1994,383.38,383.38,383.38,383.38,-0.13,5.24,5.32,5.24,5.23,-2.06,147.74,54.26,200.45,
2/14/1994,383.88,379.62,383.88,383.88,0.94,5.35,5.23,5.35,5.34,1.9,168.3,65.47,238.93,
2/11/1994,380.3,381.7,380.3,380.3,-0.38,5.25,5.28,5.25,5.25,-1.13,128.04,65.46,185.64,
2/10/1994,381.75,383.25,381.75,381.75,-0.46,5.31,5.32,5.31,5.3,-0.19,124.56,114.11,151.16,
2/9/1994,383.5,382.35,383.5,383.5,0.29,5.32,5.26,5.32,5.31,0.95,133.26,106.28,170.97,
2/8/1994,382.38,378.98,382.38,382.38,0.86,5.27,5.2,5.27,5.26,1.35,182.71,134.63,217.98,
2/7/1994,379.12,387.57,379.12,379.12,-2,5.2,5.42,5.2,5.19,-3.88,118.46,96.23,160.53,
2/4/1994,386.85,387.1,386.85,386.85,-0.15,5.41,5.43,5.41,5.4,-0.55,101.3,74.06,117.93,
2/3/1994,387.45,384.7,387.45,387.45,0.6,5.44,5.29,5.44,5.43,2.06,87.17,66.85,100.37,
2/2/1994,385.15,384.95,385.15,385.15,0.2,5.33,5.3,5.33,5.32,0.76,88.66,88.38,80.42,
2/1/1994,384.4,381.75,384.4,384.4,0.56,5.29,5.13,5.29,5.28,2.92,73.16,72.94,60.84,
1/31/1994,382.25,378,382.25,382.25,1.38,5.14,5.01,5.14,5.13,2.39,91.67,66.46,110.87,
1/28/1994,377.05,375.75,377.05,377.05,0.28,5.02,4.96,5.02,5.01,1.01,94.15,83.43,110.18,
1/27/1994,376,384.5,376,376,-2.24,4.97,5.13,4.97,4.96,-3.31,86.82,19.97,138.84,
1/26/1994,384.6,382.05,384.6,384.6,0.81,5.14,5.09,5.14,5.13,0.78,81.52,14.78,123.24,
1/25/1994,381.5,381.6,381.5,381.5,0.04,5.1,5.13,5.1,5.09,-0.58,100.03,61.37,127.97,
1/24/1994,381.35,380,381.35,381.35,0,5.13,5.06,5.13,5.12,0.39,103.89,87.64,112.97,
1/21/1994,381.35,387.6,381.35,381.35,-1.6,5.11,5.23,5.11,5.1,-2.85,60.16,21.17,82.4,
1/20/1994,387.55,392.55,387.55,387.55,-1.29,5.26,5.34,5.26,5.26,-1.5,33.09,46.19,22.01,
1/19/1994,392.6,392.55,392.6,392.6,-0.04,5.34,5.32,5.34,5.33,0.38,81.74,85.37,64.74,
1/18/1994,392.75,391.35,392.75,392.75,0.33,5.32,5.31,5.32,5.31,0,99.01,49.35,123.49,
1/17/1994,391.45,389.75,391.45,391.45,0.49,5.32,5.22,5.32,5.31,1.92,75.29,61.81,73.65,
1/14/1994,389.55,390,389.55,389.55,-0.1,5.22,5.2,5.22,5.22,0.38,92.11,88.43,90.78,
1/13/1994,389.95,386,389.95,389.95,0.96,5.2,5.07,5.2,5.19,2.36,84.27,45.24,102.42,
1/12/1994,386.25,388.15,386.25,386.25,-0.44,5.08,5.12,5.08,5.07,-0.78,113.44,67.86,138.35,
1/11/1994,387.95,384.75,387.95,387.95,0.81,5.12,5.01,5.12,5.11,1.59,114.77,102.58,125.06,
1/10/1994,384.85,386,384.85,384.85,-0.43,5.04,5,5.04,5.02,0.6,81.29,121.56,47.32,
1/7/1994,386.5,388.8,386.5,386.5,-0.64,5.01,5.1,5.01,5,-1.96,109.06,101.93,102.02,
1/6/1994,389,390.9,389,389,-0.5,5.11,5.05,5.11,5.1,1.19,118.06,117.69,109.72,
1/5/1994,390.95,393.4,390.95,390.95,-0.67,5.05,5.2,5.05,5.04,-2.88,98.52,65.47,116.05,
1/4/1994,393.6,394.05,393.6,393.6,-0.04,5.2,5.22,5.2,5.19,-0.57,108.88,91.85,104.47,
1/3/1994,393.75,390.8,393.75,393.75,0.77,5.23,5.1,5.23,5.22,2.35,81.35,99.12,75.16,
12/31/1993,390.75,390.5,390.75,390.75,0,5.11,5.09,5.11,5.1,0.2,119.33,73.84,150.56,
12/30/1993,390.75,390.4,390.75,390.75,0.13,5.1,5.12,5.1,5.09,-0.39,28.25,28.17,29.37,
12/29/1993,390.25,387.15,390.25,390.25,0.7,5.12,5.08,5.12,5.11,0.59,73.1,63.77,68.39,
12/28/1993,387.55,388.1,387.55,387.55,-0.1,5.09,5.1,5.09,5.08,-0.39,112.29,139.93,93.37,
12/27/1993,387.95,386.4,387.95,387.95,0.31,5.11,5.01,5.11,5.1,1.59,110.25,69.94,133.35,
12/24/1993,386.75,385.95,386.75,386.75,0.18,5.03,5.04,5.03,5.02,-0.59,96.93,42.01,126.16,
12/23/1993,386.05,386.25,386.05,386.05,-0.1,5.06,5.04,5.06,5.05,0,75.52,41.07,97.05,
12/22/1993,386.45,387.2,386.45,386.45,-0.26,5.06,5.05,5.06,5.05,0,53.76,41.23,61.9,
12/21/1993,387.45,388.9,387.45,387.45,-0.46,5.06,5.11,5.06,5.06,-1.17,100.76,41.86,139.65,
12/20/1993,389.25,387.4,389.25,389.25,0.52,5.12,5.03,5.12,5.11,1.59,91.29,86.68,79.53,
12/17/1993,387.25,385.6,387.25,387.25,0.39,5.04,5,5.04,5.03,0.4,104.54,58.62,135.82,
12/16/1993,385.75,387.15,385.75,385.75,-0.35,5.02,5.09,5.02,5.01,-1.76,82.18,50.42,105.13,
12/15/1993,387.1,387.05,387.1,387.1,0.04,5.11,5.12,5.11,5.1,0,80.14,38.05,101.55,
12/14/1993,386.95,387.05,386.95,386.95,0.09,5.11,5.14,5.11,5.1,-0.58,108.23,46.24,154.28,
12/13/1993,386.6,383.45,386.6,386.6,0.9,5.14,5.03,5.14,5.13,1.98,58.87,46.95,71.8,
12/10/1993,383.15,381.7,383.15,383.15,0.3,5.04,4.98,5.04,5.03,0.8,103.42,64.44,123.62,
12/9/1993,382,383.5,382,382,-0.46,5,4.98,5,4.99,0,85.87,39.51,115.34,
12/8/1993,383.75,377.35,383.75,383.75,1.67,5,4.91,5,4.99,1.63,125.89,47.06,170.11,
12/7/1993,377.45,375.9,377.45,377.45,0.37,4.92,4.82,4.92,4.91,1.86,66.19,52.79,71.55,
12/6/1993,376.05,376.55,376.05,376.05,-0.19,4.83,4.8,4.83,4.82,0,63.34,59.44,61.97,
12/3/1993,376.75,374.05,376.75,376.75,0.75,4.83,4.62,4.83,4.82,4.32,77.62,16.58,119.86,
12/2/1993,373.95,375.35,373.95,373.95,-0.35,4.63,4.65,4.63,4.62,-0.64,47.07,23.46,58.71,
12/1/1993,375.25,370.4,375.25,375.25,1.3,4.66,4.44,4.66,4.65,4.72,91.24,79.1,92.37,
11/30/1993,370.45,370.25,370.45,370.45,0.05,4.45,4.47,4.45,4.44,-0.45,109.36,70.34,152.54,
11/29/1993,370.25,377.05,370.25,370.25,-1.79,4.47,4.66,4.47,4.46,-4.28,80.79,50.87,91.93,
11/26/1993,377,377.3,377,377,-0.13,4.67,4.65,4.67,4.66,0.21,72.09,71.87,65.94,
11/25/1993,377.5,376.75,377.5,377.5,0.09,4.66,4.64,4.66,4.65,0,67.24,35.28,82.4,
11/24/1993,377.15,377.25,377.15,377.15,-0.01,4.66,4.67,4.66,4.65,-0.21,77.2,20.99,122.55,
11/23/1993,377.2,378.15,377.2,377.2,-0.28,4.67,4.69,4.67,4.67,-0.64,93.36,29.78,136.64,
11/22/1993,378.25,377.9,378.25,378.25,-0.03,4.7,4.71,4.7,4.69,-0.42,73.79,24.52,109.09,
11/19/1993,378.35,376.05,378.35,378.35,0.61,4.72,4.66,4.72,4.71,0.85,107.98,27.78,162.2,
11/18/1993,376.05,375.95,376.05,376.05,-0.08,4.68,4.61,4.68,4.67,1.3,91.4,50.27,110.08,
11/17/1993,376.35,373.9,376.35,376.35,0.61,4.62,4.57,4.62,4.61,1.09,121.7,83.41,145.47,
11/16/1993,374.05,375.15,374.05,374.05,-0.32,4.57,4.56,4.57,4.56,0.22,72.63,37.78,99.78,
11/15/1993,375.25,373.5,375.25,375.25,0.54,4.56,4.52,4.56,4.55,0.66,68.84,64.59,80.82,
11/12/1993,373.25,376.15,373.25,373.25,-0.8,4.53,4.55,4.53,4.52,-0.66,60.29,60.1,50.13,
11/11/1993,376.25,377.25,376.25,376.25,-0.17,4.56,4.57,4.56,4.55,-0.65,96.64,59.8,116.39,
11/10/1993,376.9,376.25,376.9,376.9,0.11,4.59,4.54,4.59,4.58,1.1,63.78,74.8,62.39,
11/9/1993,376.5,375.65,376.5,376.5,0.37,4.54,4.51,4.54,4.53,0.89,81.98,44.58,117.74,
11/8/1993,375.1,376.55,375.1,375.1,-0.5,4.5,4.5,4.5,4.49,0,92.35,32.02,133.55,
11/5/1993,377,371.75,377,377,1.28,4.5,4.39,4.5,4.5,2.04,65.53,45.73,81.74,
11/4/1993,372.25,367.9,372.25,372.25,1.15,4.41,4.33,4.41,4.4,2.08,76.34,39.71,115.92,
11/3/1993,368,363.2,368,368,1.39,4.32,4.18,4.32,4.31,2.86,111.66,59.37,136.18,
11/2/1993,362.95,361.95,362.95,362.95,0.28,4.2,4.23,4.2,4.19,-0.94,77.31,61.65,83.57,
11/1/1993,361.95,369,361.95,361.95,-1.87,4.24,4.36,4.24,4.23,-3.2,107.79,82.66,110.32,
10/29/1993,368.85,369.25,368.85,368.85,-0.11,4.38,4.36,4.38,4.37,0.23,106.75,45.15,150.64,
10/28/1993,369.25,369.05,369.25,369.25,0.07,4.37,4.42,4.37,4.36,-1.35,92.38,59.21,115.23,
10/27/1993,369,368.55,369,369,-0.16,4.43,4.38,4.43,4.42,0.68,101.15,122.44,78.1,
10/26/1993,369.6,368.95,369.6,369.6,0.03,4.4,4.39,4.4,4.39,0,142.75,80.28,176.53,
10/25/1993,369.5,370.45,369.5,369.5,-0.26,4.4,4.45,4.4,4.39,-1.12,160.56,101.09,217.83,
10/22/1993,370.45,370.45,370.45,370.45,0.04,4.45,4.44,4.45,4.44,-0.45,122.21,25.65,192.55,
10/21/1993,370.3,372.45,370.3,370.3,-0.58,4.47,4.53,4.47,4.46,-1.54,87.33,48.03,110.18,
10/20/1993,372.45,368.85,372.45,372.45,0.96,4.54,4.43,4.54,4.53,2.25,140.8,103.43,160.22,
10/19/1993,368.9,368.15,368.9,368.9,0.18,4.44,4.42,4.44,4.43,0.45,149.08,87,187.46,
10/18/1993,368.25,364.65,368.25,368.25,0.99,4.42,4.34,4.42,4.41,1.38,117.88,86.18,137.24,
10/15/1993,364.65,364.45,364.65,364.65,-0.08,4.36,4.34,4.36,4.35,0.46,98.55,63.39,111.03,
10/14/1993,364.95,365.25,364.95,364.95,-0.16,4.34,4.4,4.34,4.34,-1.81,113.22,38.7,161.4,
10/13/1993,365.55,366.3,365.55,365.55,-0.22,4.42,4.4,4.42,4.41,0,136.94,36.9,196.97,
10/12/1993,366.35,360.05,366.35,366.35,1.69,4.42,4.3,4.42,4.41,2.55,129.54,81.18,172.35,
10/11/1993,360.25,359.7,360.25,360.25,0.14,4.31,4.36,4.31,4.3,-1.15,66.17,77.61,45.31,
10/8/1993,359.75,356.6,359.75,359.75,0.91,4.36,4.34,4.36,4.35,0.23,99.35,68.09,118.75,
10/7/1993,356.5,357.35,356.5,356.5,-0.13,4.35,4.29,4.35,4.34,1.64,84.46,62.37,93.64,
10/6/1993,356.95,352.95,356.95,356.95,1.05,4.28,4.08,4.28,4.27,4.9,89.72,42.93,113.4,
10/5/1993,353.25,353.25,353.25,353.25,0.01,4.08,4.07,4.08,4.07,0.25,128.97,88.16,140.94,
10/4/1993,353.2,356,353.2,353.2,-0.58,4.07,4.08,4.07,4.06,0.25,122.84,114.3,129.38,
10/1/1993,355.25,355.25,355.25,355.25,-0.06,4.06,4.07,4.06,4.06,-0.25,161.27,70.74,225.3,
9/30/1993,355.45,353.25,355.45,355.45,0.59,4.07,4.02,4.07,4.06,0.74,81.95,37.71,110.08,
9/29/1993,353.35,355.85,353.35,353.35,-0.62,4.04,4.09,4.04,4.03,-1.22,80.71,41.98,99.21,
9/28/1993,355.55,354.25,355.55,355.55,0.4,4.09,4.06,4.09,4.08,0.49,153.64,104.6,186.96,
9/27/1993,354.15,356.75,354.15,354.15,-0.96,4.07,4.12,4.07,4.06,-1.21,84.63,40.17,127.34,
9/24/1993,357.6,356.95,357.6,357.6,0.07,4.12,4.14,4.12,4.12,-0.72,74.7,64.75,91.82,
9/23/1993,357.35,354.25,357.35,357.35,0.88,4.15,4.05,4.15,4.14,2.47,95.87,59.32,115.46,
9/22/1993,354.25,363,354.25,354.25,-2.6,4.05,4.2,4.05,4.04,-4.26,109.09,58,139.09,
9/21/1993,363.7,354.25,363.7,363.7,2.83,4.23,4.12,4.23,4.22,2.17,89.92,114.74,65.8,
9/20/1993,353.7,350.75,353.7,353.7,0.83,4.14,4.05,4.14,4.13,1.97,103,147.87,68.52,
9/17/1993,350.8,352.95,350.8,350.8,-0.61,4.06,4.12,4.06,4.06,-1.69,77.66,80.79,84.24,
9/16/1993,352.95,347.75,352.95,352.95,1.5,4.13,4,4.13,4.12,2.99,122.81,109.54,123.62,
9/15/1993,347.75,345.25,347.75,347.75,0.69,4.01,3.99,4.01,4,0.5,64.8,76,44.38,
9/14/1993,345.35,343.5,345.35,345.35,0.43,3.99,3.91,3.99,3.98,1.79,95.08,83.41,94.87,
9/13/1993,343.88,350.38,343.88,343.88,-1.79,3.92,4.06,3.92,3.91,-3.92,78.48,82.35,75.56,
9/10/1993,350.15,354.35,350.15,350.15,-1.21,4.08,4.26,4.08,4.07,-4.45,103.92,116.55,91.82,
9/9/1993,354.45,352,354.45,354.45,0.74,4.27,4.23,4.27,4.26,0.71,103.31,59.8,127.47,
9/8/1993,351.85,350.5,351.85,351.85,0.42,4.24,4.28,4.24,4.23,-1.17,60.01,39.88,66.53,
9/7/1993,350.38,364.48,350.38,350.38,-3.83,4.29,4.53,4.29,4.27,-5.51,111.91,107.1,104.22,
9/6/1993,364.35,364.5,364.35,364.35,-0.08,4.54,4.54,4.54,4.53,0,80.55,80.3,66.98,
9/3/1993,364.65,363.1,364.65,364.65,0.25,4.54,4.53,4.54,4.53,0.44,105.47,72.29,137.04,
9/2/1993,363.75,369.15,363.75,363.75,-1.56,4.52,4.73,4.52,4.5,-6.8,67.26,60.35,78.3,
9/1/1993,369.5,372.25,369.5,369.5,-0.81,,,,,,68.65,68.44,64.22,
8/31/1993,372.5,370.5,372.5,372.5,0.54,4.85,4.82,4.85,4.84,0.41,48.92,41.8,46.49,
8/30/1993,370.5,369.25,370.5,370.5,0.27,4.83,4.74,4.83,4.82,1.68,99.46,120.71,79.11,
8/27/1993,369.5,367.9,369.5,369.5,0.34,4.75,4.68,4.75,4.75,1.28,152.34,77.7,194.44,
8/26/1993,368.25,372.15,368.25,368.25,-1.11,4.69,4.75,4.69,4.68,-1.26,153.99,115.99,199.19,
8/25/1993,372.4,372,372.4,372.4,0.14,4.75,4.74,4.75,4.74,0.21,139.39,73.57,190.91,
8/24/1993,371.88,372.98,371.88,371.88,-0.31,4.74,4.76,4.74,4.73,-0.63,82.3,90.25,75.28,
8/23/1993,373.05,373,373.05,373.05,-0.19,4.77,4.79,4.77,4.76,-0.42,118.31,132.09,110.18,
8/20/1993,373.75,371.75,373.75,373.75,0.64,4.79,4.66,4.79,4.79,2.57,95.06,123.93,66.89,
8/19/1993,371.38,374.88,371.38,371.38,-0.87,4.67,4.71,4.67,4.65,-1.06,91.14,118.82,58.3,
8/18/1993,374.65,371.95,374.65,374.65,0.71,4.72,4.7,4.72,4.71,0.21,107.24,110.87,92.48,
8/17/1993,372,373.25,372,372,-0.4,4.71,4.74,4.71,4.7,-0.84,89.31,89.03,87.77,
8/16/1993,373.5,368.25,373.5,373.5,1.01,4.75,4.6,4.75,4.74,2.59,114.54,91.35,129.53,
8/13/1993,369.75,368,369.75,369.75,0.61,4.63,4.57,4.63,4.62,1.09,91.73,81.29,84.75,
8/12/1993,367.5,375.25,367.5,367.5,-2.16,4.58,4.66,4.58,4.56,-2.55,87,73.39,94.6,
8/11/1993,375.62,381.18,375.62,375.62,-1.5,4.7,4.78,4.7,4.68,-1.88,75.1,66.55,76.32,
8/10/1993,381.35,384,381.35,381.35,-0.59,4.79,4.75,4.79,4.77,0.84,116.96,124.93,118.1,
8/9/1993,383.62,376.38,383.62,383.62,1.76,4.75,4.54,4.75,4.73,3.49,69.79,37.11,92.85,
8/6/1993,377,377.5,377,377,-0.2,4.59,4.75,4.59,4.59,-4.38,73.53,102.63,55.03,
8/5/1993,377.75,399.25,377.75,377.75,-5.59,4.8,5.23,4.8,4.78,-8.75,87.45,111.59,75.63,
8/4/1993,400.1,403.05,400.1,400.1,-0.73,5.26,5.35,5.26,5.25,-1.87,101.44,132.25,77.87,
8/3/1993,403.05,406,403.05,403.05,-0.7,5.36,5.46,5.36,5.35,-2.19,115.94,148.61,89.52,
8/2/1993,405.88,405.62,405.88,405.88,-0.29,5.48,5.34,5.48,5.47,1.29,113.91,118.1,98.51,
7/30/1993,407.05,400.75,407.05,407.05,1.76,5.41,5.26,5.41,5.4,3.05,88.29,119.7,70.48,
7/29/1993,400,393.4,400,400,1.72,5.25,5.16,5.25,5.24,1.55,118.43,128.18,106.92,
7/28/1993,393.25,391.25,393.25,393.25,0.49,5.17,5.07,5.17,5.16,1.57,159.41,201.55,129.32,
7/27/1993,391.35,393,391.35,391.35,-0.41,5.09,5.08,5.09,5.08,0,118.6,163.08,68.01,
7/26/1993,392.95,390.1,392.95,392.95,0.69,5.09,4.97,5.09,5.08,2.41,132.5,149.71,132.22,
7/23/1993,390.25,391.8,390.25,390.25,-0.42,4.97,5.02,4.97,4.97,-0.8,112.77,112.42,117.21,
7/22/1993,391.9,389,391.9,391.9,0.76,5.01,4.95,5.01,5,1.21,97.43,77.7,118.82,
7/21/1993,388.95,392.05,388.95,388.95,-0.79,4.95,5.03,4.95,4.94,-1.98,115.22,73.84,136.87,
7/20/1993,392.05,392.05,392.05,392.05,0.03,5.05,5.05,5.05,5.04,-0.2,145.96,105.09,175.32,
7/19/1993,391.95,392.55,391.95,391.95,-0.13,5.06,5.05,5.06,5.05,0,141.84,109.47,152.18,
7/16/1993,392.45,393.75,392.45,392.45,-0.24,5.06,5.06,5.06,5.06,0,128.21,124.36,109.49,
7/15/1993,393.38,390.57,393.38,393.38,0.51,5.06,4.96,5.06,5.06,2.02,133.17,126.12,138.42,
7/14/1993,391.38,395.88,391.38,391.38,-0.89,4.96,5.05,4.96,4.95,-1.98,132.2,135.56,138.2,
7/13/1993,394.88,394.62,394.88,394.88,0.11,5.06,5.07,5.06,5.05,-0.2,136.68,104.2,147.09,
7/12/1993,394.45,390.85,394.45,394.45,0.75,5.07,5,5.07,5.06,0.8,175.73,148.91,197.27,
7/9/1993,391.5,393.25,391.5,391.5,-0.57,5.03,5.02,5.03,5.02,-0.4,101.23,83.52,121.91,
7/8/1993,393.75,397.35,393.75,393.75,-0.93,5.05,5.12,5.05,5.04,-1.56,100.48,66.78,122.55,
7/7/1993,397.45,392.65,397.45,397.45,1.16,5.13,5.15,5.13,5.12,-0.19,155.54,125.72,160.8,
7/6/1993,392.9,387.65,392.9,392.9,1.3,5.14,4.87,5.14,5.13,5.33,143.46,147.35,151.82,
7/5/1993,387.85,386.75,387.85,387.85,0.56,4.88,4.86,4.88,4.87,0.21,143.56,74.21,194.54,
7/2/1993,385.7,386.7,385.7,385.7,-0.43,4.87,4.77,4.87,4.86,1.46,136.23,121.52,131.17,
7/1/1993,387.38,377.27,387.38,387.38,2.69,4.8,4.54,4.8,4.79,5.03,105.79,79.1,109.96,
6/30/1993,377.25,374.9,377.25,377.25,-0.33,4.57,4.56,4.57,4.56,0,117.78,29.35,177.51,
6/29/1993,378.5,374.9,378.5,378.5,0.84,4.57,4.44,4.57,4.56,2.47,169.5,191.02,134.81,
6/28/1993,375.35,378.25,375.35,375.35,-0.44,4.46,4.49,4.46,4.45,-0.89,190.78,155.61,230.74,
6/25/1993,377,374.5,377,377,0.6,4.5,4.39,4.5,4.49,2.27,124.61,103.52,143.91,
6/24/1993,374.75,374,374.75,374.75,0.2,4.4,4.41,4.4,4.39,-0.23,104.64,52.16,146.83,
6/23/1993,374,368.75,374,374,1.39,4.41,4.29,4.41,4.4,2.56,146.47,89.86,193.63,
6/22/1993,368.88,369.88,368.88,368.88,-0.26,4.3,4.28,4.3,4.29,0.23,139.15,61.65,179.99,
6/21/1993,369.85,370.5,369.85,369.85,-0.38,4.29,4.29,4.29,4.28,-0.46,93.86,93.57,91.06,
6/18/1993,371.25,371,371.25,371.25,-0.01,4.31,4.33,4.31,4.3,-0.69,104.33,45.51,140.98,
6/17/1993,371.3,369.9,371.3,371.3,0.36,4.34,4.33,4.34,4.34,0,99.63,55.87,129.44,
6/16/1993,369.98,370.12,369.98,369.98,-0.04,4.34,4.31,4.34,4.33,0.93,127.41,115.47,134.84,
6/15/1993,370.12,365.68,370.12,370.12,1.3,4.3,4.24,4.3,4.29,1.18,95.17,80.28,109.57,
6/14/1993,365.38,367.12,365.38,365.38,-0.24,4.25,4.2,4.25,4.23,1.19,69.19,86.22,43.15,
6/11/1993,366.27,369.48,366.27,366.27,-0.77,4.2,4.31,4.2,4.19,-2.55,80.48,32.09,117.78,
6/10/1993,369.12,369.88,369.12,369.12,-0.31,4.31,4.28,4.31,4.3,-0.23,66.57,31.6,100.16,
6/9/1993,370.25,373.5,370.25,370.25,-0.71,4.32,4.39,4.32,4.31,-1.82,92.11,42.38,123.73,
6/8/1993,372.88,373.98,372.88,372.88,-0.27,4.4,4.41,4.4,4.39,-0.45,92.84,103.66,74.11,
6/7/1993,373.9,375.55,373.9,373.9,-0.7,4.42,4.43,4.42,4.41,-0.67,106.86,51.13,142.17,
6/4/1993,376.55,374.25,376.55,376.55,0.55,4.45,4.44,4.45,4.44,-0.22,101.83,57.1,127.01,
6/3/1993,374.5,370,374.5,374.5,1.25,4.46,4.37,4.46,4.45,1.83,62.25,26.13,87.19,
6/2/1993,369.88,368.88,369.88,369.88,0.1,4.38,4.39,4.38,4.37,0,42.67,15.47,58.06,
6/1/1993,369.5,379,369.5,369.5,-2.51,4.38,4.62,4.38,4.37,-5.6,152.11,109.52,168.64,
5/31/1993,379,379,379,379,0.43,4.64,4.63,4.64,4.63,0.43,137.83,113.71,142.27,
5/28/1993,377.38,382.38,377.38,377.38,-1.02,4.62,4.72,4.62,4.62,-1.91,65.73,26.21,92.91,
5/27/1993,381.25,379.75,381.25,381.25,1.69,4.71,4.63,4.71,4.7,3.29,67.54,25.65,101.62,
5/26/1993,374.9,379.5,374.9,374.9,-1.05,4.56,4.63,4.56,4.55,-2.15,133.88,114.4,139.95,
5/25/1993,378.88,373.88,378.88,378.88,1.27,4.66,4.54,4.66,4.65,2.42,128.54,65.9,158.8,
5/24/1993,374.12,379.88,374.12,374.12,-0.92,4.55,4.71,4.55,4.54,-2.57,128.33,79.96,166.74,
5/21/1993,377.6,374.45,377.6,377.6,0.9,4.67,4.52,4.67,4.67,3.09,71.38,45.28,91.73,
5/20/1993,374.25,372.75,374.25,374.25,0.3,4.53,4.53,4.53,4.52,0.22,67.67,42.93,92.07,
5/19/1993,373.12,378.38,373.12,373.12,-1.19,4.52,4.7,4.52,4.51,-3.83,102.45,45.39,138.83,
5/18/1993,377.62,367.27,377.62,377.62,2.92,4.7,4.4,4.7,4.68,6.58,140.96,93.68,169.31,
5/17/1993,366.9,367.45,366.9,366.9,-0.23,4.41,4.45,4.41,4.4,-1.12,174.13,121.11,202.04,
5/14/1993,367.75,368.35,367.75,367.75,-0.16,4.46,4.45,4.46,4.45,-0.22,123.55,106.53,155.5,
5/13/1993,368.35,361.35,368.35,368.35,1.97,4.47,4.4,4.47,4.46,1.13,104.21,88.15,126.04,
5/12/1993,361.25,356.4,361.25,361.25,1.43,4.42,4.26,4.42,4.4,3.76,113.31,75.31,138.2,
5/11/1993,356.15,355.9,356.15,356.15,0.01,4.26,4.25,4.26,4.25,-0.23,101.64,52.54,137.73,
5/10/1993,356.1,355.9,356.1,356.1,-0.01,4.27,4.25,4.27,4.26,0,119.22,110.36,120.38,
5/7/1993,356.12,357.43,356.12,356.12,-0.29,4.27,4.36,4.27,4.26,-2.51,190.49,180.25,241.62,
5/6/1993,357.15,354.45,357.15,357.15,0.86,4.38,4.27,4.38,4.36,2.1,127.52,72.65,161.58,
5/5/1993,354.1,354.25,354.1,354.1,-0.07,4.29,4.26,4.29,4.27,0.23,106.49,106.16,139.15,
5/4/1993,354.35,353.75,354.35,354.35,0.23,4.28,4.27,4.28,4.27,-0.23,159.3,122.16,190.2,
5/3/1993,353.55,356,353.55,353.55,-0.58,4.29,4.41,4.29,4.28,-2.28,143.44,71.5,201.28,
4/30/1993,355.6,355.6,355.6,355.6,-0.18,4.39,4.36,4.39,4.38,-0.9,133.03,106.1,154.87,
4/29/1993,356.25,353.45,356.25,356.25,0.91,4.43,4.2,4.43,4.41,6.49,108.97,105.53,144.97,
4/28/1993,353.05,350.05,353.05,353.05,0.89,4.16,4.07,4.16,4.15,2.21,110.42,36.69,159.15,
4/27/1993,349.95,351.9,349.95,349.95,-0.65,4.07,4.04,4.07,4.06,0.25,132.65,83.13,157.58,
4/26/1993,352.25,345.5,352.25,352.25,1.77,4.06,3.98,4.06,4.05,2.53,123.28,63.43,152.11,
4/23/1993,346.12,341.38,346.12,346.12,1.61,3.96,3.91,3.96,3.95,1.02,86.91,33.32,122.3,
4/22/1993,340.65,339.15,340.65,340.65,0.46,3.92,3.9,3.92,3.91,0.26,101.22,55.04,122.42,
4/21/1993,339.1,339.55,339.1,339.1,-0.15,3.91,3.92,3.91,3.9,-0.26,89.21,69.61,109.66,
4/20/1993,339.6,340.1,339.6,339.6,-0.15,3.92,3.91,3.92,3.92,0,123.94,44.93,181.14,
4/19/1993,340.1,338.55,340.1,340.1,0.43,3.92,3.92,3.92,3.91,0,146.08,111.36,192.92,
4/16/1993,338.65,337.15,338.65,338.65,0.46,3.92,3.88,3.92,3.92,1.03,111.4,78.39,130.78,
4/15/1993,337.1,339,337.1,337.1,-0.52,3.88,3.95,3.88,3.87,-1.52,139.88,82.4,200.9,
4/14/1993,338.85,337.15,338.85,338.85,0.49,3.94,3.87,3.94,3.93,1.55,138.53,146.23,115.19,
4/13/1993,337.2,336.75,337.2,337.2,0.13,3.88,3.87,3.88,3.87,0,134.46,73.12,176.18,
4/12/1993,336.75,337.75,336.75,336.75,-0.27,3.88,3.83,3.88,3.87,1.31,140.86,144.96,136.02,
4/9/1993,337.65,337,337.65,337.65,0.09,3.83,3.82,3.83,3.82,0,114.69,40.35,157.08,
4/8/1993,337.35,337.65,337.35,337.35,-0.09,3.83,3.86,3.83,3.83,-1.03,151.32,65.59,207.89,
4/7/1993,337.65,337.35,337.65,337.65,0,3.87,3.85,3.87,3.86,0,121.42,37.83,176.69,
4/6/1993,337.65,339.05,337.65,337.65,-0.4,3.87,3.91,3.87,3.86,-1.28,80.51,76.44,89.27,
4/5/1993,339,340.95,339,339,-0.4,3.92,3.96,3.92,3.91,-1.01,116.5,46.46,161.46,
4/2/1993,340.35,338.25,340.35,340.35,0.59,3.96,3.92,3.96,3.95,1.02,102.48,59.32,120.96,
4/1/1993,338.35,336.65,338.35,338.35,0.4,3.92,3.84,3.92,3.92,1.29,109.31,99.07,126.71,
3/31/1993,337,336.55,337,337,0.12,3.87,3.88,3.87,3.86,-0.26,90.38,39.17,124.17,
3/30/1993,336.6,332.25,336.6,336.6,1.31,3.88,3.75,3.88,3.87,3.47,129.16,68.17,170.58,
3/29/1993,332.25,332.75,332.25,332.25,-0.03,3.75,3.72,3.75,3.74,0.54,83.34,66.46,103.94,
3/26/1993,332.35,332.45,332.35,332.35,-0.03,3.73,3.7,3.73,3.72,0.54,152.01,94.71,189.6,
3/25/1993,332.45,332.45,332.45,332.45,0.03,3.71,3.67,3.71,3.7,0.54,104.48,61.27,127.76,
3/24/1993,332.35,331.65,332.35,332.35,0.18,3.69,3.65,3.69,3.68,0.82,77.13,38.44,96.2,
3/23/1993,331.75,332.55,331.75,331.75,-0.3,3.66,3.67,3.66,3.65,-0.81,134.66,92.05,153.56,
3/22/1993,332.75,331.85,332.75,332.75,0.29,3.69,3.68,3.69,3.68,0,113.62,104.56,123.55,
3/19/1993,331.8,330.55,331.8,331.8,0.39,3.69,3.67,3.69,3.68,0,114.81,80.79,140.39,
3/18/1993,330.5,329.25,330.5,330.5,0.44,3.69,3.63,3.69,3.68,1.37,88.12,58.56,108.55,
3/17/1993,329.05,329.15,329.05,329.05,-0.02,3.64,3.65,3.64,3.63,-0.82,138.65,112.07,149.57,
3/16/1993,329.1,329.1,329.1,329.1,-0.02,3.67,3.67,3.67,3.66,0,100.26,87.96,113.38,
3/15/1993,329.15,327.85,329.15,329.15,0.35,3.67,3.63,3.67,3.66,0.82,58.53,70.01,51.91,
3/12/1993,328,327.15,328,328,0.29,3.64,3.62,3.64,3.63,0.28,127.54,80.3,156.28,
3/11/1993,327.05,326.55,327.05,327.05,0.2,3.63,3.58,3.63,3.62,1.11,87.69,84.18,86.42,
3/10/1993,326.4,326.95,326.4,326.4,-0.18,3.59,3.57,3.59,3.58,0.28,72.26,60.66,69.57,
3/9/1993,327,327.3,327,327,-0.08,3.58,3.55,3.58,3.57,0.56,130.66,99.61,140.6,
3/8/1993,327.25,329.75,327.25,327.25,-0.76,3.56,3.58,3.56,3.55,-0.84,96.44,91.96,90.65,
3/5/1993,329.75,328.65,329.75,329.75,0.21,3.59,3.56,3.59,3.58,0.28,66.99,80.14,50.13,
3/4/1993,329.05,328.8,329.05,329.05,0.02,3.58,3.56,3.58,3.57,0,55.41,67.52,40.96,
3/3/1993,329,329.55,329,329,-0.2,3.58,3.58,3.58,3.57,-0.28,60.02,82.28,37.43,
3/2/1993,329.65,328.75,329.65,329.65,0.3,3.59,3.58,3.59,3.58,0.28,86.96,110.34,59.17,
3/1/1993,328.65,328.55,328.65,328.65,0.06,3.58,3.58,3.58,3.58,-0.28,104.47,121.51,94.11,
2/26/1993,328.45,329.45,328.45,328.45,-0.32,3.59,3.56,3.59,3.59,0.84,92.3,68.16,102.33,
2/25/1993,329.5,329.35,329.5,329.5,0.02,3.56,3.56,3.56,3.56,-0.56,118.08,80.55,144.7,
2/24/1993,329.45,330.45,329.45,329.45,-0.35,3.58,3.59,3.58,3.57,-0.56,97.32,50.31,131.88,
2/23/1993,330.6,327.8,330.6,330.6,0.76,3.6,3.54,3.6,3.6,1.41,85.84,62.24,97.33,
2/22/1993,328.1,330,328.1,328.1,-0.59,3.55,3.57,3.55,3.54,-0.84,72.2,76.21,70.63,
2/19/1993,330.05,330.35,330.05,330.05,-0.06,3.58,3.63,3.58,3.57,-1.65,90.8,53.64,111.86,
2/18/1993,330.25,330.45,330.25,330.25,-0.12,3.64,3.65,3.64,3.63,-0.82,101.57,58.8,119.88,
2/17/1993,330.65,332.35,330.65,330.65,-0.47,3.67,3.71,3.67,3.66,-1.08,57.71,46.03,63.98,
2/16/1993,332.2,328.75,332.2,332.2,1.05,3.71,3.69,3.71,3.7,0.54,82.52,94.02,71.89,
2/15/1993,328.75,329.1,328.75,328.75,-0.06,3.69,3.69,3.69,3.68,-0.27,81.73,57.52,87.95,
2/12/1993,328.95,331.4,328.95,328.95,-0.77,3.7,3.75,3.7,3.69,-1.6,107.98,62.51,150.61,
2/11/1993,331.5,331.9,331.5,331.5,-0.18,3.76,3.75,3.76,3.75,0,111.8,70.06,132.81,
2/10/1993,332.1,328.45,332.1,332.1,1.1,3.76,3.7,3.76,3.76,1.35,83.38,37.78,107.15,
2/9/1993,328.5,328,328.5,328.5,0.21,3.71,3.67,3.71,3.7,1.09,100.62,80.25,100.41,
2/8/1993,327.8,328.05,327.8,327.8,-0.05,3.67,3.66,3.67,3.67,0,69.44,48.86,74.72,
2/5/1993,327.95,328.35,327.95,327.95,-0.14,3.67,3.67,3.67,3.66,-0.27,99.52,70.87,118.22,
2/4/1993,328.4,328.6,328.4,328.4,-0.11,3.68,3.66,3.68,3.67,0.27,98.1,91.28,108.77,
2/3/1993,328.75,329.75,328.75,328.75,-0.27,3.67,3.67,3.67,3.67,-0.27,139.8,92.92,167.92,
2/2/1993,329.65,330,329.65,329.65,-0.06,3.68,3.67,3.68,3.67,0,154.07,122.88,172.96,
2/1/1993,329.85,329.95,329.85,329.85,0,3.68,3.66,3.68,3.67,0.27,133.13,93.68,175.82,
1/29/1993,329.85,330.15,329.85,329.85,-0.11,3.67,3.7,3.67,3.66,-1.08,112.97,79.5,132.61,
1/28/1993,330.2,329.75,330.2,330.2,0.11,3.71,3.67,3.71,3.7,0.82,113.42,99.77,144.24,
1/27/1993,329.85,331,329.85,329.85,-0.42,3.68,3.7,3.68,3.67,-0.81,81.06,58.77,98.05,
1/26/1993,331.25,329.05,331.25,331.25,0.7,3.71,3.69,3.71,3.7,0.54,140.72,121.33,139.15,
1/25/1993,328.95,328.75,328.95,328.95,0.06,3.69,3.7,3.69,3.68,-0.54,183.15,166.71,198.64,
1/22/1993,328.75,329.55,328.75,328.75,-0.26,3.71,3.72,3.71,3.7,-0.54,113.76,113.41,100.16,
1/21/1993,329.6,329.75,329.6,329.6,-0.09,3.73,3.72,3.73,3.72,0,96.8,71.48,107.32,
1/20/1993,329.9,328.65,329.9,329.9,0.32,3.73,3.69,3.73,3.72,1.08,96.48,104.2,113.66,
1/19/1993,328.85,329,328.85,328.85,0.11,3.69,3.68,3.69,3.68,0,172.45,223.89,153.4,
1/18/1993,328.5,328.05,328.5,328.5,0.24,3.69,3.66,3.69,3.68,0.54,172.31,146.01,207.75,
1/15/1993,327.7,327.8,327.7,327.7,0,3.67,3.68,3.67,3.66,-0.27,184.59,160.6,200.94,
1/14/1993,327.7,327.9,327.7,327.7,-0.14,3.68,3.68,3.68,3.67,-0.54,257.9,340.59,233.95,
1/13/1993,328.15,328.85,328.15,328.15,-0.23,3.7,3.69,3.7,3.69,0,129.98,102.09,157.21,
1/12/1993,328.9,328.1,328.9,328.9,0.23,3.7,3.67,3.7,3.69,0.82,160.48,155.89,136.87,
1/11/1993,328.15,329.1,328.15,328.15,-0.39,3.67,3.71,3.67,3.67,-1.08,149.13,108.13,180.38,
1/8/1993,329.45,329.4,329.45,329.45,-0.03,3.71,3.67,3.71,3.71,1.09,131.09,105.96,153.19,
1/7/1993,329.55,330.35,329.55,329.55,-0.11,3.67,3.7,3.67,3.67,-1.08,154.16,71.48,214.64,
1/6/1993,329.9,329.15,329.9,329.9,0.2,3.71,3.7,3.71,3.7,0,84.32,64.05,106.84,
1/5/1993,329.25,328.65,329.25,329.25,0.21,3.71,3.64,3.71,3.7,1.64,119.93,82.46,144.43,
1/4/1993,328.55,333.05,328.55,328.55,-1.38,3.65,3.68,3.65,3.64,-1.08,122.35,171.67,128.12,
12/31/1992,333.15,333.35,333.15,333.15,-0.07,3.69,3.68,3.69,3.68,0,88.65,65.12,93.11,
12/30/1992,333.4,333.05,333.4,333.4,0.12,3.69,3.66,3.69,3.68,0.54,143.07,109.71,164.72,
12/29/1992,333,333.25,333,333,-0.08,3.67,3.68,3.67,3.66,-0.54,106.86,63.92,133.28,
12/28/1992,333.25,333.5,333.25,333.25,-0.22,3.69,3.68,3.69,3.68,0,99.71,77.31,138.19,
12/25/1992,334,333,334,334,0.27,3.69,3.68,3.69,3.68,0,84.94,78.16,108.66,
12/24/1992,333.1,333.3,333.1,333.1,-0.05,3.69,3.7,3.69,3.68,-0.54,85.28,17.9,126.9,
12/23/1992,333.25,332.85,333.25,333.25,0.24,3.71,3.7,3.71,3.7,0,122.02,63.07,157.83,
12/22/1992,332.45,334.15,332.45,332.45,-0.52,3.71,3.74,3.71,3.7,-1.07,121.31,130.23,116.39,
12/21/1992,334.2,337.2,334.2,334.2,-0.89,3.75,3.77,3.75,3.74,-0.79,72.46,30.96,94.69,
12/18/1992,337.2,338.2,337.2,337.2,-0.31,3.78,3.77,3.78,3.77,-0.26,54.37,38.71,64.58,
12/17/1992,338.25,337.5,338.25,338.25,0.15,3.79,3.75,3.79,3.78,1.07,88.29,84.5,93.97,
12/16/1992,337.75,334.6,337.75,337.75,0.9,3.75,3.7,3.75,3.74,1.08,89.64,76.6,85.19,
12/15/1992,334.75,334.7,334.75,334.75,-0.01,3.71,3.72,3.71,3.7,-0.54,49.37,35.8,59.72,
12/14/1992,334.8,335.25,334.8,334.8,-0.13,3.73,3.72,3.73,3.72,0,80.55,30.11,117.21,
12/11/1992,335.25,334,335.25,335.25,0.33,3.73,3.72,3.73,3.72,0,61.14,71.71,41.87,
12/10/1992,334.15,333.95,334.15,334.15,0.09,3.73,3.71,3.73,3.72,0.54,31.38,13.9,40.59,
12/9/1992,333.85,335.45,333.85,333.85,-0.52,3.71,3.75,3.71,3.71,-1.33,84.29,58.82,98.12,
12/8/1992,335.6,336.15,335.6,335.6,-0.16,3.76,3.76,3.76,3.75,-0.27,128.95,159.58,118.31,
12/7/1992,336.15,335.65,336.15,336.15,0.06,3.77,3.76,3.77,3.76,0.27,76.92,28.76,103.94,
12/4/1992,335.96,335.66,335.96,335.96,0.12,3.76,3.76,3.76,3.76,0,105.35,31.12,155.73,
12/3/1992,335.55,335.85,335.55,335.55,-0.1,3.76,3.74,3.76,3.75,0.27,60.66,53.75,72.86,
12/2/1992,335.9,334.75,335.9,335.9,0.22,3.75,3.74,3.75,3.75,0,86.94,60.67,93.99,
12/1/1992,335.15,334.4,335.15,335.15,0.18,3.75,3.75,3.75,3.74,-0.27,143.22,119.75,161.35,
11/30/1992,334.55,334.55,334.55,334.55,-0.06,3.76,3.73,3.76,3.75,0.27,147.79,132.09,152.56,
11/27/1992,334.75,334.85,334.75,334.75,-0.03,3.75,3.76,3.75,3.75,-0.53,54.3,15.47,83.86,
11/26/1992,334.85,333.7,334.85,334.85,0.36,3.77,3.75,3.77,3.76,0.27,93.09,46.4,129.02,
11/25/1992,333.65,334.85,333.65,333.65,-0.36,3.76,3.76,3.76,3.75,0,96.69,50.29,125.84,
11/24/1992,334.85,334.5,334.85,334.85,0.09,3.76,3.75,3.76,3.76,0.27,116.7,44.75,164.23,
11/23/1992,334.55,335.9,334.55,334.55,-0.27,3.75,3.76,3.75,3.75,-0.53,148.77,69.21,206.18,
11/20/1992,335.45,335.35,335.45,335.45,0.06,3.77,3.76,3.77,3.76,0,81.61,29.58,123.38,
11/19/1992,335.25,334.95,335.25,335.25,0.07,3.77,3.75,3.77,3.76,0.27,89.44,89.17,95.62,
11/18/1992,335,335.55,335,335,-0.13,3.76,3.76,3.76,3.75,-0.27,84.29,58.82,98.12,
11/17/1992,335.45,334.45,335.45,335.45,0.24,3.77,3.75,3.77,3.76,0.27,99.63,49.66,138.07,
11/16/1992,334.65,336.05,334.65,334.65,-0.39,3.76,3.75,3.76,3.75,0,132.31,117.24,162.99,
11/13/1992,335.95,333.75,335.95,335.95,0.9,3.76,3.8,3.76,3.75,-0.79,86.28,74.8,106.06,
11/12/1992,332.95,332.8,332.95,332.95,0.21,3.79,3.68,3.79,3.78,2.99,55.15,65.97,48.91,
11/11/1992,332.25,330.75,332.25,332.25,0.61,3.68,3.66,3.68,3.67,0.55,130.76,139.05,152.22,
11/10/1992,330.25,333.4,330.25,330.25,-0.93,3.66,3.71,3.66,3.65,-1.61,140.87,76.6,198.78,
11/9/1992,333.35,336,333.35,333.35,-0.73,3.72,3.87,3.72,3.71,-4.37,163.46,172.55,183.9,
11/6/1992,335.8,336.6,335.8,335.8,-0.28,3.89,3.92,3.89,3.88,-1.27,93.01,92.72,95.19,
11/5/1992,336.75,337.35,336.75,336.75,-0.24,3.94,3.84,3.94,3.93,2.07,54.64,20.43,73.83,
11/4/1992,337.55,338.05,337.55,337.55,-0.12,3.86,3.78,3.86,3.85,1.85,58.8,46.9,65.2,
11/3/1992,337.95,340.05,337.95,337.95,-0.59,3.79,3.78,3.79,3.78,0,79.93,53.12,96,
11/2/1992,339.95,339.65,339.95,339.95,0.07,3.79,3.76,3.79,3.78,0.8,76.59,104.99,55.73,
10/30/1992,339.7,339.5,339.7,339.7,0.01,3.76,3.76,3.76,3.76,-0.27,50.68,57.75,48.17,
10/29/1992,339.65,339.25,339.65,339.65,0.15,3.77,3.76,3.77,3.76,0,55.21,68.8,45.91,
10/28/1992,339.15,337.65,339.15,339.15,0.47,3.77,3.75,3.77,3.76,0.27,89.07,84.57,77.59,
10/27/1992,337.55,340.7,337.55,337.55,-0.94,3.76,3.76,3.76,3.76,0,74.69,113.87,29.23,
10/26/1992,340.75,343.6,340.75,340.75,-0.76,3.76,3.78,3.76,3.76,-1.05,72.96,67.89,64.72,
10/23/1992,343.35,342.4,343.35,343.35,0.23,3.8,3.78,3.8,3.8,0.26,90.31,108.04,78.1,
10/22/1992,342.55,343.75,342.55,342.55,-0.35,3.79,3.78,3.79,3.78,-0.52,82.81,79.26,88.14,
10/21/1992,343.75,343.6,343.75,343.75,0,3.81,3.79,3.81,3.8,0.26,61.96,32.94,82.43,
10/20/1992,343.75,342.75,343.75,343.75,0.31,3.8,3.73,3.8,3.79,1.6,66.17,16.49,96.29,
10/19/1992,342.7,342.8,342.7,342.7,0.13,3.74,3.73,3.74,3.73,0,74.44,55.66,77.37,
10/16/1992,342.25,341.35,342.25,342.25,0.26,3.74,3.71,3.74,3.73,0.81,83.07,75.92,80.59,
10/15/1992,341.35,342,341.35,341.35,-0.12,3.71,3.7,3.71,3.7,0,56.56,42.29,58.79,
10/14/1992,341.75,344.45,341.75,341.75,-0.78,3.71,3.71,3.71,3.7,-0.27,58.04,41.33,75.84,
10/13/1992,344.45,346.05,344.45,344.45,-0.42,3.72,3.75,3.72,3.71,-1.06,78.66,60.99,87.21,
10/12/1992,345.9,350.95,345.9,345.9,-1.33,3.76,3.78,3.76,3.75,-0.79,126.68,130.97,124.85,
10/9/1992,350.55,350,350.55,350.55,0.16,3.79,3.74,3.79,3.78,1.07,67.53,35.43,82.75,
10/8/1992,350,351.05,350,350,-0.24,3.75,3.74,3.75,3.75,0,74.64,70.87,70.93,
10/7/1992,350.85,350.45,350.85,350.85,0.13,3.75,3.75,3.75,3.74,0,50.45,41.91,55.93,
10/6/1992,350.4,350.5,350.4,350.4,-0.1,3.75,3.76,3.75,3.75,-0.53,34.51,34.4,28.69,
10/5/1992,350.75,349,350.75,350.75,0.63,3.77,3.75,3.77,3.76,0,54.9,54.74,53.26,
10/2/1992,348.55,348.15,348.55,348.55,0.06,3.77,3.72,3.77,3.77,1.07,74.64,70.87,70.93,
10/1/1992,348.35,348.55,348.35,348.35,-0.06,3.73,3.75,3.73,3.72,-0.8,56.99,49.71,71.08,
9/30/1992,348.55,348.95,348.55,348.55,-0.06,3.76,3.74,3.76,3.75,0,90.34,77.2,107.32,
9/29/1992,348.75,348.1,348.75,348.75,0.19,3.76,3.75,3.76,3.76,0.27,75.49,17.71,118.16,
9/28/1992,348.1,349.65,348.1,348.1,-0.34,3.75,3.81,3.75,3.75,-2.09,99.33,69.32,132.15,
9/25/1992,349.3,349.2,349.3,349.3,-0.01,3.83,3.83,3.83,3.82,-0.26,46.96,28.81,54.07,
9/24/1992,349.35,348.9,349.35,349.35,0.11,3.84,3.82,3.84,3.84,0.52,64.26,25.62,85.49,
9/23/1992,348.95,349.9,348.95,348.95,-0.16,3.82,3.85,3.82,3.81,-0.78,45.23,20.81,57.87,
9/22/1992,349.5,347.7,349.5,349.5,0.52,3.85,3.82,3.85,3.84,0.52,104.61,52.14,144.97,
9/21/1992,347.7,350.25,347.7,347.7,-1.01,3.83,3.84,3.83,3.82,-0.78,83.86,27.87,116.22,
9/18/1992,351.25,348.15,351.25,351.25,0.93,3.86,3.78,3.86,3.85,1.85,99.27,43.98,128.4,
9/17/1992,348,349.35,348,348,-0.34,3.79,3.85,3.79,3.78,-1.3,56.83,26.66,72.27,
9/16/1992,349.2,346.45,349.2,349.2,0.85,3.84,3.78,3.84,3.83,0.26,86.83,34.63,115.52,
9/15/1992,346.25,346.65,346.25,346.25,-0.13,3.83,3.79,3.83,3.82,1.06,93.91,59.58,113.59,
9/14/1992,346.7,339.25,346.7,346.7,1.67,3.79,3.69,3.79,3.78,2.16,93.1,29.31,138.54,
9/11/1992,341,342.25,341,341,-0.34,3.71,3.72,3.71,3.7,-0.27,56.56,21.15,82.31,
9/10/1992,342.15,342.05,342.15,342.15,0.03,3.72,3.72,3.72,3.71,-0.27,52.75,28.05,70.18,
9/9/1992,342.05,342.05,342.05,342.05,-0.12,3.73,3.72,3.73,3.72,0,94.16,93.87,106.76,
9/8/1992,342.45,342.45,342.45,342.45,-0.2,3.73,3.72,3.73,3.72,0,86.92,67.4,88.34,
9/7/1992,343.15,342.05,343.15,343.15,0.48,3.73,3.72,3.73,3.72,0,80.19,73.8,102.59,
9/4/1992,341.5,341.4,341.5,341.5,0.1,3.73,3.74,3.73,3.72,-0.53,98.39,65.39,115.15,
9/3/1992,341.15,339.1,341.15,341.15,0.66,3.75,3.71,3.75,3.74,0.81,78.87,68.37,74.14,
9/2/1992,338.9,340.75,338.9,338.9,-0.54,3.72,3.73,3.72,3.71,-0.53,72.48,59.5,70.9,
9/1/1992,340.75,342.35,340.75,340.75,-0.5,3.74,3.74,3.74,3.73,-0.27,75.89,53.41,81.67,
8/31/1992,342.45,340.1,342.45,342.45,0.81,3.75,3.69,3.75,3.74,1.35,108.97,141.22,81.55,
8/28/1992,339.7,339.05,339.7,339.7,0.16,3.7,3.72,3.7,3.69,-0.54,77.64,60.2,93.25,
8/27/1992,339.15,338.25,339.15,339.15,0.22,3.72,3.69,3.72,3.71,0.81,143.86,125.03,159.5,
8/26/1992,338.4,340.35,338.4,338.4,-0.62,3.69,3.69,3.69,3.68,-0.54,83.03,26.14,123.55,
8/25/1992,340.5,341.55,340.5,340.5,-0.38,3.71,3.73,3.71,3.7,-1.07,118.82,94.76,142.27,
8/24/1992,341.8,338.25,341.8,341.8,1.23,3.75,3.75,3.75,3.74,0,65.35,60.13,66.88,
8/21/1992,337.65,337.75,337.65,337.65,-0.03,3.75,3.76,3.75,3.74,-0.27,52.4,67.17,37.35,
8/20/1992,337.75,337.75,337.75,337.75,-0.03,3.76,3.78,3.76,3.75,-0.79,101.12,125.14,86.98,
8/19/1992,337.85,336.25,337.85,337.85,0.49,3.79,3.78,3.79,3.79,0,76.25,92.91,49.31,
8/18/1992,336.2,337.35,336.2,336.2,-0.31,3.79,3.79,3.79,3.78,-0.26,62.42,62.23,66.73,
8/17/1992,337.25,336.1,337.25,337.25,0.51,3.8,3.81,3.8,3.79,-0.26,124.16,148.53,99.11,
8/14/1992,335.55,335.25,335.55,335.55,0.13,3.81,3.79,3.81,3.81,0.53,102.1,82.94,113.2,
8/13/1992,335.1,340.6,335.1,335.1,-1.51,3.79,3.81,3.79,3.79,-0.52,61.08,50.14,59.75,
8/12/1992,340.25,347.95,340.25,340.25,-2.2,3.81,3.9,3.81,3.8,-2.56,80.07,58.82,84.11,
8/11/1992,347.9,350.05,347.9,347.9,-0.64,3.91,3.96,3.91,3.9,-1.51,144.65,173.05,120.28,
8/10/1992,350.15,350.85,350.15,350.15,-0.13,3.97,3.97,3.97,3.96,-0.25,128.39,112.64,128.12,
8/7/1992,350.6,349.55,350.6,350.6,0.3,3.98,3.92,3.98,3.97,1.27,89.63,14.89,142.85,
8/6/1992,349.55,349.75,349.55,349.55,-0.03,3.93,3.89,3.93,3.92,0.77,49.6,7.06,76.6,
8/5/1992,349.65,353.05,349.65,349.65,-0.99,3.9,3.88,3.9,3.89,0.26,66.41,46.73,77.96,
8/4/1992,353.15,353.35,353.15,353.15,-0.03,3.89,3.89,3.89,3.88,-0.26,84.22,46.64,108.94,
8/3/1992,353.25,358.25,353.25,353.25,-1.29,3.9,3.94,3.9,3.89,-1.27,66.92,47.65,71.55,
7/31/1992,357.85,356.95,357.85,357.85,0.31,3.95,3.93,3.95,3.94,0.25,73.13,65.61,72.97,
7/30/1992,356.75,356.85,356.75,356.75,0.03,3.94,3.9,3.94,3.93,0.77,30.96,20.58,34.32,
7/29/1992,356.65,359.2,356.65,356.65,-0.72,3.91,3.95,3.91,3.9,-1.26,62.19,74.4,55.16,
7/28/1992,359.25,359.25,359.25,359.25,0.34,3.96,3.95,3.96,3.95,-0.25,94.64,80.87,104.93,
7/27/1992,358.05,358.75,358.05,358.05,-0.4,3.97,3.97,3.97,3.96,-0.5,86.67,76.8,88.08,
7/24/1992,359.5,357.95,359.5,359.5,0.42,3.99,3.97,3.99,3.98,0.25,106.4,70.71,123.86,
7/23/1992,358,359.35,358,358,-0.35,3.98,3.98,3.98,3.97,-0.5,112.72,79.75,120.94,
7/22/1992,359.25,357.55,359.25,359.25,0.45,4,3.95,4,3.99,1.01,76.75,32.22,114.21,
7/21/1992,357.65,358.85,357.65,357.65,-0.35,3.96,3.97,3.96,3.95,-0.5,66.08,61.48,73.26,
7/20/1992,358.9,358,358.9,358.9,0.48,3.98,3.99,3.98,3.97,-0.5,69.23,74.33,62,
7/17/1992,357.2,352.5,357.2,357.2,1.33,4,3.92,4,3.99,1.78,57.71,38.36,83.18,
7/16/1992,352.5,353.7,352.5,352.5,-0.34,3.93,3.95,3.93,3.92,-0.76,78.79,49.98,101.25,
7/15/1992,353.7,350.85,353.7,353.7,0.81,3.96,3.94,3.96,3.95,0.25,28.98,8.26,41.32,
7/14/1992,350.85,349.25,350.85,350.85,0.54,3.95,3.93,3.95,3.94,0.25,97.43,61.81,132.57,
7/13/1992,348.95,348.55,348.95,348.95,0.2,3.94,3.93,3.94,3.93,0,54.3,68.9,41.05,
7/10/1992,348.25,348.45,348.25,348.25,-0.13,3.94,3.95,3.94,3.93,-0.51,63.56,59.64,80.83,
7/9/1992,348.7,347.35,348.7,348.7,0.39,3.96,3.88,3.96,3.95,1.54,79.39,35.97,114.02,
7/8/1992,347.35,346.3,347.35,347.35,0.27,3.9,3.88,3.9,3.89,0.26,132.86,35.32,198.85,
7/7/1992,346.4,346.55,346.4,346.4,-0.07,3.89,4.04,3.89,3.88,-3.95,101.55,48.21,144.76,
7/6/1992,346.65,346.15,346.65,346.65,0.12,4.05,4.05,4.05,4.04,-0.25,74.8,85.22,79.97,
7/3/1992,346.25,346.25,346.25,346.25,0,4.06,4.04,4.06,4.05,0.25,113.67,48.56,162.03,
7/2/1992,346.25,344.15,346.25,346.25,0.61,4.05,4.04,4.05,4.04,0.25,53.37,21.28,76.92,
7/1/1992,344.15,343.3,344.15,344.15,0.26,4.04,4.04,4.04,4.04,0,77.51,32.54,101.77,
6/30/1992,343.25,343.75,343.25,343.25,-0.13,4.04,4.03,4.04,4.04,0,56.29,34.53,64.81,
6/29/1992,343.7,342.5,343.7,343.7,0.34,4.04,3.99,4.04,4.03,1.25,98.39,102.76,109.09,
6/26/1992,342.55,343.05,342.55,342.55,-0.15,3.99,4.02,3.99,3.98,-0.75,43.83,29.13,60.74,
6/25/1992,343.05,342.95,343.05,343.05,0.04,4.02,4.03,4.02,4.01,-0.5,47.61,13.56,73.53,
6/24/1992,342.9,344.2,342.9,342.9,-0.42,4.04,4.04,4.04,4.03,-0.25,116.82,74.86,138.77,
6/23/1992,344.35,343.45,344.35,344.35,0.26,4.05,4.04,4.05,4.04,0,80.69,62.56,82,
6/22/1992,343.45,341.4,343.45,343.45,0.73,4.05,4.03,4.05,4.04,0.5,75.17,59.95,75.01,
6/19/1992,340.95,342.45,340.95,340.95,-0.45,4.03,4.09,4.03,4.02,-1.71,88.53,29.42,128.83,
6/18/1992,342.5,341.55,342.5,342.5,0.26,4.1,4.08,4.1,4.09,0.24,98.1,32.6,146.83,
6/17/1992,341.6,342.05,341.6,341.6,-0.16,4.09,4.09,4.09,4.08,-0.49,90.34,34.31,128.78,
6/16/1992,342.15,342.85,342.15,342.15,-0.18,4.11,4.11,4.11,4.1,-0.48,126.02,53.84,164.67,
6/15/1992,342.75,342.55,342.75,342.75,0,4.13,4.12,4.13,4.12,0,107.01,77.59,129.43,
6/12/1992,342.75,340.25,342.75,342.75,0.73,4.13,4.09,4.13,4.12,0.73,70.32,51.66,80.02,
6/11/1992,340.25,337.85,340.25,340.25,0.7,4.1,4.05,4.1,4.09,0.99,92.59,41.02,125.46,
6/10/1992,337.9,338.05,337.9,337.9,-0.04,4.06,4.04,4.06,4.05,0.25,83.23,58.08,103.81,
6/9/1992,338.05,338.3,338.05,338.05,-0.03,4.05,4.04,4.05,4.04,0,139.48,60.83,188.47,
6/8/1992,338.15,338.8,338.15,338.15,-0.18,4.05,4.05,4.05,4.04,-0.25,63.99,29.44,90.04,
6/5/1992,338.75,338.75,338.75,338.75,0,4.06,4.07,4.06,4.05,-0.49,138.91,35.51,213.25,
6/4/1992,338.75,338.55,338.75,338.75,0.07,4.08,4.04,4.08,4.07,0.49,117.32,20.64,189.37,
6/3/1992,338.5,338.75,338.5,338.5,-0.13,4.06,4.07,4.06,4.05,-0.49,163.27,68.53,214.36,
6/2/1992,338.95,337.75,338.95,338.95,0.33,4.08,4.05,4.08,4.07,0.74,56.22,9.34,85.71,
6/1/1992,337.85,336.75,337.85,337.85,0.39,4.05,4.01,4.05,4.05,0.5,86.24,40.46,134.98,
5/29/1992,336.55,337.2,336.55,336.55,-0.22,4.03,4.06,4.03,4.02,-0.74,68.41,50.25,89.82,
5/28/1992,337.3,337.85,337.3,337.3,-0.15,4.06,4.08,4.06,4.05,-0.49,92.88,75.44,108.69,
5/27/1992,337.8,338.2,337.8,337.8,-0.1,4.08,4.09,4.08,4.08,-0.49,80.3,32.02,113.52,
5/26/1992,338.15,338.45,338.15,338.15,-0.06,4.1,4.09,4.1,4.09,0.24,138.22,209.07,87.19,
5/25/1992,338.35,337.95,338.35,338.35,0.15,4.09,4.08,4.09,4.08,0.25,149.44,49.66,207.11,
5/22/1992,337.85,337.2,337.85,337.85,0.21,4.08,4.07,4.08,4.08,0,80.61,53.57,114.9,
5/21/1992,337.15,337.9,337.15,337.15,-0.22,4.08,4.08,4.08,4.07,0,73.24,46.47,99.66,
5/20/1992,337.9,337.9,337.9,337.9,0.03,4.08,4.08,4.08,4.08,-0.24,94.77,77.3,100.29,
5/19/1992,337.8,338.7,337.8,337.8,-0.25,4.09,4.08,4.09,4.08,-0.24,85.93,77.1,78.6,
5/18/1992,338.65,338.55,338.65,338.65,0,4.1,4.08,4.1,4.09,0.24,111.71,87.16,113.09,
5/15/1992,338.65,340.35,338.65,338.65,0.3,4.09,4.08,4.09,4.08,-0.73,50.3,21.49,71.7,
5/14/1992,337.65,338.35,337.65,337.65,0.54,4.12,4.11,4.12,4.11,0.98,40.28,18.54,51.53,
5/13/1992,335.85,336.45,335.85,335.85,0.25,4.08,4.08,4.08,4.08,0,55.08,39.22,65.43,
5/12/1992,335,336.75,335,335,-0.45,4.08,4.08,4.08,4.08,-0.49,113.03,78.01,137.36,
5/11/1992,336.5,337.15,336.5,336.5,0.25,4.1,4.09,4.1,4.09,0.24,67.42,62.73,74.75,
5/8/1992,335.65,337.75,335.65,335.65,0.06,4.09,4.09,4.09,4.09,0.99,44.81,29.78,49.69,
5/7/1992,335.45,336.95,335.45,335.45,-0.39,4.05,4.04,4.05,4.04,-0.49,85.38,47.66,102.23,
5/6/1992,336.75,337.45,336.75,336.75,-0.09,4.07,4.06,4.07,4.06,0,92.02,63.81,119.76,
5/5/1992,337.05,337.45,337.05,337.05,0.09,4.07,4.06,4.07,4.06,1.5,60.54,68.98,43.15,
5/4/1992,336.75,338.5,336.75,336.75,-0.53,4.01,4.01,4.01,4.01,-0.5,92.56,77.7,105.32,
5/1/1992,338.55,338.65,338.55,338.55,0.42,4.03,4.02,4.03,4.02,0.75,52.52,52.36,49.91,
4/30/1992,337.15,337.75,337.15,337.15,0.42,4,3.99,4,3.99,0.76,76.88,99.97,61.15,
4/29/1992,335.75,336.95,335.75,335.75,-0.16,3.97,3.96,3.97,3.96,0.25,64.56,40.22,80.52,
4/28/1992,336.3,337.75,336.3,336.3,0.04,3.96,3.95,3.96,3.95,0,71.14,70.92,66.55,
4/27/1992,336.15,337.1,336.15,336.15,-0.1,3.96,3.95,3.96,3.95,-1,88.65,74.42,85.35,
4/24/1992,336.5,338.25,336.5,336.5,-0.55,4,3.99,4,3.99,-0.5,49.05,67.7,50.2,
4/23/1992,338.35,340.05,338.35,338.35,-0.09,4.02,4.01,4.02,4.01,-0.25,57.94,47.57,68.01,
4/22/1992,338.65,340.85,338.65,338.65,-0.5,4.03,4.02,4.03,4.02,0.5,72.01,50.68,91.58,
4/21/1992,340.35,342.05,340.35,340.35,0.99,4.01,4.01,4.01,4.01,0.5,116.39,124.95,104.22,
4/20/1992,337,338.15,337,337,-0.3,3.99,3.98,3.99,3.98,-0.25,143.36,142.92,127.72,
4/17/1992,338,338.25,338,338,0.19,4,3.99,4,3.99,0.25,117.05,85.57,129.78,
4/16/1992,337.35,337.55,337.35,337.35,0.43,3.99,3.98,3.99,3.98,-0.99,87.53,73.83,95.18,
4/15/1992,335.9,341.31,335.9,335.9,-1.06,4.03,4.02,4.03,4.02,-1.95,108.88,108.55,111.43,
4/14/1992,339.5,339.75,339.5,339.5,0.04,4.11,4.1,4.11,4.1,0.24,95.29,81.43,105.65,
4/13/1992,339.35,342.75,339.35,339.35,-0.5,4.1,4.09,4.1,4.09,-0.49,80.67,40.21,109.01,
4/10/1992,341.05,342.75,341.05,341.05,0.43,4.12,4.11,4.12,4.11,0,105.33,72.42,126.85,
4/9/1992,339.6,339.6,339.6,339.6,0.52,4.12,4.11,4.12,4.11,0.49,75.29,75.05,79.68,
4/8/1992,337.85,339.15,337.85,337.85,-0.21,4.1,4.09,4.1,4.09,0.24,108.02,119.65,99.8,
4/7/1992,338.55,340.35,338.55,338.55,-0.44,4.09,4.08,4.09,4.08,-0.73,96.32,91.85,90.54,
4/6/1992,340.05,341.1,340.05,340.05,-0.25,4.12,4.11,4.12,4.11,0.98,86.22,54.29,105.65,
4/3/1992,340.9,342,340.9,340.9,0.1,4.08,4.08,4.08,4.08,-0.24,67.46,84.95,59.05,
4/2/1992,340.55,343.15,340.55,340.55,-0.58,4.09,4.08,4.09,4.08,-0.24,88.25,43.99,115.32,
4/1/1992,342.55,345,342.55,342.55,-0.25,4.1,4.09,4.1,4.09,-0.97,118.74,106.13,143,
3/31/1992,343.4,344.95,343.4,343.4,0.45,4.14,4.14,4.14,4.14,0,86.49,103.47,71.92,
3/30/1992,341.85,344,341.85,341.85,-0.18,4.14,4.13,4.14,4.13,0,134.23,66.91,199.31,
3/27/1992,342.45,343.35,342.45,342.45,0.5,4.14,4.14,4.14,4.14,0.98,118.73,71.02,151.38,
3/26/1992,340.75,341.55,340.75,340.75,-0.15,4.1,4.09,4.1,4.09,0,91.56,58.68,130.52,
3/25/1992,341.25,343.25,341.25,341.25,0.49,4.1,4.09,4.1,4.09,-0.24,58.56,8.34,90.43,
3/24/1992,339.6,339.9,339.6,339.6,0.4,4.11,4.1,4.11,4.1,0.24,75,83.08,76.23,
3/23/1992,338.25,339.25,338.25,338.25,-0.06,4.1,4.09,4.1,4.09,-0.73,103.96,75.38,117.88,
3/20/1992,338.45,340.1,338.45,338.45,-0.15,4.13,4.12,4.13,4.12,0.24,129.25,36.82,190.39,
3/19/1992,338.95,339.85,338.95,338.95,0.09,4.12,4.12,4.12,4.12,1.98,101.77,85.1,114.66,
3/18/1992,338.65,342,338.65,338.65,-0.56,4.04,4.03,4.04,4.03,-0.74,75.02,23.62,105.06,
3/17/1992,340.55,344.25,340.55,340.55,-0.87,4.07,4.06,4.07,4.06,-0.49,78.46,52.14,101.48,
3/16/1992,343.55,348.1,343.55,343.55,-0.98,4.09,4.08,4.09,4.08,-0.73,82.58,36.59,106.82,
3/13/1992,346.95,349.05,346.95,346.95,-0.13,4.12,4.11,4.12,4.11,0.24,106.51,70.79,135.81,
3/12/1992,347.4,351.6,347.4,347.4,-0.83,4.11,4.1,4.11,4.1,-1.2,72.16,20.55,108.58,
3/11/1992,350.3,350.85,350.3,350.3,0.36,4.16,4.15,4.16,4.15,-0.24,97.67,48.68,142.12,
3/10/1992,349.05,349.55,349.05,349.05,0,4.17,4.16,4.17,4.16,0,88.45,70.54,102.97,
3/9/1992,349.05,349.75,349.05,349.05,-0.13,4.17,4.16,4.17,4.16,0,100.66,109.47,98.92,
3/6/1992,349.5,352.7,349.5,349.5,-0.63,4.17,4.16,4.17,4.16,0.48,58.18,50.75,66.52,
3/5/1992,351.7,351.85,351.7,351.7,0.3,4.15,4.14,4.15,4.14,0.73,60.35,53.48,61.34,
3/4/1992,350.65,350.95,350.65,350.65,0.01,4.12,4.12,4.12,4.12,0,65.63,61.58,70.63,
3/3/1992,350.6,353.35,350.6,350.6,-0.27,4.12,4.11,4.12,4.11,-0.24,88.5,42.01,112.14,
3/2/1992,351.55,353.6,351.55,351.55,-0.44,4.13,4.12,4.13,4.12,0.24,51.83,37.58,54.85,
2/28/1992,353.1,354.2,353.1,353.1,-0.18,4.12,4.12,4.12,4.12,0,84.75,66.12,91.92,
2/27/1992,353.75,355.45,353.75,353.75,1.17,4.12,4.11,4.12,4.11,0.98,37.53,47.61,28.37,
2/26/1992,349.65,350.1,349.65,349.65,0.01,4.08,4.08,4.08,4.08,-0.24,63.1,23.59,98.38,
2/25/1992,349.6,351.5,349.6,349.6,-0.1,4.09,4.08,4.09,4.08,-0.49,93.5,35.51,140.69,
2/24/1992,349.95,351.85,349.95,349.95,-0.37,4.11,4.1,4.11,4.1,-0.24,76.7,86.02,63.78,
2/21/1992,351.25,354,351.25,351.25,-0.59,4.12,4.11,4.12,4.11,0,78.96,82.47,68.78,
2/20/1992,353.35,353.95,353.35,353.35,0.11,4.12,4.12,4.12,4.12,1.23,68.49,43.45,82.84,
2/19/1992,352.95,354.05,352.95,352.95,-0.03,4.07,4.06,4.07,4.06,0,119.04,57.29,157.01,
2/18/1992,353.05,354.95,353.05,353.05,-0.34,4.07,4.06,4.07,4.06,-1.93,97.43,92.5,92.59,
2/17/1992,354.25,354.75,354.25,354.25,0.25,4.15,4.14,4.15,4.14,-0.48,43.88,65.61,18.24,
2/14/1992,353.35,356.15,353.35,353.35,-0.63,4.17,4.16,4.17,4.16,-0.95,96.99,74.38,111.67,
2/13/1992,355.6,358.4,355.6,355.6,-0.61,4.21,4.2,4.21,4.2,-0.24,77.43,46.98,89.58,
2/12/1992,357.8,358.6,357.8,357.8,0.49,4.22,4.21,4.22,4.21,0.96,93.79,68,99.26,
2/11/1992,356.05,357.05,356.05,356.05,0.11,4.18,4.17,4.18,4.17,-0.48,74.29,26.14,109.02,
2/10/1992,355.65,356.35,355.65,355.65,0.25,4.2,4.19,4.2,4.19,0,64.5,27.56,84.28,
2/7/1992,354.75,357.25,354.75,354.75,-0.23,4.2,4.19,4.2,4.19,-0.24,99.71,73.63,116.69,
2/6/1992,355.55,357.05,355.55,355.55,-0.04,4.21,4.2,4.21,4.2,0,75.76,68.66,103.08,
2/5/1992,355.7,356.65,355.7,355.7,-0.07,4.21,4.2,4.21,4.2,0.96,97.43,64.75,121.52,
2/4/1992,355.95,356.85,355.95,355.95,-0.01,4.17,4.16,4.17,4.16,0,70.57,61.56,66.02,
2/3/1992,356,357.85,356,356,-0.28,4.17,4.16,4.17,4.16,-0.24,105.16,123.9,79.5,
1/31/1992,357,359.35,357,357,0.73,4.18,4.17,4.18,4.17,0.48,129.61,60.8,177.51,
1/30/1992,354.4,357.75,354.4,354.4,-0.58,4.16,4.15,4.16,4.15,-2.12,146.85,74.9,193.1,
1/29/1992,356.45,358.85,356.45,356.45,0.15,4.25,4.24,4.25,4.24,1.43,107,59.73,128.12,
1/28/1992,355.9,357.15,355.9,355.9,0.24,4.19,4.18,4.19,4.18,0.48,97.95,62.14,125.88,
1/27/1992,355.05,357.25,355.05,355.05,0.08,4.17,4.16,4.17,4.16,0.24,85.18,113.22,70.83,
1/24/1992,354.75,356.75,354.75,354.75,-0.03,4.16,4.15,4.16,4.15,-1.42,113.01,49.29,158.57,
1/23/1992,354.85,359.75,354.85,354.85,-0.77,4.22,4.21,4.22,4.21,-1.63,74.09,55.4,82.15,
1/22/1992,357.6,358.35,357.6,357.6,-0.04,4.29,4.28,4.29,4.28,0,80.6,40.17,113.93,
1/21/1992,357.75,358.63,357.75,357.75,-0.03,4.29,4.28,4.29,4.28,0.23,115.18,55.12,145.58,
1/20/1992,357.85,361.05,357.85,357.85,1.06,4.28,4.27,4.28,4.27,-0.23,131.96,108.87,151.35,
1/17/1992,354.1,358.1,354.1,354.1,-0.69,4.29,4.28,4.29,4.28,-0.46,72.59,45.71,101.67,
1/16/1992,356.55,358.55,356.55,356.55,0.68,4.31,4.3,4.31,4.3,3.86,55.04,27.43,68.65,
1/15/1992,354.15,356.55,354.15,354.15,-0.2,4.15,4.14,4.15,4.14,1.47,89.53,17,141.8,
1/14/1992,354.85,355.95,354.85,354.85,0.25,4.09,4.08,4.09,4.08,0.25,124.33,44.27,177.23,
1/13/1992,353.95,356.85,353.95,353.95,-0.67,4.08,4.07,4.08,4.07,-0.73,84.56,19.83,132.35,
1/10/1992,356.35,359.4,356.35,356.35,-0.25,4.11,4.1,4.11,4.1,-1.2,94.43,45.19,138.2,
1/9/1992,357.25,358.55,357.25,357.25,1.85,4.16,4.15,4.16,4.15,4.79,99.48,79.34,110.29,
1/8/1992,350.75,351.65,350.75,350.75,0.34,3.97,3.96,3.97,3.96,0.76,108.11,103.47,100.69,
1/7/1992,349.55,350.45,349.55,349.55,-0.06,3.94,3.93,3.94,3.93,-0.51,131.34,106.68,153.7,
1/6/1992,349.75,351.5,349.75,349.75,-0.29,3.96,3.95,3.96,3.95,-0.25,114.77,83.21,130.13,
1/3/1992,350.75,354,350.75,350.75,-0.48,3.97,3.96,3.97,3.96,0,114.39,95.03,118.9,
1/2/1992,352.45,354.65,352.45,352.45,-0.52,3.97,3.96,3.97,3.96,1.53,103.37,131.16,85.96,
1/1/1992,354.3,354.3,354.3,354.3,0,3.91,3.9,3.91,3.9,0,120.77,80.27,162.59,
12/31/1991,354.3,354.7,354.3,354.3,0.38,3.91,3.9,3.91,3.9,0.77,141.17,90.48,176.09,
12/30/1991,352.95,354.9,352.95,352.95,-0.3,3.88,3.87,3.88,3.87,-0.26,95.61,67.28,112.24,
12/27/1991,354,356.55,354,354,-0.34,3.89,3.88,3.89,3.88,-1.02,92.56,19.43,137.73,
12/26/1991,355.2,359.25,355.2,355.2,-0.99,3.93,3.92,3.93,3.92,0.51,86.41,95.72,63.87,
12/25/1991,358.75,360.5,358.75,358.75,-0.22,3.91,3.89,3.91,3.89,-0.76,86.55,78.44,78.51,
12/24/1991,359.55,360.1,359.55,359.55,-0.01,3.94,3.93,3.94,3.93,0.25,105.33,52.5,166.41,
12/23/1991,359.6,361.25,359.6,359.6,0.25,3.93,3.92,3.93,3.92,1.29,93.46,31.06,138.16,
12/20/1991,358.7,359.6,358.7,358.7,0.27,3.88,3.87,3.88,3.87,0.52,109.04,29.99,162.58,
12/19/1991,357.75,359.55,357.75,357.75,-0.36,3.86,3.85,3.86,3.85,0,88.15,47.32,129.69,
12/18/1991,359.05,359.55,359.05,359.05,0.64,3.86,3.85,3.86,3.85,0,77.04,34.13,106.76,
12/17/1991,356.75,359.25,356.75,356.75,-0.65,3.86,3.85,3.86,3.85,-0.26,97.69,61.97,118.16,
12/16/1991,359.1,360.65,359.1,359.1,-0.03,3.87,3.86,3.87,3.86,0,160.76,67.99,226.84,
12/13/1991,359.2,360.2,359.2,359.2,0.34,3.87,3.86,3.87,3.86,0.26,104.57,52.12,142.85,
12/12/1991,358,367.15,358,358,-2.24,3.86,3.85,3.86,3.85,-2.03,99.89,57.82,123.26,
12/11/1991,366.2,368.8,366.2,366.2,-0.56,3.94,3.93,3.94,3.93,-1.75,106.86,86.8,138.22,
12/10/1991,368.25,371.26,368.25,368.25,-0.19,4.01,4.01,4.01,4.01,-0.74,171.05,58.23,242.84,
12/9/1991,368.95,372.05,368.95,368.95,0,4.04,4.03,4.04,4.03,-0.25,100.52,54.66,144.37,
12/6/1991,368.95,370.25,368.95,368.95,0.6,4.05,4.05,4.05,4.05,-0.25,91,36.29,127.13,
12/5/1991,366.75,367.25,366.75,366.75,0.45,4.06,4.05,4.06,4.05,0.5,71.35,40.64,84.75,
12/4/1991,365.1,366.5,365.1,365.1,0.4,4.04,4.03,4.04,4.03,0,101.36,64.67,114.63,
12/3/1991,363.65,367.27,363.65,363.65,-0.79,4.04,4.03,4.04,4.03,-0.98,120.86,44.63,178.67,
12/2/1991,366.55,369.15,366.55,366.55,-0.37,4.08,4.07,4.08,4.07,0,125.79,83.6,165.62,
11/29/1991,367.9,368,367.9,367.9,0.51,4.08,4.07,4.08,4.07,-0.49,136.35,95.95,166.74,
11/28/1991,366.05,368.1,366.05,366.05,-0.46,4.1,4.09,4.1,4.09,0.24,112.36,69.52,154.64,
11/27/1991,367.75,368.75,367.75,367.75,0.57,4.09,4.09,4.09,4.09,0,93.67,84.89,99.13,
11/26/1991,365.65,368.1,365.65,365.65,-0.58,4.09,4.08,4.09,4.08,-0.24,139.29,104.15,195.46,
11/25/1991,367.8,369.85,367.8,367.8,-0.31,4.1,4.09,4.1,4.09,-1.2,96.02,47.86,151.7,
11/22/1991,368.95,369.45,368.95,368.95,0.35,4.15,4.14,4.15,4.14,0.48,124.18,80.1,145.77,
11/21/1991,367.65,370.05,367.65,367.65,1.02,4.13,4.12,4.13,4.12,0.73,122.57,77.17,160.93,
11/20/1991,363.95,364.95,363.95,363.95,0.26,4.1,4.09,4.1,4.09,0.49,71.19,33.4,90.54,
11/19/1991,363,364.75,363,363,0.74,4.08,4.07,4.08,4.07,0.99,121.72,95.34,137.36,
11/18/1991,360.35,361.95,360.35,360.35,0.31,4.04,4.03,4.04,4.03,0,99.48,79.34,107.53,
11/15/1991,359.25,360.25,359.25,359.25,1.17,4.04,4.03,4.04,4.03,1,95.17,87.58,103.48,
11/14/1991,355.1,357.2,355.1,355.1,-0.35,4,3.99,4,3.99,-1.48,60.6,20.14,83.98,
11/13/1991,356.35,357.45,356.35,356.35,0.13,4.06,4.05,4.06,4.05,0.25,92.35,72.05,113.52,
11/12/1991,355.9,356.55,355.9,355.9,0.15,4.05,4.04,4.05,4.04,0.25,86.94,60.67,115.67,
11/11/1991,355.35,355.45,355.35,355.35,0.38,4.04,4.03,4.04,4.03,0.75,126.68,112.26,148.26,
11/8/1991,354,355.25,354,354,0.1,4.01,4.01,4.01,4.01,0,83.48,60.52,94.66,
11/7/1991,353.65,356.05,353.65,353.65,-0.27,4.01,4.01,4.01,4.01,-1.72,53.64,53.48,44.61,
11/6/1991,354.6,355.05,354.6,354.6,0.07,4.08,4.07,4.08,4.07,0.25,87.88,106.65,63.54,
11/5/1991,354.35,357.3,354.35,354.35,-0.67,4.07,4.06,4.07,4.06,-0.49,113.16,102.56,111.21,
11/4/1991,356.75,356.95,356.75,356.75,0.39,4.09,4.08,4.09,4.08,0.74,152.08,151.62,173.89,
11/1/1991,355.35,358.25,355.35,355.35,-0.73,4.06,4.05,4.06,4.05,-1.22,64.4,24.08,87.02,
10/31/1991,357.95,359.75,357.95,357.95,0.01,4.11,4.1,4.11,4.1,0.49,105.38,84.05,140.21,
10/30/1991,357.9,361.26,357.9,357.9,-0.33,4.09,4.09,4.09,4.09,-0.49,112.56,112.22,106.97,
10/29/1991,359.1,359.35,359.1,359.1,0.14,4.11,4.1,4.11,4.1,0.74,120.21,150.91,125.88,
10/28/1991,358.6,360.45,358.6,358.6,-0.53,4.08,4.07,4.08,4.07,-0.24,83.68,58.88,114.6,
10/25/1991,360.5,363.4,360.5,360.5,-0.37,4.09,4.09,4.09,4.09,-0.97,120.18,104.84,143.66,
10/24/1991,361.85,362.05,361.85,361.85,-0.08,4.13,4.12,4.13,4.12,0.24,76.11,19.79,110.07,
10/23/1991,362.15,364.75,362.15,362.15,-0.3,4.12,4.11,4.12,4.11,-0.96,63.06,41.91,76.9,
10/22/1991,363.25,364.45,363.25,363.25,-0.01,4.16,4.15,4.16,4.15,0.24,103.66,98.85,119.92,
10/21/1991,363.3,364.8,363.3,363.3,0.35,4.15,4.14,4.15,4.14,0,79.96,68.32,104.48,
10/18/1991,362.05,362.65,362.05,362.05,0.54,4.15,4.14,4.15,4.14,0.73,68.34,64.54,65.8,
10/17/1991,360.1,360.25,360.1,360.1,0.7,4.12,4.11,4.12,4.11,0,84.67,63.3,111.47,
10/16/1991,357.6,358.15,357.6,357.6,0.04,4.12,4.11,4.12,4.11,0.98,80.33,45.76,101.78,
10/15/1991,357.45,359.95,357.45,357.45,-0.24,4.08,4.07,4.08,4.07,-0.24,132.69,72.98,190.23,
10/14/1991,358.3,361.25,358.3,358.3,-0.33,4.09,4.08,4.09,4.08,-0.97,36.35,27.18,37.78,
10/11/1991,359.5,360.6,359.5,359.5,0.36,4.13,4.13,4.13,4.13,1.72,96.27,49.77,142.32,
10/10/1991,358.2,360.75,358.2,358.2,-0.26,4.06,4.06,4.06,4.06,-1.22,59.27,39.39,87.62,
10/9/1991,359.15,359.35,359.15,359.15,0.62,4.11,4.1,4.11,4.1,0.98,118.31,84.24,154.59,
10/8/1991,356.95,359.25,356.95,356.95,-0.54,4.07,4.06,4.07,4.06,-1.45,157.74,192.2,153.03,
10/7/1991,358.9,360.45,358.9,358.9,0.01,4.13,4.12,4.13,4.12,-0.72,120.02,57.43,199.6,
10/4/1991,358.85,359.25,358.85,358.85,0.29,4.16,4.15,4.16,4.15,-0.95,140.96,77.29,181.68,
10/3/1991,357.8,358.45,357.8,357.8,0.75,4.2,4.19,4.2,4.19,0.72,134.79,60.47,184.94,
10/2/1991,355.15,357.95,355.15,355.15,0.3,4.17,4.16,4.17,4.16,0,107.41,137.06,121.47,
10/1/1991,354.1,354.55,354.1,354.1,0.01,4.17,4.17,4.17,4.17,0.48,180.61,87.83,249.08,
9/30/1991,354.05,356.25,354.05,354.05,1.37,4.15,4.14,4.15,4.14,1.47,133.49,39.43,197.34,
9/27/1991,349.25,351.3,349.25,349.25,-0.44,4.09,4.09,4.09,4.09,-1.21,139.75,67.78,201.01,
9/26/1991,350.8,353.25,350.8,350.8,-0.51,4.14,4.13,4.14,4.13,-1.9,162.52,68.94,235.77,
9/25/1991,352.6,354.4,352.6,352.6,-0.33,4.22,4.21,4.22,4.21,-0.94,142.61,73.12,189.73,
9/24/1991,353.75,354.55,353.75,353.75,0.78,4.26,4.25,4.26,4.25,0.95,150.57,97.13,198.85,
9/23/1991,351,351,351,351,0.7,4.22,4.21,4.22,4.21,2.68,190.02,204.8,196.45,
9/20/1991,348.55,349.05,348.55,348.55,0.03,4.11,4.1,4.11,4.1,0.74,133.69,59.24,185.28,
9/19/1991,348.45,350.85,348.45,348.45,0.06,4.08,4.08,4.08,4.08,-0.24,110.77,96.62,143.91,
9/18/1991,348.25,349.05,348.25,348.25,0.45,4.09,4.08,4.09,4.08,0.25,95.14,34.49,136.65,
9/17/1991,346.7,347.45,346.7,346.7,0.62,4.08,4.07,4.08,4.07,1.24,105.35,70.01,136.27,
9/16/1991,344.55,346.35,344.55,344.55,0.03,4.03,4.02,4.03,4.02,0.5,157.29,85.53,221.95,
9/13/1991,344.45,345.35,344.45,344.45,0.06,4.01,4.01,4.01,4.01,1.26,103.87,22.19,154.23,
9/12/1991,344.25,346.25,344.25,344.25,-0.35,3.96,3.95,3.96,3.95,0,114.23,96.62,120.89,
9/11/1991,345.45,350.25,345.45,345.45,-1.23,3.96,3.95,3.96,3.95,-1.49,88.66,32.14,120.64,
9/10/1991,349.75,352.25,349.75,349.75,-0.33,4.02,4.01,4.02,4.01,-0.99,113.6,90.6,128.47,
9/9/1991,350.9,352.45,350.9,350.9,0.5,4.06,4.05,4.06,4.05,1.5,76.8,91.87,68.12,
9/6/1991,349.15,349.55,349.15,349.15,0.66,4,3.99,4,3.99,3.09,129.16,90.89,145.31,
9/5/1991,346.85,349.11,346.85,346.85,-0.63,3.88,3.87,3.88,3.87,-1.27,90.31,57.62,126.16,
9/4/1991,349.05,349.6,349.05,349.05,0.23,3.93,3.92,3.93,3.92,0,97.16,64.57,123.11,
9/3/1991,348.25,350.35,348.25,348.25,0.07,3.93,3.92,3.93,3.92,2.61,84.18,49.36,107.05,
9/2/1991,348,348.9,348,348,-0.16,3.83,3.82,3.83,3.82,0,127.16,101.42,169.18,
8/30/1991,348.55,351.65,348.55,348.55,-0.83,3.83,3.83,3.83,3.83,-0.78,174.55,94.92,224.32,
8/29/1991,351.45,355.15,351.45,351.45,-0.86,3.86,3.85,3.86,3.85,-2.28,134.85,55.15,184.02,
8/28/1991,354.5,356.9,354.5,354.5,0,3.95,3.94,3.95,3.94,0.25,164.45,168.63,171.91,
8/27/1991,354.5,355.75,354.5,354.5,-0.21,3.94,3.93,3.94,3.93,-0.51,132.86,132.45,139.93,
8/26/1991,355.25,355.75,355.25,355.25,0.4,3.96,3.95,3.96,3.95,0,136.43,152.33,108.91,
8/23/1991,353.85,355.25,353.85,353.85,-0.2,3.96,3.96,3.96,3.96,1.02,155.15,167.21,139.47,
8/22/1991,354.55,357.75,354.55,354.55,-0.39,3.92,3.92,3.92,3.92,-1.01,146.47,164.74,124.92,
8/21/1991,355.95,357.55,355.95,355.95,-0.07,3.96,3.95,3.96,3.95,0,196.87,170.67,242,
8/20/1991,356.2,359.25,356.2,356.2,-0.75,3.96,3.95,3.96,3.95,-1.74,265.38,141.73,354.66,
8/19/1991,358.9,362.3,358.9,358.9,0.25,4.03,4.02,4.03,4.02,0.5,59.35,43.03,71.78,
8/16/1991,358,358.75,358,358,0.2,4.01,4.01,4.01,4.01,1.52,61.26,34.9,80.05,
8/15/1991,357.3,360.6,357.3,357.3,-0.15,3.95,3.94,3.95,3.94,-0.75,66.55,51.6,67.63,
8/14/1991,357.85,359.05,357.85,357.85,0.29,3.98,3.97,3.98,3.97,0.51,53.43,38.74,72.7,
8/13/1991,356.8,358.3,356.8,356.8,-0.2,3.96,3.95,3.96,3.95,-0.5,85.58,50.19,117.21,
8/12/1991,357.5,358.95,357.5,357.5,-0.35,3.98,3.97,3.98,3.97,-0.25,137.34,76.67,173.58,
8/9/1991,358.75,359.35,358.75,358.75,0.57,3.99,3.98,3.99,3.98,1.01,135.12,121.67,137.73,
8/8/1991,356.7,358.6,356.7,356.7,-0.07,3.95,3.94,3.95,3.94,-0.75,94.64,86.49,91.82,
8/7/1991,356.95,358.15,356.95,356.95,-0.08,3.98,3.97,3.98,3.97,0.51,113.41,131.91,102.16,
8/6/1991,357.25,357.95,357.25,357.25,0.27,3.96,3.96,3.96,3.96,0.25,102.45,87.54,137.93,
8/5/1991,356.3,357.35,356.3,356.3,-0.01,3.95,3.94,3.95,3.94,-0.25,63.5,42.2,70.4,
8/2/1991,356.35,363.75,356.35,356.35,-1.98,3.96,3.95,3.96,3.95,-2.46,92.13,66.8,132.33,
8/1/1991,363.55,365.55,363.55,363.55,-0.11,4.06,4.06,4.06,4.06,-0.49,96.55,66.64,123.52,
7/31/1991,363.95,364.75,363.95,363.95,0.05,4.08,4.07,4.08,4.07,0,125.34,44.63,178.67,
7/30/1991,363.75,364.75,363.75,363.75,-0.11,4.08,4.07,4.08,4.07,-0.24,104.14,59.32,131.95,
7/29/1991,364.15,366.85,364.15,364.15,-0.57,4.09,4.09,4.09,4.09,-0.24,105.33,73.5,148.89,
7/26/1991,366.25,366.55,366.25,366.25,0.47,4.1,4.09,4.1,4.09,0.24,102.62,57.29,122.88,
7/25/1991,364.55,366.9,364.55,364.55,0,4.09,4.08,4.09,4.08,0.99,99.34,75.13,125.33,
7/24/1991,364.55,368.35,364.55,364.55,-0.8,4.05,4.04,4.05,4.04,-5.37,85.05,44.63,111.67,
7/23/1991,367.5,368.8,367.5,367.5,0.03,4.28,4.27,4.28,4.27,-1.61,69.69,18.53,108.17,
7/22/1991,367.4,371.29,367.4,367.4,-0.86,4.35,4.34,4.35,4.34,-1.36,104.01,103.69,103.78,
7/19/1991,370.6,371,370.6,370.6,0.39,4.41,4.4,4.41,4.4,0.23,104.85,46.46,161.46,
7/18/1991,369.15,372.15,369.15,369.15,-0.11,4.4,4.39,4.4,4.39,-0.68,90.24,82.47,93.8,
7/17/1991,369.55,369.9,369.55,369.55,0.18,4.43,4.42,4.43,4.42,0.91,86.54,76.69,95.95,
7/16/1991,368.9,369.3,368.9,368.9,-0.18,4.39,4.38,4.39,4.38,-0.23,126.05,60.32,184.47,
7/15/1991,369.55,369.85,369.55,369.55,0.28,4.4,4.39,4.4,4.39,0,164.11,133.31,222.38,
7/12/1991,368.5,369.65,368.5,368.5,0.27,4.4,4.39,4.4,4.39,1.15,103.39,32.98,144.43,
7/11/1991,367.5,370,367.5,367.5,-0.58,4.35,4.34,4.35,4.34,-2.03,97.53,72.03,126.16,
7/10/1991,369.65,371.85,369.65,369.65,0.11,4.44,4.43,4.44,4.43,-0.45,130.15,92.08,174.56,
7/9/1991,369.25,370.55,369.25,369.25,-0.27,4.46,4.45,4.46,4.45,-0.67,105.09,54.66,144.37,
7/8/1991,370.25,371.95,370.25,370.25,0,4.49,4.48,4.49,4.48,-1.1,179.36,167.63,214.39,
7/5/1991,370.25,371.45,370.25,370.25,0.14,4.54,4.53,4.54,4.53,0.89,123.03,54.51,181.87,
7/4/1991,369.75,370.6,369.75,369.75,0,4.5,4.49,4.5,4.49,0.22,172.75,180.83,215.48,
7/3/1991,369.75,370.75,369.75,369.75,0.53,4.49,4.48,4.49,4.48,1.58,168.74,177.07,162.46,
7/2/1991,367.8,368.35,367.8,367.8,-0.12,4.42,4.41,4.42,4.41,-0.9,115.49,115.14,122.23,
7/1/1991,368.25,370.45,368.25,368.25,0,4.46,4.46,4.46,4.46,0.45,161.06,171.27,187.5,
6/28/1991,368.25,371.15,368.25,368.25,0.61,4.44,4.43,4.44,4.43,1.14,135.04,79.19,171.74,
6/27/1991,366,366.75,366,366,-0.03,4.39,4.39,4.39,4.39,0.46,131.09,127.15,147.3,
6/26/1991,366.1,367.75,366.1,366.1,0.44,4.37,4.36,4.37,4.36,-0.23,74.98,70.36,80.69,
6/25/1991,364.5,365.45,364.5,364.5,0.26,4.38,4.37,4.38,4.37,0.46,114.23,100.21,129.18,
6/24/1991,363.55,366.25,363.55,363.55,-0.93,4.36,4.35,4.36,4.35,-2.02,54.96,49.81,58.16,
6/21/1991,366.95,368.35,366.95,366.95,-0.34,4.45,4.44,4.45,4.44,-0.22,91.17,83.32,82.13,
6/20/1991,368.2,370.2,368.2,368.2,0.01,4.46,4.45,4.46,4.45,0.22,58.36,27.38,74.21,
6/19/1991,368.15,368.85,368.15,368.15,0.11,4.45,4.44,4.45,4.44,-0.45,93.31,59.2,105.81,
6/18/1991,367.75,372.25,367.75,367.75,0,4.47,4.46,4.47,4.46,0.45,90.14,71.89,97.44,
6/17/1991,367.75,368.2,367.75,367.75,0.34,4.45,4.44,4.45,4.44,0.45,71.02,50.57,75.93,
6/14/1991,366.5,369.95,366.5,366.5,-0.77,4.43,4.42,4.43,4.42,-1.99,89.63,54.39,116.66,
6/13/1991,369.35,370.85,369.35,369.35,-0.15,4.52,4.51,4.52,4.51,0.67,84.25,80.63,100.88,
6/12/1991,369.9,372.95,369.9,369.9,-0.16,4.49,4.48,4.49,4.48,-0.66,93.71,73.12,108.42,
6/11/1991,370.5,373.35,370.5,370.5,-0.66,4.52,4.51,4.52,4.51,-0.66,92.51,87.83,95.24,
6/10/1991,372.95,373.97,372.95,372.95,1.83,4.55,4.54,4.55,4.54,2.02,105.88,90.48,134.16,
6/7/1991,366.25,368.15,366.25,366.25,0.22,4.46,4.46,4.46,4.46,1.13,76.59,53.45,89.16,
6/6/1991,365.45,365.65,365.45,365.45,0.83,4.41,4.4,4.41,4.4,5,61.41,64.82,66.08,
6/5/1991,362.45,363.25,362.45,362.45,0.11,4.2,4.19,4.2,4.19,0.72,108.06,99.44,103.68,
6/4/1991,362.05,363.35,362.05,362.05,-0.12,4.17,4.16,4.17,4.16,0,118,92.43,140.18,
6/3/1991,362.5,364.25,362.5,362.5,0.28,4.17,4.16,4.17,4.16,1.21,41.02,10.22,59.7,
5/31/1991,361.5,363.25,361.5,361.5,-0.33,4.12,4.11,4.12,4.11,-0.72,118.82,78.97,143.71,
5/30/1991,362.7,364.45,362.7,362.7,0.62,4.15,4.14,4.15,4.14,-0.24,66.39,20.9,98.79,
5/29/1991,360.45,363.15,360.45,360.45,-0.77,4.16,4.15,4.16,4.15,0,56.29,25.9,79.21,
5/28/1991,363.25,364.55,363.25,363.25,1.86,4.16,4.15,4.16,4.15,2.21,107.02,111.77,110.18,
5/27/1991,356.6,357.5,356.6,356.6,0.1,4.07,4.06,4.07,4.06,0.49,109.35,102.6,106.97,
5/24/1991,356.25,356.79,356.25,356.25,0.37,4.05,4.05,4.05,4.05,-0.25,65.67,72.74,60.67,
5/23/1991,354.95,356.25,354.95,354.95,-0.2,4.06,4.05,4.06,4.05,0.5,108.83,101.72,124.43,
5/22/1991,355.65,358.45,355.65,355.65,-0.31,4.04,4.04,4.04,4.04,-0.25,102.06,101.74,91.93,
5/21/1991,356.75,357.25,356.75,356.75,0.03,4.05,4.05,4.05,4.05,0.5,70.67,61.64,73.45,
5/20/1991,356.65,357.55,356.65,356.65,0.54,4.03,4.02,4.03,4.02,0,132.3,131.89,118.47,
5/17/1991,354.75,356.4,354.75,354.75,-0.39,4.03,4.02,4.03,4.02,-0.25,63.1,55.04,65.58,
5/16/1991,356.15,360.35,356.15,356.15,-0.92,4.04,4.03,4.04,4.03,-1.94,75.99,68.87,91.91,
5/15/1991,359.45,361.55,359.45,359.45,0.01,4.12,4.11,4.12,4.11,1.73,94.41,130.95,61.44,
5/14/1991,359.4,360.45,359.4,359.4,0.32,4.05,4.05,4.05,4.05,1.25,101.18,105.25,109.74,
5/13/1991,358.25,360.08,358.25,358.25,0.39,4,4,4,4,-0.99,105.66,115.87,79.08,
5/10/1991,356.85,358.05,356.85,356.85,-0.39,4.04,4.04,4.04,4.04,-1.46,109.81,87.58,115.66,
5/9/1991,358.25,358.25,358.25,358.25,0.27,4.1,4.09,4.1,4.09,0.99,71.49,67.88,67.94,
5/8/1991,357.3,357.9,357.3,357.3,0.18,4.06,4.06,4.06,4.06,0.25,122.84,106.13,136.19,
5/7/1991,356.65,357.85,356.65,356.65,0.39,4.05,4.04,4.05,4.04,1,123.67,123.29,117.53,
5/6/1991,355.25,355.6,355.25,355.25,0.4,4.01,4.01,4.01,4.01,1.01,201.26,162.68,217.1,
5/3/1991,353.85,357.25,353.85,353.85,-0.35,3.97,3.96,3.97,3.96,-0.75,70.01,66.12,67.41,
5/2/1991,355.1,356.45,355.1,355.1,-0.25,4,4,4,4,0.76,42.33,49.24,41.07,
5/1/1991,356,358.55,356,356,-0.17,3.97,3.96,3.97,3.96,-1,120.08,99.07,172.16,
4/30/1991,356.6,359.45,356.6,356.6,1.23,4.01,4,4.01,4,1.78,97.04,87.95,102.7,
4/29/1991,352.25,354.35,352.25,352.25,-0.45,3.94,3.93,3.94,3.93,0.25,99.33,77.5,122.1,
4/26/1991,353.85,355,353.85,353.85,-0.03,3.93,3.92,3.93,3.92,0.51,100.95,59.64,130.57,
4/25/1991,353.95,357,353.95,353.95,-0.56,3.91,3.9,3.91,3.9,-0.76,48.24,19.24,74.88,
4/24/1991,355.95,357.25,355.95,355.95,-0.18,3.94,3.93,3.94,3.93,-0.25,123.75,113.87,110.81,
4/23/1991,356.6,357.95,356.6,356.6,-0.18,3.95,3.94,3.95,3.94,0,64.78,68.89,71.83,
4/22/1991,357.25,357.95,357.25,357.25,0.17,3.95,3.94,3.95,3.94,0.77,70.78,103.49,31.39,
4/19/1991,356.65,357.65,356.65,356.65,-0.27,3.92,3.91,3.92,3.91,-1.01,100.12,69.43,115.83,
4/18/1991,357.6,362,357.6,357.6,-0.93,3.96,3.95,3.96,3.95,-3.41,83.82,50.86,103.03,
4/17/1991,360.95,362.25,360.95,360.95,0.24,4.1,4.09,4.1,4.09,1.49,125.79,75.24,167.36,
4/16/1991,360.1,361.85,360.1,360.1,-0.12,4.04,4.03,4.04,4.03,1.25,87.87,96.36,80.37,
4/15/1991,360.55,362.25,360.55,360.55,0.17,3.99,3.98,3.99,3.98,0,134.71,170.92,101.83,
4/12/1991,359.95,362.85,359.95,359.95,-0.58,3.99,3.98,3.99,3.98,0.25,107.79,115.73,96.53,
4/11/1991,362.05,363,362.05,362.05,-0.39,3.98,3.97,3.98,3.97,-0.25,88.61,74.75,85.02,
4/10/1991,363.45,364.75,363.45,363.45,-0.19,3.99,3.98,3.99,3.98,-1.24,85.38,51.07,99.39,
4/9/1991,364.15,365.45,364.15,364.15,0.91,4.04,4.03,4.04,4.03,1.51,98.15,78.28,114.26,
4/8/1991,360.85,361.75,360.85,360.85,0.5,3.98,3.97,3.98,3.97,0.51,101.1,106.72,98.9,
4/5/1991,359.05,360.05,359.05,359.05,0.15,3.96,3.95,3.96,3.95,-2.46,108.99,108.66,103.58,
4/4/1991,358.5,359.9,358.5,358.5,-0.25,4.06,4.06,4.06,4.06,-0.49,97.2,100.78,90.52,
4/3/1991,359.4,360.05,359.4,359.4,0.55,4.08,4.07,4.08,4.07,3.03,151.22,188.44,125.74,
4/2/1991,357.45,359.25,357.45,357.45,-0.43,3.96,3.96,3.96,3.96,0.25,157.98,142.26,152.56,
4/1/1991,359,359.25,359,359,0.96,3.95,3.94,3.95,3.94,2.07,78.3,108.08,50.08,
3/29/1991,355.6,356.25,355.6,355.6,-0.27,3.87,3.86,3.87,3.86,0,79.4,123.12,58.68,
3/28/1991,356.55,357.05,356.55,356.55,0.37,3.87,3.86,3.87,3.86,1.04,103.4,114.53,114.64,
3/27/1991,355.25,358.05,355.25,355.25,-0.48,3.83,3.82,3.83,3.82,-1.79,127.93,127.54,113.98,
3/26/1991,356.95,359.15,356.95,356.95,-0.47,3.9,3.89,3.9,3.89,-1.02,105.56,100.22,108.68,
3/25/1991,358.65,363.05,358.65,358.65,-1.08,3.94,3.93,3.94,3.93,-1.01,124.44,129.97,128.12,
3/22/1991,362.55,364.25,362.55,362.55,0.14,3.98,3.97,3.98,3.97,-0.5,125.07,68.01,157.58,
3/21/1991,362.05,364.25,362.05,362.05,-0.11,4,4,4,4,1.01,95.17,72.98,97.4,
3/20/1991,362.45,365.55,362.45,362.45,-0.25,3.96,3.95,3.96,3.95,-1.49,133.61,119.42,137.92,
3/19/1991,363.35,366.35,363.35,363.35,0.28,4.02,4.01,4.02,4.01,1.52,168.79,136.72,210.54,
3/18/1991,362.35,366.55,362.35,362.35,-0.58,3.96,3.96,3.96,3.96,-3.65,212.67,205.6,214.36,
3/15/1991,364.45,367,364.45,364.45,-0.14,4.11,4.1,4.11,4.1,1.73,111.94,148.79,82.74,
3/14/1991,364.95,367.25,364.95,364.95,-0.52,4.04,4.04,4.04,4.04,-2.18,80.51,91.73,76.51,
3/13/1991,366.85,367.95,366.85,366.85,0.53,4.13,4.13,4.13,4.13,2.23,121.96,126.45,113.59,
3/12/1991,364.9,365.95,364.9,364.9,-0.05,4.04,4.03,4.04,4.03,-1.22,197.61,259.21,147.02,
3/11/1991,365.1,370.4,365.1,365.1,-1.06,4.09,4.08,4.09,4.08,-1.92,192.2,247.96,150.42,
3/8/1991,369,371.15,369,369,0.56,4.17,4.17,4.17,4.17,4.51,113.65,100.71,133,
3/7/1991,366.95,367.95,366.95,366.95,0.12,3.99,3.98,3.99,3.98,2.31,198.91,251.68,146.31,
3/6/1991,366.5,369.85,366.5,366.5,0.69,3.9,3.89,3.9,3.89,1.3,194.86,231.26,162.03,
3/5/1991,364,367.85,364,364,-0.83,3.85,3.84,3.85,3.84,-0.26,199.85,239.09,166.18,
3/4/1991,367.05,368.25,367.05,367.05,0.05,3.86,3.85,3.86,3.85,1.85,225.07,345.2,201.55,
3/1/1991,366.85,368.45,366.85,366.85,0.19,3.79,3.79,3.79,3.79,1.34,194.16,229.11,204.28,
2/28/1991,366.15,368.35,366.15,366.15,1.4,3.74,3.73,3.74,3.73,3.6,242.75,335.08,248.43,
2/27/1991,361.1,362.15,361.1,361.1,0.8,3.61,3.6,3.61,3.6,0.56,435.5,618.91,323.61,
2/26/1991,358.25,361.05,358.25,358.25,-0.28,3.59,3.58,3.59,3.58,-0.28,369.17,557.03,215.71,
2/25/1991,359.25,359.55,359.25,359.25,0.63,3.6,3.59,3.6,3.59,1.69,510.52,832.82,250.85,
2/22/1991,357,361.55,357,357,-1.26,3.54,3.53,3.54,3.53,-3.01,324.6,381.68,297.6,
2/21/1991,361.55,364.75,361.55,361.55,-0.65,3.65,3.64,3.65,3.64,-1.08,290.7,465.12,179.06,
2/20/1991,363.9,365.55,363.9,363.9,0.07,3.69,3.68,3.69,3.68,-0.27,286.21,420.98,195.08,
2/19/1991,363.65,365.15,363.65,363.65,-0.08,3.7,3.69,3.7,3.69,-2.89,273.72,423.24,176.51,
2/18/1991,363.95,365,363.95,363.95,0.05,3.81,3.8,3.81,3.8,0.26,367.28,563.3,234.93,
2/15/1991,363.75,368.25,363.75,363.75,-1.14,3.8,3.8,3.8,3.8,-1.04,235.74,372.78,168.99,
2/14/1991,367.95,369.35,367.95,367.95,0.25,3.84,3.83,3.84,3.83,1.86,294.45,454.99,183.63,
2/13/1991,367.05,368.25,367.05,367.05,0.01,3.77,3.76,3.77,3.76,0.8,264.64,382.09,189.7,
2/12/1991,367,370.45,367,367,0.2,3.74,3.73,3.74,3.73,0.81,279.66,413.4,152.36,
2/11/1991,366.25,369.6,366.25,366.25,-0.89,3.71,3.7,3.71,3.7,-3.39,355.52,472.57,290.94,
2/8/1991,369.55,371.05,369.55,369.55,0.63,3.84,3.84,3.84,3.84,0.26,362.51,432.01,325.69,
2/7/1991,367.25,369.65,367.25,367.25,1.35,3.83,3.82,3.83,3.82,1.06,248.98,338.15,180.03,
2/6/1991,362.35,365.65,362.35,362.35,-0.96,3.79,3.78,3.79,3.78,-1.81,384.49,589.71,254.14,
2/5/1991,365.85,368.95,365.85,365.85,-0.68,3.86,3.85,3.86,3.85,0,388.54,516.46,306.52,
2/4/1991,368.35,371.15,368.35,368.35,0.77,3.86,3.85,3.86,3.85,-0.26,312.3,422.53,259.68,
2/1/1991,365.55,369.75,365.55,365.55,-0.22,3.87,3.86,3.87,3.86,0.52,319.81,472.33,216.68,
1/31/1991,366.35,370.65,366.35,366.35,-0.43,3.85,3.84,3.85,3.84,0.79,338.4,464.81,262.63,
1/30/1991,367.95,376.45,367.95,367.95,-2.23,3.82,3.81,3.82,3.81,-1.04,489.92,716.93,381.22,
1/29/1991,376.35,378.15,376.35,376.35,-0.07,3.86,3.85,3.86,3.85,0.78,447.91,598.65,417.47,
1/28/1991,376.6,378.35,376.6,376.6,0.2,3.83,3.82,3.83,3.82,0.52,338.67,485.33,255.21,
1/25/1991,375.85,377.35,375.85,375.85,0.79,3.81,3.81,3.81,3.81,0.79,414.07,639.43,317.31,
1/24/1991,372.9,378.4,372.9,372.9,-1.41,3.78,3.77,3.78,3.77,-3.82,407.59,635.36,363.57,
1/23/1991,378.25,382.55,378.25,378.25,-0.66,3.93,3.92,3.93,3.92,-2.24,437.26,616.44,359.92,
1/22/1991,380.75,381.95,380.75,380.75,0.37,4.02,4.01,4.02,4.01,0.25,503.78,701.22,387.29,
1/21/1991,379.35,380.25,379.35,379.35,1.4,4.01,4,4.01,4,0.25,460.97,694.67,374.4,
1/18/1991,374.1,386.5,374.1,374.1,0.03,4,3.99,4,3.99,-0.5,552.74,886.28,366.41,
1/17/1991,374,403.2,374,374,-7.28,4.02,4.01,4.02,4.01,-4.74,565.65,810.61,464.47,
1/16/1991,403.38,405.18,403.38,403.38,1.1,4.22,4.21,4.22,4.21,0.48,477.96,452.9,613.86,
1/15/1991,399,401.55,399,399,0.06,4.2,4.19,4.2,4.19,0,572.3,464.17,717.86, Gulf War - Operation Desert Storm
1/14/1991,398.75,400.45,398.75,398.75,1.85,4.2,4.19,4.2,4.19,1.45,351.93,300.72,418.05,
1/11/1991,391.5,394.08,391.5,391.5,0.47,4.14,4.14,4.14,4.14,0.49,376.15,314.51,484.31,
1/10/1991,389.65,391.9,389.65,389.65,-0.54,4.12,4.11,4.12,4.11,-0.96,292.17,242.1,384.94,
1/9/1991,391.75,392.75,391.75,391.75,0.26,4.16,4.15,4.16,4.15,0,300.28,247.08,396.33,
1/8/1991,390.75,394.35,390.75,390.75,-0.6,4.16,4.15,4.16,4.15,-3.03,364.64,378.88,435.6,
1/7/1991,393.1,394.65,393.1,393.1,2.02,4.29,4.28,4.29,4.28,2.88,244.94,197.68,281.27,
1/4/1991,385.3,388.95,385.3,385.3,-0.37,4.17,4.17,4.17,4.17,-0.95,179.54,178.99,216.48,
1/3/1991,386.75,389.05,386.75,386.75,-0.49,4.21,4.2,4.21,4.2,1.94,161.91,104.7,203.77,
1/2/1991,388.65,393.75,388.65,388.65,-1.11,4.13,4.12,4.13,4.12,-1.9,167.07,183.78,182.04,
12/31/1990,393,394,393,393,0,4.21,4.2,4.21,4.2,0.24,193.08,252.64,170.59,
12/28/1990,393,394.05,393,393,2.12,4.2,4.19,4.2,4.19,2.44,107.81,19.54,179.29,
12/27/1990,384.85,385.35,384.85,384.85,0.16,4.1,4.09,4.1,4.09,-0.24,192.49,133.88,275.45,
12/26/1990,384.25,386.25,384.25,384.25,-1.47,4.11,4.1,4.11,4.1,0.24,216.18,114.09,306.64,
12/25/1990,390,390.75,390,390,1.69,4.1,4.08,4.1,4.08,0.99,163.48,120.09,186.02,
12/24/1990,383.5,385,383.5,383.5,0.54,4.06,4.04,4.06,4.04,0.5,103.9,146.23,101.64,
12/21/1990,381.45,384.85,381.45,381.45,-0.57,4.04,4.03,4.04,4.03,-4.04,84.72,59.12,112.72,
12/20/1990,383.65,388.05,383.65,383.65,-0.16,4.21,4.21,4.21,4.21,2.68,131.51,63.78,177.33,
12/19/1990,384.25,385.05,384.25,384.25,2.17,4.1,4.09,4.1,4.09,3.02,120.9,77.14,160.85,
12/18/1990,376.1,378.45,376.1,376.1,-0.17,3.98,3.97,3.98,3.97,0,177.99,118.29,230.23,
12/17/1990,376.75,377.95,376.75,376.75,0.19,3.98,3.97,3.98,3.97,0.51,182.19,110.08,247.91,
12/14/1990,376.05,376.85,376.05,376.05,0.74,3.96,3.95,3.96,3.95,-1.98,135.04,126.71,145.32,
12/13/1990,373.3,374.05,373.3,373.3,0.42,4.04,4.03,4.04,4.03,0,126.71,108.27,144.5,
12/12/1990,371.75,373.5,371.75,371.75,-0.13,4.04,4.04,4.04,4.04,-1.22,117.66,45.11,165.57,
12/11/1990,372.25,375.05,372.25,372.25,-0.27,4.09,4.08,4.09,4.08,0.25,171.26,97.56,211.57,
12/10/1990,373.25,375.45,373.25,373.25,1,4.08,4.07,4.08,4.07,0,150.05,80.55,201.55,
12/7/1990,369.55,372.6,369.55,369.55,-0.48,4.08,4.07,4.08,4.07,-1.69,199.22,101.25,298.84,
12/6/1990,371.35,374.45,371.35,371.35,-0.5,4.15,4.14,4.15,4.14,-0.48,172.61,87.87,238.19,
12/5/1990,373.2,378.95,373.2,373.2,-0.76,4.17,4.16,4.17,4.16,0.24,219.86,165.61,260.01,
12/4/1990,376.05,380.95,376.05,376.05,0.13,4.16,4.15,4.16,4.15,0.24,206.74,159.26,226.61,
12/3/1990,375.55,382.65,375.55,375.55,-1.75,4.15,4.14,4.15,4.14,0.24,228.83,173.81,262.77,
11/30/1990,382.25,389.35,382.25,382.25,-1.32,4.14,4.14,4.14,4.14,0.49,161.98,129.19,195.31,
11/29/1990,387.35,389.75,387.35,387.35,0.62,4.12,4.11,4.12,4.11,-0.48,189.89,126.21,245.62,
11/28/1990,384.95,387.85,384.95,384.95,-0.05,4.14,4.13,4.14,4.13,0.49,191.56,158.36,256.41,
11/27/1990,385.15,386.65,385.15,385.15,-0.34,4.12,4.11,4.12,4.11,-1.2,229.97,204.87,284.81,
11/26/1990,386.45,388.45,386.45,386.45,0.6,4.17,4.16,4.17,4.16,0.72,174.96,151.16,193.98,
11/23/1990,384.15,384.85,384.15,384.15,1.03,4.14,4.14,4.14,4.14,0,138.75,112.38,151.43,
11/22/1990,380.25,381.25,380.25,380.25,0.24,4.14,4.13,4.14,4.13,0.24,114.81,110.22,106.08,
11/21/1990,379.35,381.25,379.35,379.35,0.42,4.13,4.12,4.13,4.12,0.24,223.49,188.14,256.04,
11/20/1990,377.75,382.05,377.75,377.75,-1.05,4.12,4.12,4.12,4.12,-0.72,164.66,77.25,217.46,
11/19/1990,381.75,383.4,381.75,381.75,0.69,4.15,4.14,4.15,4.14,-0.24,147.46,115.5,218.96,
11/16/1990,379.15,380.7,379.15,379.15,0.03,4.16,4.15,4.16,4.15,0.73,160.54,93.68,240.94,
11/15/1990,379.05,380.05,379.05,379.05,0.42,4.13,4.12,4.13,4.12,-1.2,157.06,106.76,213.71,
11/14/1990,377.45,385.85,377.45,377.45,-2.02,4.18,4.17,4.18,4.17,-0.71,199.94,154.02,279.61,
11/13/1990,385.25,386.15,385.25,385.25,0.96,4.21,4.21,4.21,4.21,0.24,149.04,67.1,223.88,
11/12/1990,381.6,385,381.6,381.6,-0.79,4.2,4.19,4.2,4.19,-0.94,160.7,155.04,181.05,
11/9/1990,384.65,388.8,384.65,384.65,-0.67,4.24,4.23,4.24,4.23,-0.93,154.9,102.95,191.56,
11/8/1990,387.25,388,387.25,387.25,0.17,4.28,4.27,4.28,4.27,-0.23,117.44,41.32,183.83,
11/7/1990,386.6,389.55,386.6,386.6,0.32,4.29,4.28,4.29,4.28,0.94,124.92,103.06,150.44,
11/6/1990,385.35,386.25,385.35,385.35,1.69,4.25,4.24,4.25,4.24,0.71,230.65,195.7,261.17,
11/5/1990,378.95,388.05,378.95,378.95,0.65,4.22,4.21,4.22,4.21,0.72,140.5,118.52,170.75,
11/2/1990,376.5,381.75,376.5,376.5,-1.32,4.19,4.18,4.19,4.18,-1.41,124.02,95.72,159.68,
11/1/1990,381.55,383.85,381.55,381.55,0.36,4.25,4.24,4.25,4.24,1.67,93.12,66.31,121.68,
10/31/1990,380.2,382.55,380.2,380.2,0.38,4.18,4.17,4.18,4.17,-1.18,173.36,112.1,233.76,
10/30/1990,378.75,380.65,378.75,378.75,1.19,4.23,4.22,4.23,4.22,2.17,89.66,69.52,115.98,
10/29/1990,374.3,374.55,374.3,374.3,0.82,4.14,4.13,4.14,4.13,1.97,147.35,54.4,208.74,
10/26/1990,371.25,378.5,371.25,371.25,-1.38,4.06,4.06,4.06,4.06,-4.25,156.07,116.69,201.15,
10/25/1990,376.45,377.45,376.45,376.45,0.72,4.24,4.23,4.24,4.23,-0.24,115.72,64.89,156.37,
10/24/1990,373.75,374.55,373.75,373.75,0.75,4.25,4.24,4.25,4.24,0.24,167.02,148.01,177.46,
10/23/1990,370.95,373.75,370.95,370.95,0.32,4.24,4.23,4.24,4.23,0.24,144.02,86.15,175.65,
10/22/1990,369.75,375.35,369.75,369.75,-0.86,4.23,4.22,4.23,4.22,-1.17,167.99,104.67,192.07,
10/19/1990,372.95,376,372.95,372.95,0.42,4.28,4.27,4.28,4.27,0.71,159.45,135.12,165.73,
10/18/1990,371.38,371.38,371.38,371.38,1.32,4.25,4.24,4.25,4.24,0.95,125.93,83.69,157.07,
10/17/1990,366.55,368.05,366.55,366.55,1.16,4.21,4.2,4.21,4.2,0.72,132.32,81.88,166.94,
10/16/1990,362.35,376.75,362.35,362.35,-3.57,4.18,4.17,4.18,4.17,0.48,156.12,97.27,186.61,
10/15/1990,375.75,388.25,375.75,375.75,-3.22,4.16,4.15,4.16,4.15,-3.93,167.2,145.85,165.1,
10/12/1990,388.25,391.35,388.25,388.25,-0.74,4.33,4.32,4.33,4.32,1.17,146.78,142.38,145.15,
10/11/1990,391.15,392.05,391.15,391.15,0.58,4.28,4.27,4.28,4.27,-3.82,104.3,78.88,125.61,
10/10/1990,388.88,394.38,388.88,388.88,-0.41,4.45,4.44,4.45,4.44,-3.68,160.44,112.9,196.19,
10/9/1990,390.5,398.4,390.5,390.5,-0.89,4.62,4.61,4.62,4.61,-1.49,146.36,68.09,202.84,
10/8/1990,394,396.85,394,394,-0.06,4.69,4.68,4.69,4.68,-0.21,159.05,76.55,218.9,
10/5/1990,394.25,396.75,394.25,394.25,0.25,4.7,4.69,4.7,4.69,0,179.6,143.24,192.48,
10/4/1990,393.25,399.3,393.25,393.25,-0.35,4.7,4.69,4.7,4.69,-0.21,140.66,105.17,163.75,
10/3/1990,394.62,395.48,394.62,394.62,1.43,4.71,4.7,4.71,4.7,0,129.12,62.14,185.11,
10/2/1990,389.05,390.25,389.05,389.05,0.13,4.71,4.7,4.71,4.7,0.86,177.7,99.93,234.91,
10/1/1990,388.55,404.25,388.55,388.55,-3.62,4.67,4.67,4.67,4.67,-2.3,213.21,228.11,250.8,
9/28/1990,403.15,409.25,403.15,403.15,-0.52,4.78,4.77,4.78,4.77,-0.21,148.15,106.04,189.53,
9/27/1990,405.25,407.75,405.25,405.25,-0.52,4.79,4.79,4.79,4.79,-0.83,153.66,57,213.94,
9/26/1990,407.38,408.48,407.38,407.38,1.49,4.83,4.82,4.83,4.82,-0.41,192.84,153.8,249.44,
9/25/1990,401.4,408.5,401.4,401.4,-0.55,4.85,4.84,4.85,4.84,-1.82,280.19,117.14,428.39,
9/24/1990,403.62,404.07,403.62,403.62,3.69,4.94,4.93,4.94,4.93,2.7,199.94,107.74,278.6,
9/21/1990,389.25,393.85,389.25,389.25,-0.13,4.81,4.8,4.81,4.8,0,172.69,86.08,248.04,
9/20/1990,389.75,389.75,389.75,389.75,1.01,4.81,4.8,4.81,4.8,0.42,143.72,97.85,209.87,
9/19/1990,385.85,388.8,385.85,385.85,-0.77,4.79,4.79,4.79,4.79,-0.62,206.75,119.09,275.07,
9/18/1990,388.85,394.55,388.85,388.85,-0.49,4.82,4.81,4.82,4.81,0.42,175.53,107.69,247.01,
9/17/1990,390.75,391.05,390.75,390.75,1.4,4.8,4.79,4.8,4.79,-0.41,184.62,94.65,271.94,
9/14/1990,385.35,388.75,385.35,385.35,0.42,4.82,4.81,4.82,4.81,0.42,196.9,107.77,269.67,
9/13/1990,383.75,385.1,383.75,383.75,0.29,4.8,4.79,4.8,4.79,-0.62,130.04,75.05,182.12,
9/12/1990,382.65,384.2,382.65,382.65,0.47,4.83,4.82,4.83,4.82,0.62,145.51,59.73,206.41,
9/11/1990,380.85,383.45,380.85,380.85,0.33,4.8,4.79,4.8,4.79,0.21,187.15,158.59,202.31,
9/10/1990,379.6,388.8,379.6,379.6,-2.68,4.79,4.78,4.79,4.78,-0.83,198.42,142.86,284.16,
9/7/1990,390.05,391.36,390.05,390.05,-0.05,4.83,4.82,4.83,4.82,0.42,211.11,91.84,306.41,
9/6/1990,390.25,391,390.25,390.25,0.39,4.81,4.8,4.81,4.8,0.42,179.06,114.24,232.27,
9/5/1990,388.75,389.95,388.75,388.75,1.11,4.79,4.78,4.79,4.78,0.84,275.64,125.35,394.07,
9/4/1990,384.5,389.95,384.5,384.5,-0.61,4.75,4.75,4.75,4.75,-1.66,292.61,154.11,413.18,
9/3/1990,386.85,389.05,386.85,386.85,1.01,4.83,4.82,4.83,4.82,0.84,259.24,172.3,335.33,
8/31/1990,383,390.05,383,383,-1.61,4.79,4.79,4.79,4.79,-1.44,263.64,161.09,346.52,
8/30/1990,389.25,390.95,389.25,389.25,0.45,4.86,4.85,4.86,4.85,0.21,186.42,57.18,280.22,
8/29/1990,387.5,391.25,387.5,387.5,1.17,4.85,4.84,4.85,4.84,0,292.72,116.73,454.35,
8/28/1990,383,394.5,383,383,-1.86,4.85,4.84,4.85,4.84,-1.62,266.15,56.86,426.81,
8/27/1990,390.25,414.25,390.25,390.25,-5.27,4.93,4.91,4.93,4.91,-4.09,245.15,119.22,348.04,
8/24/1990,411.95,414.75,411.95,411.95,0.12,5.14,5.13,5.14,5.13,0,270.33,119.78,392.48,
8/23/1990,411.45,417,411.45,411.45,-0.52,5.14,5.13,5.14,5.13,0,294.8,100.54,445.11,
8/22/1990,413.62,414.27,413.62,413.62,1.63,5.14,5.14,5.14,5.14,0.59,344.55,245.35,450.22,
8/21/1990,407,415.95,407,407,-0.67,5.11,5.1,5.11,5.1,-0.58,317.22,134.79,449.71,
8/20/1990,409.75,414.25,409.75,409.75,0.07,5.14,5.14,5.14,5.14,-1.15,234.89,108.08,340.56,
8/17/1990,409.48,415.12,409.48,409.48,-0.22,5.2,5.19,5.2,5.19,-0.38,236.61,165.99,320.63,
8/16/1990,410.38,410.38,410.38,410.38,1.89,5.22,5.21,5.22,5.21,2.76,192.85,165.87,220.11,
8/15/1990,402.75,408.65,402.75,402.75,-0.48,5.08,5.07,5.08,5.07,-2.31,269.12,87.8,398.73,
8/14/1990,404.68,416.38,404.68,404.68,0.11,5.2,5.19,5.2,5.19,0.97,379.88,151.48,522.26,
8/13/1990,404.25,406.25,404.25,404.25,1.89,5.15,5.14,5.15,5.14,3.21,343.07,269.12,430.25,
8/10/1990,396.75,396.95,396.75,396.75,2.85,4.99,4.98,4.99,4.98,2.25,216.13,140.88,297.22,
8/9/1990,385.75,387.25,385.75,385.75,0.73,4.88,4.87,4.88,4.87,0.21,223.93,100.07,340.3,
8/8/1990,382.95,387.25,382.95,382.95,-0.92,4.87,4.86,4.87,4.86,-0.81,324.48,154.5,467.14,
8/7/1990,386.5,387.6,386.5,386.5,0.45,4.91,4.9,4.91,4.9,0,299.68,96.03,462.79,
8/6/1990,384.75,385.25,384.75,384.75,1.85,4.91,4.9,4.91,4.9,1.03,257.97,175.35,380.27,
8/3/1990,377.75,382.15,377.75,377.75,0.08,4.86,4.85,4.86,4.85,0.41,250.39,155.5,361.81,
8/2/1990,377.45,387.25,377.45,377.45,1.13,4.84,4.83,4.84,4.83,-0.21,108.86,85.27,116.39,
8/1/1990,373.25,375.65,373.25,373.25,0.67,4.85,4.84,4.85,4.84,0.62,137.23,113.22,157.4,
7/31/1990,370.75,373.55,370.75,370.75,0.76,4.82,4.81,4.82,4.81,0,130.76,173.81,104.7,
7/30/1990,367.95,369.15,367.95,367.95,0.12,4.82,4.81,4.82,4.81,-0.41,63.26,103.2,19.13,
7/27/1990,367.5,372.75,367.5,367.5,-0.39,4.84,4.84,4.84,4.84,-0.21,79.76,74.84,78.03,
7/26/1990,368.95,374.25,368.95,368.95,-0.67,4.85,4.84,4.85,4.84,0.41,85.67,99.64,65.3,
7/25/1990,371.45,374.55,371.45,371.45,1.13,4.83,4.83,4.83,4.83,0,122.69,163.08,75.57,
7/24/1990,367.3,370.05,367.3,367.3,-0.35,4.83,4.82,4.83,4.82,-1.23,133.89,98.87,140.2,
7/23/1990,368.6,370.5,368.6,368.6,2.06,4.89,4.89,4.89,4.89,0.41,107.77,113.09,94.33,
7/20/1990,361.15,363.05,361.15,361.15,0.14,4.87,4.86,4.87,4.86,0,90.64,98.58,75.37,
7/19/1990,360.65,363.87,360.65,360.65,-0.18,4.87,4.86,4.87,4.86,-0.41,82.25,37.27,111.92,
7/18/1990,361.3,363.35,361.3,361.3,0.01,4.89,4.88,4.89,4.88,1.24,85.67,47.45,110.81,
7/17/1990,361.25,363.87,361.25,361.25,-0.41,4.83,4.82,4.83,4.82,-0.62,39.67,49.44,32.99,
7/16/1990,362.75,363.95,362.75,362.75,-0.41,4.86,4.85,4.86,4.85,-1.22,66.65,53.16,66.51,
7/13/1990,364.25,367.55,364.25,364.25,1.76,4.92,4.92,4.92,4.92,0.41,75.86,67.22,70.09,
7/12/1990,357.95,359.05,357.95,357.95,1.3,4.9,4.89,4.9,4.89,1.24,51.3,21.92,67.03,
7/11/1990,353.35,355.25,353.35,353.35,-0.46,4.84,4.83,4.84,4.83,0.21,61.61,47.24,63.05,
7/10/1990,355,359.55,355,355,-0.78,4.83,4.82,4.83,4.82,0,91.22,114.87,79.84,
7/9/1990,357.8,361.2,357.8,357.8,-0.72,4.83,4.82,4.83,4.82,-1.02,55.96,55.78,46.53,
7/6/1990,360.4,362.15,360.4,360.4,-0.1,4.88,4.88,4.88,4.88,-0.2,89.53,116.03,67,
7/5/1990,360.75,362.75,360.75,360.75,-0.5,4.89,4.88,4.89,4.88,-1.21,85.46,48.68,101.52,
7/4/1990,362.55,363.05,362.55,362.55,0.29,4.95,4.94,4.95,4.94,0.61,107.43,83.3,129.04,
7/3/1990,361.5,362.95,361.5,361.5,0.95,4.92,4.92,4.92,4.92,-0.61,127.22,117.07,130.2,
7/2/1990,358.1,359.25,358.1,358.1,0.29,4.95,4.94,4.95,4.94,1.23,100.89,100.58,83.89,
6/29/1990,357.05,358.25,357.05,357.05,1.69,4.89,4.89,4.89,4.89,1.24,97.19,56.52,121.23,
6/28/1990,351.1,353.2,351.1,351.1,0.24,4.83,4.82,4.83,4.82,0.42,64.67,64.47,59.75,
6/27/1990,350.25,353.75,350.25,350.25,-0.01,4.81,4.81,4.81,4.81,-0.62,101.08,100.77,84.05,
6/26/1990,350.3,353.85,350.3,350.3,-0.86,4.84,4.83,4.84,4.83,0,49.08,9.78,73.45,
6/25/1990,353.35,354.25,353.35,353.35,1.03,4.84,4.83,4.84,4.83,0.21,53.05,58.76,39.21,
6/22/1990,349.75,350.85,349.75,349.75,-0.09,4.83,4.83,4.83,4.83,-0.21,86.65,62.83,104.81,
6/21/1990,350.05,351,350.05,350.05,0.09,4.84,4.83,4.84,4.83,-0.21,66.55,103.2,30.74,
6/20/1990,349.75,351.75,349.75,349.75,0.45,4.85,4.84,4.85,4.84,0.41,89.66,84.68,78.48,
6/19/1990,348.2,349.6,348.2,348.2,-0.16,4.83,4.82,4.83,4.82,0,65.85,60.59,75.81,
6/18/1990,348.75,350.05,348.75,348.75,0.93,4.83,4.83,4.83,4.83,0.42,78.6,78.36,65.36,
6/15/1990,345.55,348.15,345.55,345.55,-1.03,4.81,4.8,4.81,4.8,0.21,73.79,122.61,40.91,
6/14/1990,349.15,351.95,349.15,349.15,-1.24,4.8,4.79,4.8,4.79,-2.64,72.17,115.12,36.01,
6/13/1990,353.55,354.85,353.55,353.55,-0.34,4.93,4.92,4.93,4.92,-1.99,74.65,65.12,69.83,
6/12/1990,354.75,357.1,354.75,354.75,-0.17,5.03,5.02,5.03,5.02,0.2,64.66,89.25,41.36,
6/11/1990,355.35,355.75,355.35,355.35,0.03,5.02,5.01,5.02,5.01,-0.2,38.26,54.49,18.18,
6/8/1990,355.25,355.65,355.25,355.25,0.35,5.03,5.02,5.03,5.02,0,100.02,95.72,93.15,
6/7/1990,354,357.5,354,354,-0.85,5.03,5.02,5.03,5.02,-0.4,80.44,65.61,79.05,
6/6/1990,357.05,361,357.05,357.05,-0.6,5.05,5.05,5.05,5.05,-0.59,97.43,111,69.44,
6/5/1990,359.2,360.2,359.2,359.2,0.39,5.08,5.07,5.08,5.07,0.4,99.24,84.8,94.31,
6/4/1990,357.8,359.6,357.8,357.8,-0.33,5.06,5.05,5.06,5.05,0,129.2,154.56,94.54,
6/1/1990,359,364.55,359,359,-1.35,5.06,5.06,5.06,5.06,-0.59,84.84,99.96,70.55,
5/31/1990,363.9,364.9,363.9,363.9,-0.22,5.09,5.08,5.09,5.08,0.59,110.66,128.11,94.98,
5/30/1990,364.7,367.8,364.7,364.7,-0.56,5.06,5.05,5.06,5.05,-1.56,93.31,74.42,108.63,
5/29/1990,366.75,369.25,366.75,366.75,-0.2,5.14,5.14,5.14,5.14,-1.53,145.38,134.58,155.43,
5/28/1990,367.5,368,367.5,367.5,-0.1,5.22,5.21,5.22,5.21,0,140.36,139.93,140.06,
5/25/1990,367.85,368.95,367.85,367.85,0.3,5.22,5.22,5.22,5.22,-0.38,100.38,88.06,113.52,
5/24/1990,366.75,374.85,366.75,366.75,0.52,5.24,5.23,5.24,5.23,0.19,99.41,56.63,129.9,
5/23/1990,364.85,377.65,364.85,364.85,-2.64,5.23,5.22,5.23,5.22,-0.95,85.75,44.99,105.08,
5/22/1990,374.75,376.65,374.75,374.75,0.52,5.28,5.27,5.28,5.27,2.92,91.48,76.8,96.09,
5/21/1990,372.8,374.45,372.8,372.8,-0.12,5.13,5.13,5.13,5.13,-0.19,121.46,121.09,128.54,
5/18/1990,373.25,375.55,373.25,373.25,1.07,5.14,5.14,5.14,5.14,1.98,70.23,62.24,64.89,
5/17/1990,369.3,370.3,369.3,369.3,0.01,5.04,5.03,5.04,5.03,0.2,80.11,69.45,92.69,
5/16/1990,369.25,371.35,369.25,369.25,-0.24,5.03,5.02,5.03,5.02,0,110.85,102,141.8,
5/15/1990,370.15,372.45,370.15,370.15,0.53,5.03,5.02,5.03,5.02,-0.79,75.06,69.84,74.9,
5/14/1990,368.2,370.7,368.2,368.2,-0.2,5.07,5.06,5.07,5.06,0.2,95.12,100.41,83.75,
5/11/1990,368.95,372.45,368.95,368.95,-0.53,5.06,5.06,5.06,5.06,-0.98,61.7,38.44,76.96,
5/10/1990,370.9,372.7,370.9,370.9,-0.12,5.11,5.1,5.11,5.1,1.39,66.04,41.58,75.15,
5/9/1990,371.35,372.25,371.35,371.35,0.23,5.04,5.04,5.04,5.04,0.4,82.81,26.07,123.23,
5/8/1990,370.5,374.15,370.5,370.5,-0.42,5.02,5.01,5.02,5.01,-0.4,64.08,49.14,65.58,
5/7/1990,372.05,372.75,372.05,372.05,0.19,5.04,5.04,5.04,5.04,0,72.01,66.27,73.7,
5/4/1990,371.35,372.95,371.35,371.35,-0.05,5.04,5.03,5.04,5.03,0.2,97.07,40.32,134.53,
5/3/1990,371.55,372.85,371.55,371.55,0.43,5.03,5.02,5.03,5.02,0.4,82.55,71.56,83.56,
5/2/1990,369.95,371.15,369.95,369.95,-0.08,5.01,5,5.01,5,-0.6,151.62,146.57,152.82,
5/1/1990,370.25,371.6,370.25,370.25,0.37,5.04,5.03,5.04,5.03,1.61,120.37,57.6,160.15,
4/30/1990,368.9,371.75,368.9,368.9,-0.7,4.96,4.95,4.96,4.95,0.2,44.61,0,74.2,
4/27/1990,371.5,372.35,371.5,371.5,0.18,4.95,4.94,4.95,4.94,0,78.46,60.83,79.74,
4/26/1990,370.85,373.65,370.85,370.85,-0.2,4.95,4.94,4.95,4.94,-0.2,92.81,99.64,77.17,
4/25/1990,371.6,376,371.6,371.6,-1.13,4.96,4.95,4.96,4.95,-1.2,82.45,29.01,120.99,
4/24/1990,375.85,379,375.85,375.85,-0.75,5.02,5.01,5.02,5.01,-1.76,77.71,29.05,113.09,
4/23/1990,378.7,379.85,378.7,378.7,0.65,5.11,5.1,5.11,5.1,0,126.77,76.93,155.83,
4/20/1990,376.25,377.75,376.25,376.25,-0.33,5.11,5.1,5.11,5.1,0.39,131.39,55.57,178.78,
4/19/1990,377.5,378,377.5,377.5,0.29,5.09,5.09,5.09,5.09,0,81.24,51.54,116.69,
4/18/1990,376.4,377.2,376.4,376.4,0.44,5.09,5.09,5.09,5.09,-0.39,97.16,64.57,107.72,
4/17/1990,374.75,375.95,374.75,374.75,-0.03,5.11,5.1,5.11,5.1,0.59,76.09,40.46,101.24,
4/16/1990,374.85,375.95,374.85,374.85,-0.27,5.08,5.07,5.08,5.07,-0.78,90.29,45.01,122.01,
4/13/1990,375.85,375.85,375.85,375.85,0,5.12,5.11,5.12,5.11,0,79.47,50.04,90.43,
4/12/1990,375.85,376.15,375.85,375.85,0.23,5.12,5.11,5.12,5.11,-0.39,74.69,81.91,68.32,
4/11/1990,375,376.05,375,375,-0.2,5.14,5.13,5.14,5.13,0.59,100.52,109.32,98.78,
4/10/1990,375.75,376.35,375.75,375.75,-0.05,5.11,5.1,5.11,5.1,-0.39,89.53,59.5,99.26,
4/9/1990,375.95,382.2,375.95,375.95,-1.26,5.13,5.12,5.13,5.12,-1.16,92.56,67.99,121.52,
4/6/1990,380.75,381.25,380.75,380.75,1.38,5.19,5.18,5.19,5.18,0.58,92.57,56.18,113.79,
4/5/1990,375.55,379.5,375.55,375.55,-0.45,5.16,5.15,5.16,5.15,0,65.84,55.27,69.15,
4/4/1990,377.25,378.15,377.25,377.25,0.53,5.16,5.15,5.16,5.15,2.79,86.15,68.71,93.13,
4/3/1990,375.25,381.05,375.25,375.25,1.27,5.02,5.01,5.02,5.01,1.01,100.8,73.08,129.53,
4/2/1990,370.55,370.55,370.55,370.55,0.03,4.97,4.96,4.97,4.96,0,132.06,65.83,164.72,
3/30/1990,370.45,373.15,370.45,370.45,-0.3,4.97,4.96,4.97,4.96,-0.2,73.18,53.76,76.87,
3/29/1990,371.55,373.95,371.55,371.55,0.6,4.98,4.97,4.98,4.97,0.4,82.46,85.78,77.51,
3/28/1990,369.35,376.25,369.35,369.35,0.44,4.96,4.95,4.96,4.95,-0.2,89.02,102.76,62.34,
3/27/1990,367.75,375.15,367.75,367.75,-0.24,4.97,4.96,4.97,4.96,-0.6,75.17,99.92,41.67,
3/26/1990,368.62,389.48,368.62,368.62,-5.28,5,4.99,5,4.99,-1.19,76.91,32.86,100.5,
3/23/1990,389.15,394.55,389.15,389.15,-1.29,5.06,5.06,5.06,5.06,-0.78,35.58,23.64,39.44,
3/22/1990,394.25,394.45,394.25,394.25,0.66,5.1,5.09,5.1,5.09,0.59,75.78,71.95,66.01,
3/21/1990,391.65,394.25,391.65,391.65,-0.41,5.07,5.06,5.07,5.06,0,67.79,63.07,60.13,
3/20/1990,393.25,402.15,393.25,393.25,-1.99,5.07,5.06,5.07,5.06,-0.98,79.22,78.98,90.58,
3/19/1990,401.25,403.15,401.25,401.25,0.33,5.12,5.11,5.12,5.11,0,62.39,56.55,56.6,
3/16/1990,399.95,401.65,399.95,399.95,0.36,5.12,5.11,5.12,5.11,0.2,71.67,87.32,52.97,
3/15/1990,398.5,400.75,398.5,398.5,0.06,5.11,5.1,5.11,5.1,0.39,59.09,48.51,63.59,
3/14/1990,398.25,400.15,398.25,398.25,-0.18,5.09,5.08,5.09,5.08,0.39,90.26,53.99,127.59,
3/13/1990,398.95,400.05,398.95,398.95,-0.05,5.07,5.06,5.07,5.06,0.2,72.12,57.52,79.96,
3/12/1990,399.15,402.05,399.15,399.15,-0.22,5.06,5.05,5.06,5.05,-0.59,50.34,50.19,41.86,
3/9/1990,400.05,400.9,400.05,400.05,-0.01,5.09,5.09,5.09,5.09,-0.59,59.96,59.77,62.32,
3/8/1990,400.1,402.3,400.1,400.1,-0.36,5.12,5.12,5.12,5.12,-0.39,67.03,42.2,76.27,
3/7/1990,401.55,404.05,401.55,401.55,-0.61,5.14,5.13,5.14,5.13,0.39,77.89,54.81,83.82,
3/6/1990,404,407.25,404,404,-0.14,5.12,5.12,5.12,5.12,-0.19,67.97,45.18,75.36,
3/5/1990,404.55,405.45,404.55,404.55,0.26,5.13,5.12,5.13,5.12,0,74.2,105.68,61.7,
3/2/1990,403.5,407.51,403.5,403.5,-0.85,5.13,5.13,5.13,5.13,-0.58,84.64,84.38,70.38,
3/1/1990,406.95,408.85,406.95,406.95,0.05,5.16,5.15,5.16,5.15,0.58,57.67,50.31,59.95,
2/28/1990,406.75,409.75,406.75,406.75,-0.46,5.13,5.12,5.13,5.12,0,80.14,79.9,66.64,
2/27/1990,408.65,409.75,408.65,408.65,0.02,5.13,5.12,5.13,5.12,-0.58,127.22,68.29,170.89,
2/26/1990,408.55,415.1,408.55,408.55,-1.59,5.16,5.15,5.16,5.15,-1.71,65.27,43.38,72.37,
2/23/1990,415.15,417.95,415.15,415.15,-0.38,5.25,5.24,5.25,5.24,-0.76,41.51,41.38,41.42,
2/22/1990,416.75,419.45,416.75,416.75,-0.19,5.29,5.28,5.29,5.28,0.19,57.8,50.42,66.08,
2/21/1990,417.55,423.15,417.55,417.55,-0.43,5.28,5.27,5.28,5.27,-1.12,62.67,62.48,52.11,
2/20/1990,419.35,421.45,419.35,419.35,0.66,5.34,5.33,5.34,5.33,0,59.15,85.78,35.77,
2/19/1990,416.6,418,416.6,416.6,-0.22,5.34,5.33,5.34,5.33,0.19,98.77,75.74,101.08,
2/16/1990,417.5,418.25,417.5,417.5,0.96,5.33,5.33,5.33,5.33,0,48.95,24.4,61.06,
2/15/1990,413.55,418.05,413.55,413.55,-0.78,5.33,5.32,5.33,5.32,0,69.24,72.66,60.61,
2/14/1990,416.8,418.7,416.8,416.8,-0.3,5.33,5.33,5.33,5.33,0,63.88,72.78,53.12,
2/13/1990,418.05,421.5,418.05,418.05,-0.36,5.33,5.33,5.33,5.33,0.57,82.3,82.05,76.99,
2/12/1990,419.55,420.45,419.55,419.55,0.85,5.3,5.29,5.3,5.29,0.57,110.77,105.17,96.5,
2/9/1990,416,419.35,416,416,-0.69,5.27,5.26,5.27,5.26,-1.13,69.7,65.39,75,
2/8/1990,418.9,419.8,418.9,418.9,0.26,5.33,5.32,5.33,5.32,0.38,76.87,72.98,85.22,
2/7/1990,417.8,424.6,417.8,417.8,-0.88,5.31,5.31,5.31,5.31,-0.19,93.5,79.9,103.66,
2/6/1990,421.5,424.5,421.5,421.5,-0.34,5.32,5.31,5.32,5.31,-0.37,149.44,148.98,140.83,
2/5/1990,422.95,424.75,422.95,422.95,1.1,5.34,5.34,5.34,5.34,0.38,115.42,92.05,115.17,
2/2/1990,418.35,419.29,418.35,418.35,0.11,5.32,5.31,5.32,5.31,0.38,104.9,64.36,127.49,
2/1/1990,417.9,418.45,417.9,417.9,1.51,5.3,5.3,5.3,5.3,1.92,77.21,65.97,91.71,
1/31/1990,411.7,419.25,411.7,411.7,-1.71,5.2,5.19,5.2,5.19,-0.38,128.32,104.24,134.37,
1/30/1990,418.85,421.5,418.85,418.85,-0.04,5.22,5.22,5.22,5.22,-0.19,83.92,68.9,82.1,
1/29/1990,419,422.75,419,419,-0.3,5.23,5.22,5.23,5.22,-0.19,117.31,77.96,130.06,
1/26/1990,420.25,421.25,420.25,420.25,0.51,5.24,5.23,5.24,5.23,0,77.42,97.49,54.21,
1/25/1990,418.12,418.77,418.12,418.12,0.11,5.24,5.23,5.24,5.23,0,88.19,70.34,99.74,
1/24/1990,417.65,424.75,417.65,417.65,1.08,5.24,5.23,5.24,5.23,-1.13,72.01,53.84,89.82,
1/23/1990,413.2,414.65,413.2,413.2,1.11,5.3,5.3,5.3,5.3,0.19,121.31,111.63,108.63,
1/22/1990,408.65,410.95,408.65,408.65,-0.37,5.29,5.28,5.29,5.28,1.34,69.12,84.81,53.06,
1/19/1990,410.15,412.15,410.15,410.15,-0.18,5.22,5.21,5.22,5.21,0.19,96.37,72.05,113.52,
1/18/1990,410.9,415.5,410.9,410.9,-0.62,5.21,5.2,5.21,5.2,-1.14,65.6,58.13,72.73,
1/17/1990,413.45,414.25,413.45,413.45,1.03,5.27,5.26,5.27,5.26,0.96,86.17,85.9,79.61,
1/16/1990,409.25,415.85,409.25,409.25,-1.49,5.22,5.21,5.22,5.21,-0.95,78.4,87.93,73.34,
1/15/1990,415.45,418.4,415.45,415.45,0.02,5.27,5.26,5.27,5.26,-1.68,101.84,138.93,80.23,
1/12/1990,415.38,418.68,415.38,415.38,0.47,5.36,5.35,5.36,5.35,0.75,69.95,82.05,61.59,
1/11/1990,413.45,413.45,413.45,413.45,0.49,5.32,5.31,5.32,5.31,0.57,77.21,87.97,55.03,
1/10/1990,411.45,413.45,411.45,411.45,1.4,5.29,5.29,5.29,5.29,0.38,103.52,143.58,67.37,
1/9/1990,405.75,406.45,405.75,405.75,0.91,5.27,5.26,5.27,5.26,0.38,138.44,128.15,131.56,
1/8/1990,402.1,405.75,402.1,402.1,-1.05,5.25,5.24,5.25,5.24,-1.5,102.84,86.34,99.02,
1/5/1990,406.35,407.45,406.35,406.35,1.83,5.33,5.32,5.33,5.32,0.95,63.85,52.42,74.95,
1/4/1990,399.05,399.45,399.05,399.05,1.09,5.28,5.27,5.28,5.27,2.13,56.09,83.87,23.32,
1/3/1990,394.75,399.6,394.75,394.75,-1.18,5.17,5.17,5.17,5.17,-0.39,75.41,107.39,35.83,
1/2/1990,399.45,403.85,399.45,399.45,-0.89,5.19,5.18,5.19,5.18,-0.57,71.49,83.15,49.54,
12/29/1989,403.05,404.85,403.05,403.05,0.83,5.22,5.21,5.22,5.21,0.97,103.52,121.96,78.25,
12/28/1989,399.75,403.05,399.75,399.75,-0.25,5.17,5.16,5.17,5.16,-1.71,90.93,86.34,100.82,
12/27/1989,400.75,410.16,400.75,400.75,-1.54,5.26,5.25,5.26,5.25,-4.88,80.1,102.66,57.09,
12/26/1989,407,413.3,407,407,-1.57,5.53,5.52,5.53,5.52,-0.9,79.6,134.29,20.37,
12/25/1989,413.5,414.7,413.5,413.5,-0.16,5.58,5.57,5.58,5.57,0,91.59,106.53,88.85,
12/22/1989,414.15,414.15,414.15,414.15,0.52,5.58,5.57,5.58,5.57,0.36,116.52,149.35,83.05,
12/21/1989,412,414.75,412,412,-0.37,5.56,5.55,5.56,5.55,0,164.35,182.05,151.85,
12/20/1989,413.55,414.75,413.55,413.55,0.19,5.56,5.55,5.56,5.55,0.36,137.26,100.35,159.79,
12/19/1989,412.75,415.25,412.75,412.75,0.02,5.54,5.54,5.54,5.54,-0.72,143.8,102.4,170.82,
12/18/1989,412.65,414.85,412.65,412.65,-0.17,5.58,5.58,5.58,5.58,-0.71,73.99,45.39,94.66,
12/15/1989,413.35,415.85,413.35,413.35,1.15,5.62,5.61,5.62,5.61,0.9,124.27,85.17,142.08,
12/14/1989,408.65,409.95,408.65,408.65,0.84,5.57,5.56,5.57,5.56,0.91,115.38,126.16,105.23,
12/13/1989,405.25,418.25,405.25,405.25,-2.95,5.52,5.51,5.52,5.51,-2.82,72.66,68.18,78.19,
12/12/1989,417.55,419.35,417.55,417.55,0.07,5.68,5.67,5.68,5.67,-0.53,125.48,130.09,133.55,
12/11/1989,417.25,419.05,417.25,417.25,1.21,5.71,5.7,5.71,5.7,0.88,105.66,94.8,105.44,
12/8/1989,412.25,415.35,412.25,412.25,0.63,5.66,5.65,5.66,5.65,0.53,100.27,103.66,86.46,
12/7/1989,409.65,411.15,409.65,409.65,1.09,5.63,5.62,5.63,5.62,1.08,68.16,61.16,73.68,
12/6/1989,405.25,406.05,405.25,405.25,0.35,5.57,5.56,5.57,5.56,0.18,102.35,139.14,77.37,
12/5/1989,403.85,405.65,403.85,403.85,0.84,5.56,5.55,5.56,5.55,1.09,148.32,236.59,82.22,
12/4/1989,400.5,414.35,400.5,400.5,-3.2,5.5,5.49,5.5,5.49,-3.17,150.33,224.8,98.22,
12/1/1989,413.75,415.95,413.75,413.75,0.5,5.68,5.67,5.68,5.67,0.18,130.29,212.55,65.66,
11/30/1989,411.7,413.3,411.7,411.7,0.97,5.67,5.66,5.67,5.66,2.16,116.49,130.64,108.97,
11/29/1989,407.75,413.25,407.75,407.75,-1.27,5.55,5.54,5.55,5.54,-2.46,123.19,90.97,136.59,
11/28/1989,413,415.95,413,413,-0.3,5.69,5.68,5.69,5.68,-0.18,177.37,166.42,182.19,
11/27/1989,414.25,421.25,414.25,414.25,-1.15,5.7,5.69,5.7,5.69,-3.06,138.02,194.93,66.95,
11/24/1989,419.05,419.9,419.05,419.05,1.71,5.88,5.88,5.88,5.88,0.86,85.28,134.24,67.18,
11/23/1989,412,413.25,412,412,0.49,5.83,5.81,5.83,5.81,0.34,78.67,107.33,55.09,
11/22/1989,410,411.65,410,410,1.61,5.81,5.8,5.81,5.8,-0.34,82.24,72.88,75.99,
11/21/1989,403.5,405.65,403.5,403.5,1.27,5.83,5.82,5.83,5.82,1.92,131.72,165.36,89.25,
11/20/1989,398.45,399.05,398.45,398.45,0.98,5.72,5.71,5.72,5.71,0.7,62.6,41.6,78.08,
11/17/1989,394.6,395,394.6,394.6,0.68,5.68,5.67,5.68,5.67,1.79,60.16,31.98,73.36,
11/16/1989,391.95,394.25,391.95,391.95,0.49,5.58,5.57,5.58,5.57,1.45,110.3,123.71,103.19,
11/15/1989,390.05,393.85,390.05,390.05,-0.64,5.5,5.49,5.5,5.49,2.23,81.01,107.69,59.88,
11/14/1989,392.55,393.75,392.55,392.55,0.52,5.38,5.38,5.38,5.38,1.51,114.4,148.76,74.45,
11/13/1989,390.5,395.05,390.5,390.5,1.18,5.3,5.29,5.3,5.29,1.15,161.45,255.31,92.59,
11/10/1989,385.95,388.25,385.95,385.95,-0.13,5.24,5.23,5.24,5.23,-0.95,52.26,40.08,53.49,
11/9/1989,386.45,389.55,386.45,386.45,-0.66,5.29,5.28,5.29,5.28,0.19,77.45,84.23,70.25,
11/8/1989,389,389.6,389,389,1.04,5.28,5.27,5.28,5.27,0,66.97,89.01,44.55,
11/7/1989,385,385.75,385,385,1.1,5.28,5.27,5.28,5.27,0.57,106.69,151.95,59.15,
11/6/1989,380.8,381.2,380.8,380.8,0.78,5.25,5.24,5.25,5.24,0.19,51.58,57.13,47.66,
11/3/1989,377.85,382.55,377.85,377.85,-0.22,5.24,5.23,5.24,5.23,0,110.97,163.89,54.68,
11/2/1989,378.7,381.1,378.7,378.7,1.49,5.24,5.23,5.24,5.23,1.75,99.2,113.02,94.27,
11/1/1989,373.15,375.3,373.15,373.15,-0.2,5.15,5.14,5.15,5.14,-0.58,147.33,142.14,142.27,
10/31/1989,373.9,376.74,373.9,373.9,-0.85,5.18,5.17,5.18,5.17,-1.33,102.24,112.12,93.52,
10/30/1989,377.1,379.2,377.1,377.1,-0.11,5.25,5.24,5.25,5.24,-0.57,78.44,84.21,80.28,
10/27/1989,377.5,377.78,377.5,377.5,1.71,5.28,5.27,5.28,5.27,1.54,89.3,110.22,70.72,
10/26/1989,371.15,372.43,371.15,371.15,0.74,5.2,5.19,5.2,5.19,1.56,67.45,29.89,87.25,
10/25/1989,368.44,369.35,368.44,368.44,-0.25,5.12,5.11,5.12,5.11,-0.78,71.91,71.69,59.8,
10/24/1989,369.38,369.54,369.38,369.38,0.87,5.16,5.15,5.16,5.15,1.38,97.43,81.79,102.33,
10/23/1989,366.21,367.02,366.21,366.21,-0.13,5.09,5.09,5.09,5.09,-0.2,80.79,42.96,98.54,
10/20/1989,366.69,367.1,366.69,366.69,0.03,5.1,5.09,5.1,5.09,0.2,55.67,63.43,39.68,
10/19/1989,366.59,369.54,366.59,366.59,-0.43,5.09,5.08,5.09,5.08,-0.59,82.99,68.94,80.51,
10/18/1989,368.18,369.08,368.18,368.18,0.37,5.12,5.11,5.12,5.11,0.39,70.76,70.54,66.2,
10/17/1989,366.83,368.06,366.83,366.83,-0.02,5.1,5.1,5.1,5.1,0,63.14,58.11,72.7,
10/16/1989,366.9,369.36,366.9,366.9,1.14,5.1,5.1,5.1,5.1,0.39,53.95,43.03,62.81,
10/13/1989,362.78,364.09,362.78,362.78,0,5.08,5.08,5.08,5.08,-0.2,90.49,101.97,85.06,
10/12/1989,362.78,363.52,362.78,362.78,0.32,5.09,5.09,5.09,5.09,0.2,53.83,28.62,65.65,
10/11/1989,361.63,362.04,361.63,361.63,0.27,5.08,5.08,5.08,5.08,0.79,72.75,48.35,88.72,
10/10/1989,360.65,362.7,360.65,360.65,-0.45,5.04,5.04,5.04,5.04,-0.4,90.68,95.72,79.84,
10/9/1989,362.29,363.93,362.29,362.29,-0.2,5.06,5.06,5.06,5.06,-1.17,99.88,110.63,83.05,
10/6/1989,363.02,363.93,363.02,363.02,0.09,5.12,5.12,5.12,5.12,-0.78,100.51,91.85,104.47,
10/5/1989,362.7,367.69,362.7,362.7,-0.85,5.16,5.16,5.16,5.16,-1.71,84.49,49.13,99.53,
10/4/1989,365.81,366.47,365.81,365.81,0.07,5.25,5.25,5.25,5.25,0.57,109.96,82.22,121.91,
10/3/1989,365.56,366.55,365.56,365.56,-0.2,5.22,5.22,5.22,5.22,0,64.14,63.95,53.34,
10/2/1989,366.3,366.71,366.3,366.3,0.04,5.22,5.22,5.22,5.22,-0.19,57.81,69.16,38.46,
9/29/1989,366.14,369.17,366.14,366.14,-0.07,5.23,5.23,5.23,5.23,-0.57,84.08,108.96,55.93,
9/28/1989,366.38,367.29,366.38,366.38,0.18,5.26,5.26,5.26,5.26,0.19,73.53,73.3,73.37,
9/27/1989,365.73,370.32,365.73,365.73,-0.29,5.25,5.25,5.25,5.25,-0.19,109.11,95.72,108.87,
9/26/1989,366.79,368.76,366.79,366.79,-0.39,5.26,5.26,5.26,5.26,-0.38,120.37,86.4,136.12,
9/25/1989,368.21,368.88,368.21,368.21,1.11,5.28,5.28,5.28,5.28,0,119.12,90.48,132.07,
9/22/1989,364.16,366.38,364.16,364.16,0.07,5.28,5.28,5.28,5.28,1.93,121.19,136.93,107.49,
9/21/1989,363.92,364.16,363.92,363.92,0.15,5.18,5.18,5.18,5.18,1.17,89.81,75.76,97.66,
9/20/1989,363.37,366.38,363.37,363.37,1.01,5.12,5.12,5.12,5.12,0.99,123.67,79.26,139.56,
9/19/1989,359.72,361.15,359.72,359.72,-0.13,5.07,5.07,5.07,5.07,0,59.33,49.29,57.56,
9/18/1989,360.19,361.38,360.19,360.19,-0.59,5.07,5.07,5.07,5.07,-0.2,89.83,33.58,130.72,
9/15/1989,362.34,363.29,362.34,362.34,0.89,5.08,5.08,5.08,5.08,0.4,43.8,31.75,46.35,
9/14/1989,359.16,362.1,359.16,359.16,0.2,5.06,5.06,5.06,5.06,-0.2,75.12,85.59,53.54,
9/13/1989,358.45,358.93,358.45,358.45,0.04,5.07,5.07,5.07,5.07,-0.2,54.83,45.55,53.19,
9/12/1989,358.29,359.16,358.29,358.29,0.09,5.08,5.08,5.08,5.08,0.4,60.87,50.57,67.49,
9/11/1989,357.97,359.72,357.97,357.97,-0.09,5.06,5.06,5.06,5.06,-0.2,119.32,181.26,85.04,
9/8/1989,358.29,359.88,358.29,358.29,-0.31,5.07,5.07,5.07,5.07,-1.17,100.51,95.85,116.29,
9/7/1989,359.4,360.04,359.4,359.4,-0.31,5.13,5.13,5.13,5.13,0.39,88.18,122.31,89.27,
9/6/1989,360.51,360.75,360.51,360.51,0.66,5.11,5.11,5.11,5.11,0.79,110.58,143.79,71.96,
9/5/1989,358.13,359.4,358.13,358.13,-0.22,5.07,5.07,5.07,5.07,-0.2,106.86,130.2,78.98,
9/4/1989,358.93,359,358.93,358.93,-0.02,5.08,5.08,5.08,5.08,0,130.36,183.47,63.76,
9/1/1989,359,359.4,359,359,0.2,5.08,5.08,5.08,5.08,0.4,115.85,136.89,92.77,
8/31/1989,358.29,360.35,358.29,358.29,-0.49,5.06,5.06,5.06,5.06,-0.59,74.36,51.89,92.74,
8/30/1989,360.04,362.5,360.04,360.04,-0.57,5.09,5.09,5.09,5.09,-0.2,73.38,104.51,43.58,
8/29/1989,362.1,364.24,362.1,362.1,0.93,5.1,5.1,5.1,5.1,0,110.42,121.09,101,
8/28/1989,358.77,360.19,358.77,358.77,-0.06,5.1,5.1,5.1,5.1,-0.2,103.33,169.66,40.43,
8/25/1989,359,362.73,359,359,-0.9,5.11,5.11,5.11,5.11,-1.16,64.2,85.33,49.82,
8/24/1989,362.26,364.48,362.26,362.26,-0.37,5.17,5.17,5.17,5.17,0,76.75,48.33,87.34,
8/23/1989,363.61,367.25,363.61,363.61,-0.76,5.17,5.17,5.17,5.17,-0.96,76.33,71.02,84.62,
8/22/1989,366.38,367.25,366.38,366.38,0,5.22,5.22,5.22,5.22,0,85.21,63.71,97.43,
8/21/1989,366.38,366.78,366.38,366.38,0.15,5.22,5.22,5.22,5.22,-0.38,80.04,61.38,102.4,
8/18/1989,365.83,367.1,365.83,365.83,0,5.24,5.24,5.24,5.24,-0.19,76.41,80.65,82.22,
8/17/1989,365.83,367.57,365.83,365.83,-0.13,5.25,5.25,5.25,5.25,1.35,76.2,79.96,106.71,
8/16/1989,366.3,369.6,366.3,366.3,-0.63,5.18,5.18,5.18,5.18,-1.33,107.85,122.88,85.41,
8/15/1989,368.64,369.44,368.64,368.64,1.03,5.25,5.25,5.25,5.25,0.96,139.97,104.65,193.98,
8/14/1989,364.88,365.83,364.88,364.88,0.44,5.2,5.2,5.2,5.2,0.19,81.41,112.37,52.07,
8/11/1989,363.29,365.83,363.29,363.29,-0.67,5.19,5.19,5.19,5.19,0.39,86.69,72.78,98.65,
8/10/1989,365.75,366.78,365.75,365.75,0,5.17,5.17,5.17,5.17,0.19,82.72,78.53,78.61,
8/9/1989,365.75,366.38,365.75,365.75,-0.02,5.16,5.16,5.16,5.16,0.19,93.02,103.04,103.13,
8/8/1989,365.83,366.78,365.83,365.83,-0.06,5.15,5.15,5.15,5.15,0,158.75,137.16,184.81,
8/7/1989,366.06,368.21,366.06,366.06,-0.35,5.15,5.15,5.15,5.15,-0.19,200.58,193.9,232.49,
8/4/1989,367.33,372.29,367.33,367.33,-1.54,5.16,5.16,5.16,5.16,-2.46,178.33,160.01,244.68,
8/3/1989,373.09,374.04,373.09,373.09,1.01,5.29,5.29,5.29,5.29,1.73,138.19,181.06,144.46,
8/2/1989,369.36,370.71,369.36,369.36,-0.17,5.2,5.2,5.2,5.2,-1.14,190.38,246.73,229.54,
8/1/1989,369.99,370.47,369.99,369.99,-0.02,5.26,5.26,5.26,5.26,0,200.6,270.24,207.38,
7/31/1989,370.07,370.07,370.07,370.07,1.03,5.26,5.26,5.26,5.26,2.33,120.24,119.87,129.98,
7/28/1989,366.3,380.23,366.3,366.3,-1.67,5.14,5.14,5.14,5.14,-1.53,55.85,51.4,57.16,
7/27/1989,372.53,375.07,372.53,372.53,-0.44,5.22,5.22,5.22,5.22,-0.19,58.25,23.23,83.96,
7/26/1989,374.16,375.27,374.16,374.16,0.37,5.23,5.23,5.23,5.23,0.19,82.3,51.28,102.65,
7/25/1989,372.77,373.72,372.77,372.77,0.09,5.22,5.22,5.22,5.22,0.19,49.77,55.13,36.79,
7/24/1989,372.45,373.76,372.45,372.45,0.2,5.21,5.21,5.21,5.21,0.39,47.15,47.01,58.82,
7/21/1989,371.7,373.72,371.7,371.7,0.27,5.19,5.19,5.19,5.19,0.19,106.41,83.02,115.41,
7/20/1989,370.71,373.36,370.71,370.71,0.74,5.18,5.18,5.18,5.18,0.39,83.38,98.24,56.73,
7/19/1989,367.97,372.17,367.97,367.97,-1.1,5.16,5.16,5.16,5.16,-1.71,124.72,99.47,124.45,
7/18/1989,372.05,372.97,372.05,372.05,0.48,5.25,5.25,5.25,5.25,-0.38,142.83,186.2,91.36,
7/17/1989,370.27,372.17,370.27,370.27,0.05,5.27,5.27,5.27,5.27,1.15,109.46,114.87,86.23,
7/14/1989,370.07,376.97,370.07,370.07,-1.33,5.21,5.21,5.21,5.21,0.19,99.02,71.79,104.79,
7/13/1989,375.07,378.88,375.07,375.07,-0.53,5.2,5.2,5.2,5.2,0.19,85.34,69.61,83.86,
7/12/1989,377.05,380.15,377.05,377.05,-0.64,5.19,5.19,5.19,5.19,-1.33,77.04,90.35,67.83,
7/11/1989,379.47,382.05,379.47,379.47,-0.85,5.26,5.26,5.26,5.26,0.57,106.32,122.72,83.75,
7/10/1989,382.72,383.87,382.72,382.72,0.3,5.23,5.23,5.23,5.23,0.38,88.17,75.34,94.26,
7/7/1989,381.57,385.54,381.57,381.57,-0.75,5.21,5.21,5.21,5.21,-3.16,130.09,148.21,108.17,
7/6/1989,384.47,386.25,384.47,384.47,0.05,5.38,5.38,5.38,5.38,-0.37,73.61,51.8,86.42,
7/5/1989,384.27,386.45,384.27,384.27,2.07,5.4,5.4,5.4,5.4,3.05,89.69,83.45,99.44,
7/4/1989,376.46,378.56,376.46,376.46,-0.14,5.24,5.24,5.24,5.24,0.19,100.95,88.06,104.93,
7/3/1989,376.97,377.37,376.97,376.97,0.95,5.23,5.23,5.23,5.23,1.55,51.46,51.3,53.49,
6/30/1989,373.44,375.07,373.44,373.44,0.94,5.15,5.15,5.15,5.15,0.78,83.65,50.04,104.34,
6/29/1989,369.95,378.68,369.95,369.95,-1.33,5.11,5.11,5.11,5.11,-3.22,48.77,7.48,74.87,
6/28/1989,374.95,377.05,374.95,374.95,-0.19,5.28,5.28,5.28,5.28,-0.38,92.66,73.9,92.46,
6/27/1989,375.66,377.05,375.66,375.66,0.42,5.3,5.3,5.3,5.3,0,143.79,95.57,159.42,
6/26/1989,374.08,376.65,374.08,374.08,-0.77,5.3,5.3,5.3,5.3,-0.38,82.96,94.52,59.13,
6/23/1989,376.97,379.95,376.97,376.97,1.96,5.32,5.32,5.32,5.32,0.76,66.67,24.92,90.08,
6/22/1989,369.71,371.86,369.71,369.71,-0.33,5.28,5.28,5.28,5.28,0,70.56,44.43,86.46,
6/21/1989,370.94,371.26,370.94,370.94,1.66,5.28,5.28,5.28,5.28,0.96,100.09,38.01,142.68,
6/20/1989,364.88,368.76,364.88,364.88,-0.31,5.23,5.23,5.23,5.23,-1.51,80.67,50.26,100.62,
6/19/1989,366.03,366.86,366.03,366.03,0.47,5.31,5.31,5.31,5.31,0.38,100.74,94.52,88.7,
6/16/1989,364.32,367.45,364.32,364.32,-0.53,5.29,5.29,5.29,5.29,-0.38,87.17,60.83,94.23,
6/15/1989,366.26,367.65,366.26,366.26,1.27,5.31,5.31,5.31,5.31,1.53,81.79,88.95,68.01,
6/14/1989,361.66,363.17,361.66,361.66,-0.11,5.23,5.23,5.23,5.23,0,74.34,27.79,100.44,
6/13/1989,362.06,363.25,362.06,362.06,0.36,5.23,5.23,5.23,5.23,0.38,159.4,109.25,173.97,
6/12/1989,360.75,361.86,360.75,360.75,1.06,5.21,5.21,5.21,5.21,1.17,109.08,80.13,114.57,
6/9/1989,356.98,373.44,356.98,356.98,-4.23,5.15,5.15,5.15,5.15,-5.33,82.61,82.35,89.3,
6/8/1989,372.73,375.47,372.73,372.73,-0.44,5.44,5.44,5.44,5.44,0.18,97.21,111.82,80.83,
6/7/1989,374.36,377.96,374.36,374.36,-0.75,5.43,5.43,5.43,5.43,0.18,139.18,111,162.03,
6/6/1989,377.17,378.16,377.17,377.17,3.24,5.42,5.42,5.42,5.42,3.24,155.59,110.08,183.63,
6/5/1989,365.35,368.96,365.35,365.35,-0.5,5.25,5.25,5.25,5.25,-0.38,142.05,147.28,141.74,
6/2/1989,367.18,367.45,367.18,367.18,1.4,5.27,5.27,5.27,5.27,1.35,64.32,24.05,93.6,
6/1/1989,362.1,362.46,362.1,362.1,0.24,5.2,5.2,5.2,5.2,0.78,64.8,83.6,44.38,
5/31/1989,361.23,364.56,361.23,361.23,-0.53,5.16,5.16,5.16,5.16,-1.34,74.94,59.77,74.78,
5/30/1989,363.17,364.88,363.17,363.17,0.13,5.23,5.23,5.23,5.23,-0.19,87.94,81.83,78,
5/29/1989,362.69,363.25,362.69,362.69,-0.35,5.24,5.24,5.24,5.24,-0.19,108.02,100.51,119.76,
5/26/1989,363.96,367.69,363.96,363.96,-0.49,5.25,5.25,5.25,5.25,-0.76,77.13,48.56,87.77,
5/25/1989,365.75,365.75,365.75,365.75,1.05,5.29,5.29,5.29,5.29,2.32,121.89,85.78,137.13,
5/24/1989,361.94,363.92,361.94,361.94,0.04,5.17,5.17,5.17,5.17,-0.19,130.82,102.47,147.63,
5/23/1989,361.78,365.25,361.78,361.78,0.08,5.18,5.18,5.18,5.18,1.37,98.81,62.21,112.43,
5/22/1989,361.49,363.37,361.49,361.49,-0.79,5.11,5.11,5.11,5.11,-2.48,141.32,135.25,150.42,
5/19/1989,364.37,368.96,364.37,364.37,-1.04,5.24,5.24,5.24,5.24,-2.96,104.9,96.54,93.94,
5/18/1989,368.19,371.72,368.19,368.19,-0.93,5.4,5.4,5.4,5.4,-0.55,83.72,50.81,96.86,
5/17/1989,371.66,374.19,371.66,371.66,-0.52,5.43,5.43,5.43,5.43,-1.27,69.01,64.21,76.51,
5/16/1989,373.6,375.25,373.6,373.6,-0.13,5.5,5.5,5.5,5.5,0.18,104.45,69.42,132.35,
5/15/1989,374.07,376.19,374.07,374.07,-0.5,5.49,5.49,5.49,5.49,-0.72,98.56,54.58,118.38,
5/12/1989,375.96,380.07,375.96,375.96,-0.88,5.53,5.53,5.53,5.53,-2.12,168.15,125.72,202.74,
5/11/1989,379.31,379.9,379.31,379.31,0.83,5.65,5.65,5.65,5.65,0.71,98.83,72.98,115.66,
5/10/1989,376.19,379.07,376.19,376.19,-0.45,5.61,5.61,5.61,5.61,-0.88,131.72,126.45,113.59,
5/9/1989,377.9,378.25,377.9,377.9,0.67,5.66,5.66,5.66,5.66,1.07,102.34,42.96,143.32,
5/8/1989,375.37,378.96,375.37,375.37,-0.42,5.6,5.6,5.6,5.6,0.18,106.67,118.15,118.26,
5/5/1989,376.96,377.9,376.96,376.96,0.06,5.59,5.59,5.59,5.59,-0.53,103.39,87.22,112.43,
5/4/1989,376.72,378.9,376.72,376.72,-0.26,5.62,5.62,5.62,5.62,-0.18,77.12,69.89,81.61,
5/3/1989,377.72,379.66,377.72,377.72,0.17,5.63,5.63,5.63,5.63,0.18,103.06,58.71,130.58,
5/2/1989,377.07,377.9,377.07,377.07,-0.17,5.62,5.62,5.62,5.62,-0.53,136.28,104.51,156.9,
5/1/1989,377.72,378.37,377.72,377.72,0,5.65,5.65,5.65,5.65,0.89,120.56,91.57,124.12,
4/28/1989,377.72,382.37,377.72,377.72,-1.11,5.6,5.6,5.6,5.6,-0.71,84.84,76.89,83.37,
4/27/1989,381.96,385.13,381.96,381.96,-0.51,5.64,5.64,5.64,5.64,-2.08,94.75,72.66,109.09,
4/26/1989,383.9,384.96,383.9,383.9,-0.18,5.76,5.76,5.76,5.76,-0.52,69.79,37.11,92.85,
4/25/1989,384.6,386.6,384.6,384.6,-0.47,5.79,5.79,5.79,5.79,-0.52,104.92,49.81,141.26,
4/24/1989,386.43,387.43,386.43,386.43,0.64,5.82,5.82,5.82,5.82,1.04,147.98,136.18,151.45,
4/21/1989,383.96,385.72,383.96,383.96,-0.3,5.76,5.76,5.76,5.76,-0.35,64.36,51.33,64.22,
4/20/1989,385.13,385.25,385.13,385.13,0.71,5.78,5.78,5.78,5.78,0.52,89.03,81.36,86.37,
4/19/1989,382.43,384.55,382.43,382.43,-0.12,5.75,5.75,5.75,5.75,-0.17,77.71,29.05,105.01,
4/18/1989,382.9,385.72,382.9,382.9,-0.54,5.76,5.76,5.76,5.76,-0.86,91.03,121,58.87,
4/17/1989,384.96,385.66,384.96,384.96,0.06,5.81,5.81,5.81,5.81,0,54.13,53.96,54.01,
4/14/1989,384.72,389.96,384.72,384.72,-1.18,5.81,5.81,5.81,5.81,-1.02,74.44,90.7,55.02,
4/13/1989,389.31,391.49,389.31,389.31,0.67,5.87,5.87,5.87,5.87,0.17,52.17,52.01,43.38,
4/12/1989,386.72,388.43,386.72,386.72,0.55,5.86,5.86,5.86,5.86,0.51,67.02,57.27,71.65,
4/11/1989,384.6,385.72,384.6,384.6,-0.18,5.83,5.83,5.83,5.83,0.17,124.44,153.6,128.12,
4/10/1989,385.31,386.31,385.31,385.31,0.69,5.82,5.82,5.82,5.82,0.69,176.75,204.62,142.23,
4/7/1989,382.66,384.72,382.66,382.66,-0.25,5.78,5.78,5.78,5.78,-0.17,129.17,166.16,83.15,
4/6/1989,383.6,384.6,383.6,383.6,0.04,5.79,5.79,5.79,5.79,0,88.39,99.61,83.08,
4/5/1989,383.43,385.31,383.43,383.43,-0.59,5.79,5.79,5.79,5.79,-0.34,73.41,36.59,91.56,
4/4/1989,385.72,387.49,385.72,385.72,0.06,5.81,5.81,5.81,5.81,0.35,82.3,82.05,76.99,
4/3/1989,385.49,386.07,385.49,385.49,0.22,5.79,5.79,5.79,5.79,0.17,90.14,89.86,84.32,
3/31/1989,384.66,384.78,384.66,384.66,1.16,5.78,5.78,5.78,5.78,0.7,87.28,99.44,69.12,
3/30/1989,380.25,384.72,380.25,380.25,-0.29,5.74,5.74,5.74,5.74,-0.35,65.09,36.05,84.2,
3/29/1989,381.37,383.9,381.37,381.37,-0.15,5.76,5.76,5.76,5.76,-0.69,80.68,56.77,102.6,
3/28/1989,381.96,391.66,381.96,381.96,-2.05,5.8,5.8,5.8,5.8,-2.36,92.3,112.46,68.22,
3/27/1989,389.96,391.9,389.96,389.96,-0.39,5.94,5.94,5.94,5.94,-1,93.15,81.25,96.82,
3/23/1989,391.49,396.01,391.49,391.49,-0.49,6,6,6,6,-0.83,87.17,75.57,81.94,
3/22/1989,393.43,394.43,393.43,393.43,0.08,6.05,6.05,6.05,6.05,0,98.53,140.33,54.62,
3/21/1989,393.13,395.78,393.13,393.13,-0.45,6.05,6.05,6.05,6.05,-0.98,75.9,86.48,54.1,
3/20/1989,394.9,396.43,394.9,394.9,0.64,6.11,6.11,6.11,6.11,-0.16,150.57,200.14,139.12,
3/17/1989,392.37,394.19,392.37,392.37,0.97,6.12,6.12,6.12,6.12,1.16,62.34,99.44,41.47,
3/16/1989,388.6,391.13,388.6,388.6,-0.54,6.05,6.05,6.05,6.05,-0.66,110.05,117.03,91.51,
3/15/1989,390.72,395.43,390.72,390.72,-1.09,6.09,6.09,6.09,6.09,-1.3,115.02,119.25,107.12,
3/14/1989,395.01,397.01,395.01,395.01,0.45,6.17,6.17,6.17,6.17,1.48,127.6,173.01,84.88,
3/13/1989,393.25,394.01,393.25,393.25,-0.05,6.08,6.08,6.08,6.08,0.33,99.38,132.09,55.09,
3/10/1989,393.43,397.37,393.43,393.43,-0.16,6.06,6.06,6.06,6.06,1,77.04,42.67,92.53,
3/9/1989,394.07,394.72,394.07,394.07,0.48,6,6,6,6,2.56,68.12,64.33,59.62,
3/8/1989,392.19,395.6,392.19,392.19,-0.12,5.85,5.85,5.85,5.85,-0.34,52.43,47.52,47.56,
3/7/1989,392.66,392.9,392.66,392.66,1.43,5.87,5.87,5.87,5.87,1.03,97.72,107.16,81.25,
3/6/1989,387.13,389.55,387.13,387.13,0.26,5.81,5.81,5.81,5.81,0,84.65,45.01,112.62,
3/3/1989,386.13,387.13,386.13,386.13,0.74,5.81,5.81,5.81,5.81,0.87,84.83,104.71,60.46,
3/2/1989,383.31,384.55,383.31,383.31,-0.06,5.76,5.76,5.76,5.76,0.17,48.12,51.66,36.93,
3/1/1989,383.55,386.72,383.55,383.55,-0.87,5.75,5.75,5.75,5.75,-1.03,104.86,114.04,87.19,
2/28/1989,386.9,387.25,386.9,386.9,0.26,5.81,5.81,5.81,5.81,-0.68,84.94,49.81,99.71,
2/27/1989,385.9,391.84,385.9,385.9,-0.79,5.85,5.85,5.85,5.85,-1.02,29.84,47.6,9.93,
2/24/1989,388.96,390.72,388.96,388.96,-0.36,5.91,5.91,5.91,5.91,-0.51,66.58,66.38,55.37,
2/23/1989,390.37,391.9,390.37,390.37,1.11,5.94,5.94,5.94,5.94,0,62.57,44.03,91.82,
2/22/1989,386.07,387.43,386.07,386.07,0.17,5.94,5.94,5.94,5.94,0.17,59.24,68.9,49.26,
2/21/1989,385.43,388.43,385.43,385.43,0.86,5.93,5.93,5.93,5.93,0,66.92,55.6,64.92,
2/20/1989,382.13,382.43,382.13,382.13,0.59,5.93,5.93,5.93,5.93,0,84.94,70.56,82.4,
2/17/1989,379.9,383.78,379.9,379.9,-0.77,5.93,5.93,5.93,5.93,0.85,135.63,131.11,136.7,
2/16/1989,382.84,384.49,382.84,382.84,-0.14,5.88,5.88,5.88,5.88,-0.17,86.89,101.06,66.23,
2/15/1989,383.37,384.66,383.37,383.37,-0.26,5.89,5.89,5.89,5.89,1.2,167.9,153.81,166.02,
2/14/1989,384.37,386.84,384.37,384.37,-0.11,5.82,5.82,5.82,5.82,0,107.02,81.29,127.13,
2/13/1989,384.78,387.25,384.78,384.78,-0.5,5.82,5.82,5.82,5.82,0.34,89.53,52.5,122.62,
2/10/1989,386.72,394.49,386.72,386.72,-1.57,5.8,5.8,5.8,5.8,-1.53,141.71,114.79,154.66,
2/9/1989,392.9,396.01,392.9,392.9,-0.18,5.89,5.89,5.89,5.89,-0.34,85.51,88.95,80.38,
2/8/1989,393.6,394.37,393.6,393.6,0.96,5.91,5.91,5.91,5.91,1.03,140.65,145.05,137.12,
2/7/1989,389.84,392.6,389.84,389.84,-0.39,5.85,5.85,5.85,5.85,-0.85,109.9,146.08,95.73,
2/6/1989,391.37,392.25,391.37,391.37,0.06,5.9,5.9,5.9,5.9,1.2,125.34,142.81,119.11,
2/3/1989,391.13,392.13,391.13,391.13,0.09,5.83,5.83,5.83,5.83,0.17,101.05,131.39,87.68,
2/2/1989,390.78,393.25,390.78,390.78,-0.27,5.82,5.82,5.82,5.82,-0.17,113.15,132.25,90.84,
2/1/1989,391.84,394.25,391.84,391.84,0.39,5.83,5.83,5.83,5.83,0.87,69.49,46.19,84.75,
1/31/1989,390.31,395.84,390.31,390.31,-0.98,5.78,5.78,5.78,5.78,-0.86,70.27,50.04,83.47,
1/30/1989,394.19,396.01,394.19,394.19,-0.15,5.83,5.83,5.83,5.83,-1.02,98.28,57.63,124.99,
1/27/1989,394.78,403.01,394.78,394.78,-1.8,5.89,5.89,5.89,5.89,-2.64,92.48,92.2,83.89,
1/26/1989,402.01,406.84,402.01,402.01,-0.77,6.05,6.05,6.05,6.05,-1.79,108.18,96.69,111.67,
1/25/1989,405.13,405.49,405.13,405.13,0.06,6.16,6.16,6.16,6.16,0.49,160.21,140.93,180.24,
1/24/1989,404.9,409.6,404.9,404.9,-0.49,6.13,6.13,6.13,6.13,-0.81,93.75,93.46,86.62,
1/23/1989,406.9,408.49,406.9,406.9,-0.19,6.18,6.18,6.18,6.18,0,65.38,65.18,63.43,
1/20/1989,407.66,407.9,407.66,407.66,1.12,6.18,6.18,6.18,6.18,3.87,97.93,67.92,134.54,
1/19/1989,403.13,404.37,403.13,403.13,0.39,5.95,5.95,5.95,5.95,1.02,60.81,57.06,59.49,
1/18/1989,401.55,403.87,401.55,401.55,-0.12,5.89,5.89,5.89,5.89,-0.17,74.23,64.75,69.44,
1/17/1989,402.04,402.93,402.04,402.04,0.19,5.9,5.9,5.9,5.9,0.17,113.85,86.48,126.23,
1/16/1989,401.27,402.04,401.27,401.27,-0.12,5.89,5.89,5.89,5.89,0,117.88,117.52,117.63,
1/13/1989,401.77,406.52,401.77,401.77,-0.59,5.89,5.89,5.89,5.89,-0.34,90.76,108.57,60.37,
1/12/1989,404.14,405.14,404.14,404.14,0.32,5.91,5.91,5.91,5.91,-0.17,68.07,45.24,81.75,
1/11/1989,402.87,404.37,402.87,402.87,-0.12,5.92,5.92,5.92,5.92,-0.34,98.22,97.91,81.67,
1/10/1989,403.37,406.52,403.37,403.37,-0.29,5.94,5.94,5.94,5.94,0.68,112.46,122.31,102.02,
1/9/1989,404.53,406.52,404.53,404.53,-0.19,5.9,5.9,5.9,5.9,-1.5,75.29,69.28,67.42,
1/6/1989,405.3,408.56,405.3,405.3,-0.52,5.99,5.99,5.99,5.99,0.34,107,88.89,103.8,
1/5/1989,407.4,409.5,407.4,407.4,-0.16,5.97,5.97,5.97,5.97,0.84,139.05,171.23,102.02,
1/4/1989,408.07,411.44,408.07,408.07,-0.54,5.92,5.92,5.92,5.92,0.51,78.87,73.39,78.7,
1/3/1989,410.28,413.93,410.28,410.28,0.22,5.89,5.89,5.89,5.89,0.17,90.91,113.29,75.6,
12/30/1988,409.39,412.27,409.39,409.39,0.49,6.04,6.04,6.04,6.04,1.51,82.43,143.8,17.14,
12/29/1988,407.4,414.04,407.4,407.4,-1.31,5.95,5.95,5.95,5.95,-1.49,72.01,102.56,42.77,
12/28/1988,412.82,416.96,412.82,412.82,-1.16,6.04,6.04,6.04,6.04,-1.63,79.31,109.47,60.87,
12/27/1988,417.68,418.95,417.68,417.68,-0.05,6.14,6.14,6.14,6.14,2.5,101.48,72.26,120.55,
12/23/1988,417.9,418.35,417.9,417.9,0.2,6.11,6.11,6.11,6.11,0,109.84,149.85,76.91,
12/22/1988,417.08,417.9,417.08,417.08,0.55,6.11,6.11,6.11,6.11,0,66.03,65.83,54.91,
12/21/1988,414.81,415.92,414.81,414.81,0.21,6.11,6.11,6.11,6.11,0.33,67.06,66.85,66.91,
12/20/1988,413.93,414.42,413.93,413.93,0,6.09,6.09,6.09,6.09,-0.33,74.98,95.13,56.68,
12/19/1988,413.93,414.81,413.93,413.93,0.31,6.11,6.11,6.11,6.11,0.49,159.19,105.8,189.1,
12/16/1988,412.65,414.31,412.65,412.65,0,6.08,6.08,6.08,6.08,0.16,116.03,127.24,96.48,
12/15/1988,412.65,421.55,412.65,412.65,-1.94,6.07,6.07,6.07,6.07,-1.62,87.72,102.88,68.65,
12/14/1988,420.83,421.72,420.83,420.83,0.37,6.17,6.17,6.17,6.17,0,98.33,49.01,122.65,
12/13/1988,419.29,420.72,419.29,419.29,-0.06,6.17,6.17,6.17,6.17,0.16,84.94,98.79,70.63,
12/12/1988,419.56,421.83,419.56,419.56,-0.66,6.16,6.16,6.16,6.16,-0.16,71.24,71.02,82.93,
12/9/1988,422.33,422.82,422.33,422.33,-0.26,6.17,6.17,6.17,6.17,1.48,66.36,77.18,64.38,
12/8/1988,423.43,423.82,423.43,423.43,0.29,6.08,6.08,6.08,6.08,-0.82,115.31,73.15,148.19,
12/7/1988,422.22,426.86,422.22,422.22,-1.14,6.13,6.13,6.13,6.13,-0.65,147.08,140.26,127.62,
12/6/1988,427.08,429.23,427.08,427.08,-0.26,6.17,6.17,6.17,6.17,0,105.79,145.01,65.98,
12/5/1988,428.18,430.84,428.18,428.18,-0.5,6.17,6.17,6.17,6.17,-0.32,119.91,89.66,149.57,
12/2/1988,430.34,432.11,430.34,430.34,1.75,6.19,6.19,6.19,6.19,1.31,45.85,57.13,28.59,
12/1/1988,422.93,425.81,422.93,422.93,-0.16,6.11,6.11,6.11,6.11,-0.33,59.15,53.61,62.6,
11/30/1988,423.6,423.93,423.6,423.6,0.54,6.13,6.13,6.13,6.13,2.17,89.88,89.6,96.09,
11/29/1988,421.33,423.71,421.33,421.33,-0.18,6,6,6,6,-0.66,122.69,190.26,45.34,
11/28/1988,422.11,424.98,422.11,422.11,-0.47,6.04,6.04,6.04,6.04,-2.11,81.88,89.05,61.9,
11/25/1988,424.1,424.81,424.1,424.1,1.03,6.17,6.17,6.17,6.17,0.65,97.43,114.27,76.25,
11/24/1988,419.78,420.17,419.78,419.78,0.17,6.13,6.13,6.13,6.13,0.49,63.58,101.42,21.15,
11/23/1988,419.06,420.06,419.06,419.06,0.38,6.1,6.1,6.1,6.1,0.33,44.51,50.71,31.72,
11/22/1988,417.46,420.17,417.46,417.46,0.52,6.08,6.08,6.08,6.08,1,39.99,13.29,55.42,
11/21/1988,415.31,417.9,415.31,415.31,-0.36,6.02,6.02,6.02,6.02,-0.5,43.02,71.48,11.92,
11/18/1988,416.8,420.34,416.8,416.8,-1.28,6.05,6.05,6.05,6.05,-2.26,56.05,33.53,74.57,
11/17/1988,422.22,424.59,422.22,422.22,-0.29,6.19,6.19,6.19,6.19,-1.43,44.46,44.33,36.97,
11/16/1988,423.43,426.8,423.43,423.43,0.14,6.28,6.28,6.28,6.28,-1.41,81.87,37.67,104.73,
11/15/1988,422.82,425.81,422.82,422.82,0,6.37,6.37,6.37,6.37,-0.62,73.32,53.16,77.59,
11/14/1988,422.82,424.43,422.82,422.82,0.47,6.41,6.41,6.41,6.41,0.31,71.7,100.07,47.7,
11/11/1988,420.83,421.33,420.83,420.83,0.61,6.39,6.39,6.39,6.39,0.79,63.15,91.57,38.19,
11/10/1988,418.29,423.82,418.29,418.29,-0.84,6.34,6.34,6.34,6.34,-2.46,71.3,87.48,45.6,
11/9/1988,421.83,423.1,421.83,421.83,0.83,6.5,6.5,6.5,6.5,1.72,86.2,122.76,40.96,
11/8/1988,418.35,422.44,418.35,418.35,-0.89,6.39,6.39,6.39,6.39,-1.54,58.23,77.4,43.04,
11/7/1988,422.11,422.93,422.11,422.11,0.25,6.49,6.49,6.49,6.49,1.09,96.22,123.33,68.58,
11/4/1988,421.06,421.83,421.06,421.06,0,6.42,6.42,6.42,6.42,0.31,66.81,44.4,74.07,
11/3/1988,421.06,424.7,421.06,421.06,-0.06,6.4,6.4,6.4,6.4,-1.08,71.65,76.93,55,
11/2/1988,421.33,422.22,421.33,421.33,2.5,6.47,6.47,6.47,6.47,2.86,61.23,97.67,40.73,
11/1/1988,411.05,412.05,411.05,411.05,-0.27,6.29,6.29,6.29,6.29,-0.16,19.92,13.24,22.08,
10/31/1988,412.16,413.7,412.16,412.16,0,6.3,6.3,6.3,6.3,0.16,62.11,68.8,57.39,
10/28/1988,412.16,415.69,412.16,412.16,1.24,6.29,6.29,6.29,6.29,1.45,67.95,67.74,65.92,
10/27/1988,407.13,408.4,407.13,407.13,-0.26,6.2,6.2,6.2,6.2,-0.32,55.58,55.41,46.22,
10/26/1988,408.18,408.51,408.18,408.18,0.49,6.22,6.22,6.22,6.22,0.16,77.34,38.55,107.18,
10/25/1988,406.19,407.51,406.19,406.19,0.14,6.21,6.21,6.21,6.21,0.49,114.67,114.31,95.35,
10/24/1988,405.64,407.13,405.64,405.64,-0.58,6.18,6.18,6.18,6.18,-0.64,104.45,59.5,124.08,
10/21/1988,408.01,411.55,408.01,408.01,-0.98,6.22,6.22,6.22,6.22,-1.89,43.37,32.43,54.1,
10/20/1988,412.05,412.82,412.05,412.05,0.28,6.34,6.34,6.34,6.34,0.16,88.34,99.07,64.27,
10/19/1988,410.89,413.15,410.89,410.89,-0.23,6.33,6.33,6.33,6.33,-0.16,75.43,87.73,83.63,
10/18/1988,411.83,413.7,411.83,411.83,0,6.34,6.34,6.34,6.34,-0.94,62.5,49.85,72.76,
10/17/1988,411.83,413.81,411.83,411.83,0.74,6.4,6.4,6.4,6.4,0.79,66.55,73.71,49.19,
10/14/1988,408.79,410.78,408.79,408.79,0.53,6.35,6.35,6.35,6.35,1.11,72.5,55.6,83.47,
10/13/1988,406.63,409.78,406.63,406.63,-0.24,6.28,6.28,6.28,6.28,-0.32,37.34,53.18,17.74,
10/12/1988,407.62,411.44,407.62,407.62,0.89,6.3,6.3,6.3,6.3,1.78,65.42,59.29,69.23,
10/11/1988,404.03,410.17,404.03,404.03,-0.99,6.19,6.19,6.19,6.19,-2.21,87.71,80.71,78.54,
10/10/1988,408.07,409.67,408.07,408.07,1.32,6.33,6.33,6.33,6.33,0.48,109.21,130.64,96.86,
10/7/1988,402.76,404.25,402.76,402.76,-0.15,6.3,6.3,6.3,6.3,0.32,79.28,90.32,56.5,
10/6/1988,403.37,404.75,403.37,403.37,0.8,6.28,6.28,6.28,6.28,0.32,83.86,94.05,61.02,
10/5/1988,400.17,401.05,400.17,400.17,0.6,6.26,6.26,6.26,6.26,0.16,87.63,93.19,68.01,
10/4/1988,397.79,399.12,397.79,397.79,0.11,6.25,6.25,6.25,6.25,0.48,88.34,88.06,83.95,
10/3/1988,397.35,399.12,397.35,397.35,0.84,6.22,6.22,6.22,6.22,1.47,108.17,67.4,123.67,
9/30/1988,394.03,398.01,394.03,394.03,-0.5,6.13,6.13,6.13,6.13,-0.65,80.66,32.17,107.32,
9/29/1988,396.02,400.17,396.02,396.02,-0.44,6.17,6.17,6.17,6.17,0.33,67.39,51.68,68.97,
9/28/1988,397.79,399,397.79,397.79,0.14,6.15,6.15,6.15,6.15,0,92.5,80.69,105.76,
9/27/1988,397.24,397.79,397.24,397.24,0.7,6.15,6.15,6.15,6.15,0.65,114.02,131.62,79.84,
9/26/1988,394.47,395.63,394.47,394.47,0.35,6.11,6.11,6.11,6.11,-0.97,63.16,69.97,46.69,
9/23/1988,393.09,400.77,393.09,393.09,-1.39,6.17,6.17,6.17,6.17,-1.28,69.79,64.23,71.43,
9/22/1988,398.62,400.17,398.62,398.62,0.31,6.25,6.25,6.25,6.25,1.3,69.95,59.77,66.47,
9/21/1988,397.4,404.92,397.4,397.4,-1.91,6.17,6.17,6.17,6.17,-1.28,53.33,59.08,59.13,
9/20/1988,405.14,410.89,405.14,405.14,-0.87,6.25,6.25,6.25,6.25,-1.73,92.2,118.18,65.71,
9/19/1988,408.68,410.94,408.68,408.68,-0.7,6.36,6.36,6.36,6.36,1.11,87.35,40.19,122.92,
9/16/1988,411.55,418.07,411.55,411.55,-1.32,6.29,6.29,6.29,6.29,-2.18,79.68,56.74,104.12,
9/15/1988,417.05,421.77,417.05,417.05,-0.86,6.43,6.43,6.43,6.43,-0.92,116.23,105.34,149.37,
9/14/1988,420.68,422.94,420.68,420.68,0,6.49,6.49,6.49,6.49,0.15,85.23,67.97,94.49,
9/13/1988,420.68,422.68,420.68,420.68,0,6.48,6.48,6.48,6.48,0.93,104.75,130.53,76.21,
9/12/1988,420.68,422.94,420.68,420.68,-0.21,6.42,6.42,6.42,6.42,-0.47,85.54,108.53,90.52,
9/9/1988,421.58,429.93,421.58,421.58,-1.6,6.45,6.45,6.45,6.45,-2.57,110.6,110.26,101.17,
9/8/1988,428.44,429.55,428.44,428.44,0.18,6.62,6.62,6.62,6.62,1.07,88.93,77.57,92.43,
9/7/1988,427.67,428.44,427.67,427.67,0.29,6.55,6.55,6.55,6.55,0.92,86.47,119.36,44.25,
9/6/1988,426.44,429.42,426.44,426.44,-0.2,6.49,6.49,6.49,6.49,0,59.29,59.1,49.3,
9/5/1988,427.28,428.83,427.28,427.28,-0.47,6.49,6.49,6.49,6.49,-0.46,48.01,38.29,63.87,
9/2/1988,429.29,429.93,429.29,429.29,-0.21,6.52,6.52,6.52,6.52,-0.91,65.54,95.03,39.63,
9/1/1988,430.19,431.03,430.19,430.19,-0.09,6.58,6.58,6.58,6.58,0.3,109.65,138.08,76.78,
8/31/1988,430.58,431.42,430.58,430.58,0.56,6.56,6.56,6.56,6.56,1.08,75.72,100.64,52.47,
8/30/1988,428.19,429.93,428.19,428.19,-0.29,6.49,6.49,6.49,6.49,-0.46,89.16,109.4,102.65,
8/29/1988,429.42,432.46,429.42,429.42,-0.52,6.52,6.52,6.52,6.52,-1.95,79.56,72.1,72.17,
8/26/1988,431.68,434.34,431.68,431.68,-0.09,6.65,6.65,6.65,6.65,-0.89,82.18,100.84,52.57,
8/25/1988,432.07,436.41,432.07,432.07,-0.6,6.71,6.71,6.71,6.71,-0.89,83.11,118.36,69.11,
8/24/1988,434.66,436.54,434.66,434.66,0.63,6.77,6.77,6.77,6.77,0.89,72.96,72.74,60.67,
8/23/1988,431.94,433.82,431.94,431.94,-0.28,6.71,6.71,6.71,6.71,-0.15,99.92,153.24,76.69,
8/22/1988,433.17,434.34,433.17,433.17,0.47,6.72,6.72,6.72,6.72,1.05,134.6,178.91,111.92,
8/19/1988,431.16,432.91,431.16,431.16,-0.12,6.65,6.65,6.65,6.65,-0.3,85.25,72.85,101.27,
8/18/1988,431.68,432.65,431.68,431.68,0.29,6.67,6.67,6.67,6.67,0.45,76.03,43.31,90.31,
8/17/1988,430.45,431.03,430.45,430.45,0.44,6.64,6.64,6.64,6.64,0.45,83.94,128.75,32.22,
8/16/1988,428.57,435.18,428.57,428.57,-0.94,6.61,6.61,6.61,6.61,-2.07,79.56,100.95,60.14,
8/15/1988,432.65,433.04,432.65,432.65,0.41,6.75,6.75,6.75,6.75,0.75,93.31,139.54,38.8,
8/12/1988,430.9,434.53,430.9,430.9,0.48,6.7,6.7,6.7,6.7,0.3,124.53,111.73,124.26,
8/11/1988,428.83,430.19,428.83,428.83,0,6.68,6.68,6.68,6.68,0,63.7,103.92,48.16,
8/10/1988,428.83,429.29,428.83,428.83,0.33,6.68,6.68,6.68,6.68,1.37,91.43,70.11,93.57,
8/9/1988,427.41,431.68,427.41,427.41,-0.68,6.59,6.59,6.59,6.59,-1.35,101.48,115.62,84.38,
8/8/1988,430.32,433.17,430.32,430.32,-0.32,6.68,6.68,6.68,6.68,-2.34,56.15,63.97,53.36,
8/5/1988,431.68,433.56,431.68,431.68,-0.25,6.84,6.84,6.84,6.84,-0.15,69.49,80.83,48.16,
8/4/1988,432.78,434.08,432.78,432.78,-0.09,6.85,6.85,6.85,6.85,0.29,137.07,125.26,142.47,
8/3/1988,433.17,434.79,433.17,433.17,0.41,6.83,6.83,6.83,6.83,2.25,122.69,143.89,96.02,
8/2/1988,431.42,435.44,431.42,431.42,-0.67,6.68,6.68,6.68,6.68,-2.77,103.09,137.03,80.01,
8/1/1988,434.34,437.44,434.34,434.34,-0.31,6.87,6.87,6.87,6.87,1.03,80.01,79.77,66.53,
7/29/1988,435.7,437.57,435.7,435.7,0.87,6.8,6.8,6.8,6.8,1.49,93.4,99.32,93.2,
7/28/1988,431.94,434.08,431.94,431.94,-0.28,6.7,6.7,6.7,6.7,-3.6,96.26,67.74,113.01,
7/27/1988,433.17,433.95,433.17,433.17,0.25,6.95,6.95,6.95,6.95,0.58,104.13,129.76,75.76,
7/26/1988,432.07,433.56,432.07,432.07,1.23,6.91,6.91,6.91,6.91,-1.99,65.24,72.26,48.22,
7/25/1988,426.83,443.79,426.83,426.83,-3.44,7.05,7.05,7.05,7.05,-7.11,52.11,89.05,12.38,
7/22/1988,442.04,443.66,442.04,442.04,0.16,7.59,7.59,7.59,7.59,-1.81,126.25,155.83,79.99,
7/21/1988,441.33,447.8,441.33,441.33,-0.64,7.73,7.73,7.73,7.73,-0.64,88.89,118.15,59.13,
7/20/1988,444.18,446.44,444.18,444.18,-0.28,7.78,7.78,7.78,7.78,1.3,91.47,91.19,108.66,
7/19/1988,445.41,446.83,445.41,445.41,1.82,7.68,7.68,7.68,7.68,7.41,152.89,174.19,169.51,
7/18/1988,437.44,438.67,437.44,437.44,-0.56,7.15,7.15,7.15,7.15,-2.05,42.29,42.16,46.89,
7/15/1988,439.9,441.59,439.9,439.9,0.37,7.3,7.3,7.3,7.3,0.27,74.02,86.1,51.29,
7/14/1988,438.29,442.04,438.29,438.29,-0.37,7.28,7.28,7.28,7.28,1.82,104.2,109.35,82.09,
7/13/1988,439.9,441.2,439.9,439.9,0.74,7.15,7.15,7.15,7.15,2.58,64.95,77.7,43.21,
7/12/1988,436.67,437.06,436.67,436.67,0.49,6.97,6.97,6.97,6.97,0.43,41.84,69.52,23.2,
7/11/1988,434.53,439.71,434.53,434.53,-0.89,6.94,6.94,6.94,6.94,-0.72,106.33,81.54,122.42,
7/8/1988,438.42,440.03,438.42,438.42,-0.12,6.99,6.99,6.99,6.99,0.72,49.17,73.52,30.66,
7/7/1988,438.93,441.78,438.93,438.93,0.12,6.94,6.94,6.94,6.94,1.76,92.02,68.8,105.21,
7/6/1988,438.42,439.19,438.42,438.42,0.13,6.82,6.82,6.82,6.82,0.89,104.39,180.38,92.59,
7/5/1988,437.83,438.42,437.83,437.83,0.15,6.76,6.76,6.76,6.76,0.6,120.73,135.4,125.49,
7/4/1988,437.19,440.03,437.19,437.19,0.03,6.72,6.72,6.72,6.72,0.3,52.92,63.3,52.8,
7/1/1988,437.06,437.83,437.06,437.06,0.49,6.7,6.7,6.7,6.7,0.3,50.67,37.89,52.67,
6/30/1988,434.92,437.83,434.92,434.92,-0.18,6.68,6.68,6.68,6.68,0.75,72.35,103.04,51.57,
6/29/1988,435.7,438.54,435.7,435.7,-0.34,6.63,6.63,6.63,6.63,-1.63,69.27,113.01,31.42,
6/28/1988,437.19,444.69,437.19,437.19,-1.3,6.74,6.74,6.74,6.74,-2.6,57,75.77,52.67,
6/27/1988,442.95,444.05,442.95,442.95,0,6.92,6.92,6.92,6.92,1.91,93.41,114.62,71.7,
6/24/1988,442.95,447.54,442.95,442.95,-0.97,6.79,6.79,6.79,6.79,-2.58,50.02,55.41,36.97,
6/23/1988,447.29,449.68,447.29,447.29,-0.47,6.97,6.97,6.97,6.97,-0.43,54.13,53.96,45.01,
6/22/1988,449.42,450.33,449.42,449.42,-0.45,7,7,7,7,-2.37,75.82,81.4,58.19,
6/21/1988,451.43,453.95,451.43,451.43,0.19,7.17,7.17,7.17,7.17,0,143.73,150.11,125.2,
6/20/1988,450.59,455.44,450.59,450.59,-0.77,7.17,7.17,7.17,7.17,-0.69,103.95,96.72,103.73,
6/17/1988,454.08,455.7,454.08,454.08,0.98,7.22,7.22,7.22,7.22,1.4,76.63,82.27,58.82,
6/16/1988,449.68,455.05,449.68,449.68,-0.66,7.12,7.12,7.12,7.12,0,94.35,94.05,95.88,
6/15/1988,452.66,453.56,452.66,452.66,0.52,7.12,7.12,7.12,7.12,1.14,87.94,105.21,87.75,
6/14/1988,450.33,451.17,450.33,450.33,0.2,7.04,7.04,7.04,7.04,0.28,115.33,127.75,106.56,
6/13/1988,449.42,451.17,449.42,449.42,0.13,7.02,7.02,7.02,7.02,0.57,88.61,81.54,102.02,
6/10/1988,448.84,458.68,448.84,448.84,-1.77,6.98,6.98,6.98,6.98,-2.24,94.49,121.9,83.19,
6/9/1988,456.93,458.16,456.93,456.93,0.27,7.14,7.14,7.14,7.14,0.71,54.39,54.23,45.23,
6/8/1988,455.7,459.33,455.7,455.7,-0.71,7.09,7.09,7.09,7.09,-1.8,111.99,94.02,107.83,
6/7/1988,458.94,464.83,458.94,458.94,-0.81,7.22,7.22,7.22,7.22,-0.69,62.62,74.91,41.66,
6/6/1988,462.69,465.09,462.69,462.69,-0.32,7.27,7.27,7.27,7.27,0.69,80.44,87.48,60.81,
6/3/1988,464.18,468.2,464.18,464.18,-0.57,7.22,7.22,7.22,7.22,-0.14,63.81,46.27,67.54,
6/2/1988,466.84,466.84,466.84,466.84,2.23,7.23,7.23,7.23,7.23,6.01,90.54,63.71,106.28,
6/1/1988,456.67,460.17,456.67,456.67,0.5,6.82,6.82,6.82,6.82,3.33,44.59,50.81,42.38,
5/31/1988,454.41,455.44,454.41,454.41,0.52,6.6,6.6,6.6,6.6,0.46,90.66,97.33,81.19,
5/30/1988,452.08,453.82,452.08,452.08,0.39,6.57,6.57,6.57,6.57,0.46,69.19,68.98,57.54,
5/27/1988,450.33,453.82,450.33,450.33,-0.54,6.54,6.54,6.54,6.54,-0.91,124.79,67.86,150.93,
5/26/1988,452.79,454.21,452.79,452.79,-0.14,6.6,6.6,6.6,6.6,0.3,109.03,113.87,120.89,
5/25/1988,453.44,459.91,453.44,453.44,-1.23,6.58,6.58,6.58,6.58,-2.52,154.22,135.29,174.4,
5/24/1988,459.07,460.17,459.07,459.07,-0.21,6.75,6.75,6.75,6.75,0,98.78,78.78,98.57,
5/23/1988,460.04,460.95,460.04,460.04,0.87,6.75,6.75,6.75,6.75,1.05,118.81,83.6,127.85,
5/20/1988,456.09,457.71,456.09,456.09,0.09,6.68,6.68,6.68,6.68,1.06,72.99,78.36,74.7,
5/19/1988,455.7,459.33,455.7,455.7,0.06,6.61,6.61,6.61,6.61,-1.05,132.1,182.34,92.94,
5/18/1988,455.44,455.96,455.44,455.44,0.44,6.68,6.68,6.68,6.68,2.14,117.42,110.9,113.06,
5/17/1988,453.44,456.29,453.44,453.44,0,6.54,6.54,6.54,6.54,-0.61,151.72,176.46,105.13,
5/16/1988,453.44,456.09,453.44,453.44,0.51,6.58,6.58,6.58,6.58,-0.3,173.96,202.33,132.6,
5/13/1988,451.12,452.06,451.12,451.12,-0.04,6.6,6.6,6.6,6.6,0.3,104.98,81.4,126.09,
5/12/1988,451.28,453.62,451.28,451.28,0.47,6.58,6.58,6.58,6.58,0.3,118.5,96.65,143.32,
5/11/1988,449.17,450.73,449.17,449.17,-0.04,6.56,6.56,6.56,6.56,-0.15,91.86,68.68,105.02,
5/10/1988,449.33,450.5,449.33,449.33,0.61,6.57,6.57,6.57,6.57,1.39,103.52,103.2,86.08,
5/9/1988,446.6,446.99,446.6,446.6,0.84,6.48,6.48,6.48,6.48,1.57,67.15,89.25,37.22,
5/6/1988,442.86,446.44,442.86,442.86,-0.44,6.38,6.38,6.38,6.38,0.31,97.43,72.85,111.4,
5/5/1988,444.81,445.59,444.81,444.81,0.18,6.36,6.36,6.36,6.36,0.47,118.86,133.95,103.13,
5/4/1988,444.03,444.03,444.03,444.03,-0.26,6.33,6.33,6.33,6.33,-0.63,91.17,109.07,90.97,
5/3/1988,445.2,446.21,445.2,445.2,0.18,6.37,6.37,6.37,6.37,0,121.97,166.4,85.41,
5/2/1988,444.42,450.73,444.42,444.42,-1.23,6.37,6.37,6.37,6.37,-1.85,94.44,101.39,96.65,
4/29/1988,449.95,449.95,449.95,449.95,0,6.49,6.49,6.49,6.49,0.46,187.09,186.51,173.87,
4/28/1988,449.95,452.45,449.95,449.95,-0.26,6.46,6.46,6.46,6.46,-0.62,89.1,83.6,78.45,
4/27/1988,451.12,452.06,451.12,451.12,0.61,6.5,6.5,6.5,6.5,1.72,115.91,48.65,162.33,
4/26/1988,448.39,449.56,448.39,448.39,0.31,6.39,6.39,6.39,6.39,0.47,124.88,104.84,120.24,
4/25/1988,446.99,450.11,446.99,446.99,-0.52,6.36,6.36,6.36,6.36,-0.78,99.09,84.68,105.94,
4/22/1988,449.33,453.85,449.33,449.33,-1,6.41,6.41,6.41,6.41,-0.62,93.7,76.93,100.83,
4/21/1988,453.85,457.51,453.85,453.85,-0.34,6.45,6.45,6.45,6.45,0.16,82.43,102.72,85.68,
4/20/1988,455.41,459.7,455.41,455.41,-0.34,6.44,6.44,6.44,6.44,-0.16,151.43,176.13,146.91,
4/19/1988,456.97,458.3,456.97,456.97,-0.29,6.45,6.45,6.45,6.45,0.47,229.33,292.13,211.88,
4/18/1988,458.3,460.24,458.3,458.3,0.77,6.42,6.42,6.42,6.42,-0.62,167.37,208.57,150.77,
4/15/1988,454.79,457.75,454.79,454.79,0.43,6.46,6.46,6.46,6.46,0.16,88.63,77.31,110.55,
4/14/1988,452.84,454.63,452.84,452.84,1.49,6.45,6.45,6.45,6.45,2.06,143.07,197.48,109.81,
4/13/1988,446.21,450.11,446.21,446.21,-0.83,6.32,6.32,6.32,6.32,-1.25,69.14,87.73,62.72,
4/12/1988,449.95,451.67,449.95,449.95,-0.26,6.4,6.4,6.4,6.4,-0.62,150.87,183.1,130.91,
4/11/1988,451.12,452.06,451.12,451.12,0.22,6.44,6.44,6.44,6.44,0.31,127.7,134.79,112.43,
4/8/1988,450.11,451.12,450.11,450.11,0.21,6.42,6.42,6.42,6.42,0.16,96.72,96.42,90.48,
4/7/1988,449.17,450.34,449.17,449.17,0.4,6.41,6.41,6.41,6.41,-0.31,150.83,127.24,164.02,
4/6/1988,447.38,452.84,447.38,447.38,-1.04,6.43,6.43,6.43,6.43,-3.16,123.14,135.04,92.16,
4/5/1988,452.06,455.8,452.06,452.06,-0.74,6.64,6.64,6.64,6.64,3.59,92.81,85.41,94.98,
4/4/1988,455.41,458.68,455.41,455.41,0.34,6.41,6.41,6.41,6.41,1.1,155.79,147.14,136.36,
3/31/1988,453.85,459.07,453.85,453.85,-0.63,6.74,6.74,6.74,6.74,0.15,97.58,133.12,68.33,
3/30/1988,456.74,457.51,456.74,456.74,0.38,6.73,6.73,6.73,6.73,0.45,113.81,95.55,109.58,
3/29/1988,455.02,457.36,455.02,455.02,-0.04,6.7,6.7,6.7,6.7,0.6,100.79,133.97,55.87,
3/28/1988,455.18,455.41,455.18,455.18,0.64,6.66,6.66,6.66,6.66,0,56.5,42.25,58.73,
3/25/1988,452.29,454.24,452.29,452.29,-0.21,6.66,6.66,6.66,6.66,-1.04,93.39,98.58,73.09,
3/24/1988,453.23,456.74,453.23,453.23,0.52,6.73,6.73,6.73,6.73,1.97,110.75,130.49,92.1,
3/23/1988,450.89,453.07,450.89,450.89,0.47,6.6,6.6,6.6,6.6,2.01,105.72,81.97,146.52,
3/22/1988,448.78,450.73,448.78,448.78,-0.04,6.47,6.47,6.47,6.47,0.47,127.87,109.27,131.65,
3/21/1988,448.94,451.9,448.94,448.94,1.05,6.44,6.44,6.44,6.44,1.26,123.77,101.61,121.08,
3/18/1988,444.26,445.2,444.26,444.26,0.14,6.36,6.36,6.36,6.36,0.79,118.51,157.52,93.85,
3/17/1988,443.64,447.61,443.64,443.64,-0.31,6.31,6.31,6.31,6.31,0,146.62,173.24,126.44,
3/16/1988,445.04,447.77,445.04,445.04,-0.26,6.31,6.31,6.31,6.31,-0.79,144.53,126.79,134.6,
3/15/1988,446.21,446.99,446.21,446.21,1.02,6.36,6.36,6.36,6.36,1.92,87.01,74.35,93.02,
3/14/1988,441.69,442.31,441.69,441.69,0.12,6.24,6.24,6.24,6.24,1.3,72.3,78.63,87.44,
3/11/1988,441.14,444.42,441.14,441.14,-0.21,6.16,6.16,6.16,6.16,-3.45,112.1,89.4,130.5,
3/10/1988,442.08,443.25,442.08,442.08,1.38,6.38,6.38,6.38,6.38,1.27,121.06,120.68,109.81,
3/9/1988,436.07,437.4,436.07,436.07,0.23,6.3,6.3,6.3,6.3,0,116.43,139.29,106.5,
3/8/1988,435.06,438.57,435.06,435.06,-0.5,6.3,6.3,6.3,6.3,-1.41,136.6,163.42,90.87,
3/7/1988,437.25,437.4,437.25,437.25,-0.03,6.39,6.39,6.39,6.39,0.16,115.63,135.62,101.81,
3/4/1988,437.4,438.96,437.4,437.4,2.28,6.38,6.38,6.38,6.38,1.75,134.98,100.92,149.65,
3/3/1988,427.66,431.16,427.66,427.66,-0.69,6.27,6.27,6.27,6.27,0.8,103.35,54.23,126.64,
3/2/1988,430.62,433.35,430.62,430.62,-0.03,6.22,6.22,6.22,6.22,-0.16,95.19,75.92,116.09,
3/1/1988,430.77,431.55,430.77,430.77,0.13,6.23,6.23,6.23,6.23,-0.16,92.53,98.39,92.33,
2/29/1988,430.23,431.01,430.23,430.23,0.18,6.24,6.24,6.24,6.24,1.3,93.31,66.45,110.85,
2/26/1988,429.45,434.52,429.45,429.45,-0.81,6.16,6.16,6.16,6.16,-1.44,80.79,32.22,107.49,
2/25/1988,432.96,434.67,432.96,432.96,0.24,6.25,6.25,6.25,6.25,0.97,100.54,84.41,96.8,
2/24/1988,431.94,442.31,431.94,431.94,-2.12,6.19,6.19,6.19,6.19,-1.59,93.81,105.21,87.75,
2/23/1988,441.3,445.2,441.3,441.3,-0.7,6.29,6.29,6.29,6.29,-1.72,121.5,63.75,159.53,
2/22/1988,444.42,446.83,444.42,444.42,-0.14,6.4,6.4,6.4,6.4,0.16,100.79,66.99,111.74,
2/19/1988,445.04,446.21,445.04,445.04,0.53,6.39,6.39,6.39,6.39,0.95,115.27,120.97,110.99,
2/18/1988,442.7,448.55,442.7,442.7,-0.79,6.33,6.33,6.33,6.33,-1.56,108.79,130.14,72.37,
2/17/1988,446.21,446.99,446.21,446.21,0.35,6.43,6.43,6.43,6.43,1.1,116.72,110.82,110.92,
2/16/1988,444.65,445.2,444.65,444.65,-0.09,6.36,6.36,6.36,6.36,0.16,124.74,110.54,126.78,
2/15/1988,445.04,446.21,445.04,445.04,-0.09,6.35,6.35,6.35,6.35,-0.31,89.09,64.59,107.76,
2/12/1988,445.43,445.59,445.43,445.43,1.2,6.37,6.37,6.37,6.37,1.11,37.77,64.54,26.92,
2/11/1988,440.13,441.53,440.13,440.13,-0.18,6.3,6.3,6.3,6.3,0.16,59.25,75.18,53.75,
2/10/1988,440.91,444.81,440.91,440.91,-0.23,6.29,6.29,6.29,6.29,0.32,60.56,48.3,70.5,
2/9/1988,441.92,442.86,441.92,441.92,0.41,6.27,6.27,6.27,6.27,-0.63,96.3,64,106.76,
2/8/1988,440.13,444.26,440.13,440.13,-0.05,6.31,6.31,6.31,6.31,-1.1,85.85,71.33,107.09,
2/5/1988,440.36,447.38,440.36,440.36,-1.05,6.38,6.38,6.38,6.38,-0.47,99.49,105.02,77.87,
2/4/1988,445.04,445.04,445.04,445.04,1.3,6.41,6.41,6.41,6.41,1.1,75.65,64.65,80.88,
2/3/1988,439.35,454.63,439.35,439.35,-3.23,6.34,6.34,6.34,6.34,-2.76,110.21,85.46,122.2,
2/2/1988,454.01,457.75,454.01,454.01,-0.14,6.52,6.52,6.52,6.52,-0.91,64.32,64.12,64.18,
2/1/1988,454.63,455.8,454.63,454.63,0.14,6.58,6.58,6.58,6.58,0.92,69.45,69.23,69.3,
1/29/1988,454.01,467.49,454.01,454.01,-2.69,6.52,6.52,6.52,6.52,-1.51,41.78,47.6,49.63,
1/28/1988,466.56,467.88,466.56,466.56,0.17,6.62,6.62,6.62,6.62,-0.45,54.93,54.77,45.68,
1/27/1988,465.78,470.85,465.78,465.78,-0.91,6.65,6.65,6.65,6.65,0,74.72,74.49,62.13,
1/26/1988,470.07,471.78,470.07,470.07,0.13,6.65,6.65,6.65,6.65,1.06,87.17,53.48,111.52,
1/25/1988,469.44,477.63,469.44,469.44,-1.68,6.58,6.58,6.58,6.58,-2.95,99.95,113.87,83.11,
1/22/1988,477.47,478.41,477.47,477.47,-0.2,6.78,6.78,6.78,6.78,1.19,73.61,79.03,56.5,
1/21/1988,478.41,478.64,478.41,478.41,0.44,6.7,6.7,6.7,6.7,1.06,159.58,142.63,183.02,
1/20/1988,476.3,478.25,476.3,476.3,-0.16,6.63,6.63,6.63,6.63,-0.9,100.2,58.76,117.63,
1/19/1988,477.08,478.02,477.08,477.08,0.29,6.69,6.69,6.69,6.69,0.3,60.23,66.71,44.52,
1/18/1988,475.68,476.46,475.68,475.68,0.36,6.67,6.67,6.67,6.67,1.06,93.62,86.15,83.83,
1/15/1988,473.96,486.05,473.96,473.96,-2.69,6.6,6.6,6.6,6.6,-4.07,96.26,90.32,94.17,
1/14/1988,487.06,487.22,487.06,487.06,1.39,6.88,6.88,6.88,6.88,1.33,87.99,41.28,111.9,
1/13/1988,480.36,482.93,480.36,480.36,-0.05,6.79,6.79,6.79,6.79,0.74,85.72,85.46,81.46,
1/12/1988,480.59,482.93,480.59,480.59,-0.27,6.74,6.74,6.74,6.74,-1.89,102.66,122.82,102.44,
1/11/1988,481.87,485.67,481.87,481.87,-0.43,6.87,6.87,6.87,6.87,-1.58,92.61,85.22,82.93,
1/8/1988,483.95,483.95,483.95,483.95,0.55,6.98,6.98,6.98,6.98,0.72,90.34,72.05,110.18,
1/7/1988,481.31,484.07,481.31,481.31,-0.41,6.93,6.93,6.93,6.93,-2.12,82.4,32.86,118.77,
1/6/1988,483.28,485.24,483.28,483.28,0.52,7.08,7.08,7.08,7.08,3.36,73.75,49.01,81.77,
1/5/1988,480.76,482.97,480.76,480.76,0,6.85,6.85,6.85,6.85,5.87,116.83,82.22,125.72,
1/4/1988,480.76,488.92,480.76,480.76,-1.05,6.47,6.47,6.47,6.47,-3.14,83.96,45.65,126.94,
12/31/1987,485.85,487.45,485.85,485.85,0.7,6.68,6.68,6.68,6.68,1.06,85.27,91.55,65.45,
12/30/1987,482.48,487.26,482.48,482.48,-0.72,6.61,6.61,6.61,6.61,-1.49,104.17,83.08,127.04,
12/29/1987,485.98,489.66,485.98,485.98,-0.33,6.71,6.71,6.71,6.71,-2.04,102.53,47.18,144.28,
12/28/1987,487.57,491.38,487.57,487.57,0.35,6.85,6.85,6.85,6.85,0.74,72.96,58.19,72.81,
12/24/1987,485.85,486.59,485.85,485.85,0.66,6.8,6.8,6.8,6.8,0.89,88.67,126.29,73.73,
12/23/1987,482.66,486.47,482.66,482.66,-0.15,6.74,6.74,6.74,6.74,-0.88,115.06,156.97,70.5,
12/22/1987,483.4,484.56,483.4,483.4,0.82,6.8,6.8,6.8,6.8,0,112.63,132.09,88.14,
12/21/1987,479.47,480.58,479.47,479.47,-0.1,6.8,6.8,6.8,6.8,0.59,118.31,180.38,81.01,
12/18/1987,479.96,484.44,479.96,479.96,-1.04,6.76,6.76,6.76,6.76,-0.88,62.9,41.8,78.45,
12/17/1987,485,488.25,485,485,-0.14,6.82,6.82,6.82,6.82,1.04,102.17,53.61,125.2,
12/16/1987,485.67,487.45,485.67,485.67,0.66,6.75,6.75,6.75,6.75,1.81,148.68,94.86,207.7,
12/15/1987,482.48,498.06,482.48,482.48,-3.17,6.63,6.63,6.63,6.63,-5.15,145.61,60.48,191.71,
12/14/1987,498.25,498.25,498.25,498.25,0.31,6.99,6.99,6.99,6.99,0.87,105.27,41.98,151.73,
12/11/1987,496.71,498.06,496.71,496.71,0.93,6.93,6.93,6.93,6.93,0,97.11,32.27,143.56,
12/10/1987,492.11,492.85,492.11,492.11,1.65,6.93,6.93,6.93,6.93,2.97,77.15,38.46,120.28,
12/9/1987,484.14,485.73,484.14,484.14,0.17,6.73,6.73,6.73,6.73,0.3,126.25,95.89,139.97,
12/8/1987,483.34,484.81,483.34,483.34,0.43,6.71,6.71,6.71,6.71,0.6,197.03,110.49,266.23,
12/7/1987,481.25,482.73,481.25,481.25,-0.42,6.67,6.67,6.67,6.67,-0.89,133.84,80.06,178.07,
12/4/1987,483.28,489.54,483.28,483.28,-0.98,6.73,6.73,6.73,6.73,-2.32,177.65,93.76,243.3,
12/3/1987,488.06,492.05,488.06,488.06,0.13,6.89,6.89,6.89,6.89,-1.01,133.57,170.44,133.28,
12/2/1987,487.45,492.54,487.45,487.45,-0.51,6.96,6.96,6.96,6.96,0.43,120.77,137.6,114.77,
12/1/1987,489.96,492.67,489.96,489.96,-0.1,6.93,6.93,6.93,6.93,-1.42,117.37,117.01,119.29,
11/30/1987,490.46,496.1,490.46,490.46,1.23,7.03,7.03,7.03,7.03,-1.68,123.55,169.35,102.73,
11/27/1987,484.5,487.2,484.5,484.5,1.49,7.15,7.15,7.15,7.15,2.88,117.05,105.02,126.53,
11/26/1987,477.39,477.82,477.39,477.39,0.21,6.95,6.95,6.95,6.95,0.43,132.5,113.22,136.41,
11/25/1987,476.4,480.88,476.4,476.4,0.33,6.92,6.92,6.92,6.92,0.14,104.09,73.25,122.2,
11/24/1987,474.81,477.39,474.81,474.81,-0.01,6.91,6.91,6.91,6.91,-0.43,99.58,105.89,99.36,
11/23/1987,474.87,476.59,474.87,474.87,1.21,6.94,6.94,6.94,6.94,4.2,64.67,57.31,71.7,
11/20/1987,469.17,470.58,469.17,469.17,0.95,6.66,6.66,6.66,6.66,1.52,102.01,107.05,80.36,
11/19/1987,464.75,465.61,464.75,464.75,0.4,6.56,6.56,6.56,6.56,-0.3,83.34,62.31,95.28,
11/18/1987,462.91,464.99,462.91,462.91,-0.33,6.58,6.58,6.58,6.58,-1.79,90.02,23.93,139.72,
11/17/1987,464.44,464.99,464.44,464.44,0.62,6.7,6.7,6.7,6.7,-0.3,106.05,87.07,114.12,
11/16/1987,461.56,462.97,461.56,461.56,-0.61,6.72,6.72,6.72,6.72,0,103.09,68.51,125.72,
11/13/1987,464.38,466.28,464.38,464.38,0.28,6.72,6.72,6.72,6.72,1.36,113.61,83.45,139.22,
11/12/1987,463.09,464.32,463.09,463.09,0.37,6.63,6.63,6.63,6.63,1.38,77.42,77.18,64.38,
11/11/1987,461.37,462.48,461.37,461.37,0.15,6.54,6.54,6.54,6.54,0.46,104.87,49.2,153.88,
11/10/1987,460.7,462.91,460.7,460.7,-0.28,6.51,6.51,6.51,6.51,-0.15,89.53,76.5,127.62,
11/9/1987,461.99,464.62,461.99,461.99,0.4,6.52,6.52,6.52,6.52,1.09,97.22,41.54,127.04,
11/6/1987,460.14,462.17,460.14,460.14,0.66,6.45,6.45,6.45,6.45,2.87,73.73,63,70.07,
11/5/1987,457.14,466.1,457.14,457.14,-1.87,6.27,6.27,6.27,6.27,-5.86,111.84,42.47,159.42,
11/4/1987,465.85,468.37,465.85,465.85,-0.43,6.66,6.66,6.66,6.66,-2.06,81.36,34.76,115.98,
11/3/1987,467.88,471.68,467.88,467.88,-0.34,6.8,6.8,6.8,6.8,-1.88,97.24,25.85,161.71,
11/2/1987,469.47,471,469.47,469.47,0.17,6.93,6.93,6.93,6.93,-0.14,80.63,80.38,100.57,
10/30/1987,468.67,469.1,468.67,468.67,-0.47,6.94,6.94,6.94,6.94,-2.25,65.06,64.86,54.1,
10/29/1987,470.88,480.02,470.88,470.88,-1.68,7.1,7.1,7.1,7.1,-3.27,101.35,53.18,141.94,
10/28/1987,478.92,480.15,478.92,478.92,0.77,7.34,7.34,7.34,7.34,0,95.67,47.69,139.22,
10/27/1987,475.24,477.51,475.24,475.24,-0.12,7.34,7.34,7.34,7.34,-1.34,94.64,88.06,94.44,
10/26/1987,475.79,477.14,475.79,475.79,0.56,7.44,7.44,7.44,7.44,-1.33,64.39,42.8,83.29,
10/23/1987,473.15,474.87,473.15,473.15,0.63,7.54,7.54,7.54,7.54,1.48,128.92,111.76,149.14,
10/22/1987,470.21,475.61,470.21,470.21,0.71,7.43,7.43,7.43,7.43,0.41,135.32,161.88,126.02,
10/21/1987,466.89,467.45,466.89,466.89,0.2,7.4,7.4,7.4,7.4,2.35,79.89,73.52,91.99,
10/20/1987,465.97,481.5,465.97,465.97,-2.77,7.23,7.23,7.23,7.23,-11.4,135.46,135.04,163.84,
10/19/1987,479.23,489.96,479.23,479.23,2.57,8.16,8.16,8.16,8.16,4.08,120.84,99.21,130.04,
10/16/1987,467.2,468.24,467.2,467.2,1.05,7.84,7.84,7.84,7.84,1.69,95.15,83,89.01,
10/15/1987,462.35,467.32,462.35,462.35,0.37,7.71,7.71,7.71,7.71,-1.03,85.9,74.93,89.29,
10/14/1987,460.64,461.25,460.64,460.64,0.46,7.79,7.79,7.79,7.79,1.17,106.25,87.23,114.34,
10/13/1987,458.55,461.43,458.55,458.55,-0.65,7.7,7.7,7.7,7.7,-0.52,98.05,83.78,104.82,
10/12/1987,461.56,461.86,461.56,461.56,0.04,7.74,7.74,7.74,7.74,-0.77,144.36,196.93,113.72,
10/9/1987,461.37,462.6,461.37,461.37,0.74,7.8,7.8,7.8,7.8,1.83,76.3,88.74,63.44,
10/8/1987,458,458.8,458,458,0.08,7.66,7.66,7.66,7.66,0.13,92.62,108.63,72.49,
10/7/1987,457.63,459.41,457.63,457.63,0.13,7.65,7.65,7.65,7.65,0.26,109.77,115.87,107.39,
10/6/1987,457.02,458.55,457.02,457.02,0.04,7.63,7.63,7.63,7.63,0.39,89.18,114.31,74.16,
10/5/1987,456.83,457.02,456.83,456.83,0.43,7.6,7.6,7.6,7.6,0.66,43.68,29.03,48.43,
10/2/1987,454.87,455.42,454.87,454.87,0.31,7.55,7.55,7.55,7.55,0.13,81.08,46.19,115.57,
10/1/1987,453.46,455.67,453.46,453.46,-1.2,7.54,7.54,7.54,7.54,0.27,99.12,52.01,130.13,
9/30/1987,458.98,459.96,458.98,458.98,-0.16,7.52,7.52,7.52,7.52,-0.79,137.76,112.37,166.62,
9/29/1987,459.72,459.96,459.72,459.72,0.02,7.58,7.58,7.58,7.58,-0.26,166.27,102,202.07,
9/28/1987,459.65,462.11,459.65,459.65,-0.03,7.6,7.6,7.6,7.6,0.4,92.02,112.9,82.4,
9/25/1987,459.78,462.42,459.78,459.78,-0.39,7.57,7.57,7.57,7.57,-0.66,147.88,106.15,196.75,
9/24/1987,461.56,464.32,461.56,461.56,0,7.62,7.62,7.62,7.62,-0.39,143.79,116.8,194.85,
9/23/1987,461.56,462.85,461.56,461.56,-0.03,7.65,7.65,7.65,7.65,0.66,161.31,149.32,172.46,
9/22/1987,461.68,462.97,461.68,461.68,0.43,7.6,7.6,7.6,7.6,1.74,135.71,73.8,174.4,
9/21/1987,459.72,460.94,459.72,459.72,-0.26,7.47,7.47,7.47,7.47,-0.27,143.7,120.63,138.35,
9/18/1987,460.94,462.78,460.94,460.94,0.37,7.49,7.49,7.49,7.49,-1.06,122.69,85.09,150.81,
9/17/1987,459.23,460.76,459.23,459.23,0.38,7.57,7.57,7.57,7.57,1.47,128.16,98.28,163.96,
9/16/1987,457.51,459.78,457.51,457.51,-0.16,7.46,7.46,7.46,7.46,-2.36,138.27,83.91,189.97,
9/15/1987,458.24,458.86,458.24,458.24,0.38,7.64,7.64,7.64,7.64,0,101.53,75.92,116.09,
9/14/1987,456.52,457.51,456.52,456.52,-0.43,7.64,7.64,7.64,7.64,-0.91,106.17,56.45,141.26,
9/11/1987,458.49,462.97,458.49,458.49,-0.36,7.71,7.71,7.71,7.71,1.58,87.46,76.29,109.09,
9/10/1987,460.14,461.5,460.14,460.14,0.83,7.59,7.59,7.59,7.59,0.93,101.75,67.63,122.21,
9/9/1987,456.34,458.86,456.34,456.34,-0.38,7.52,7.52,7.52,7.52,0.4,103.32,77.25,118.13,
9/8/1987,458.06,464.39,458.06,458.06,-1.22,7.49,7.49,7.49,7.49,-2.47,77.36,42.07,93.57,
9/7/1987,463.73,464.06,463.73,463.73,0.23,7.68,7.68,7.68,7.68,0.66,172.91,199.59,151.35,
9/4/1987,462.68,465.18,462.68,462.68,-0.21,7.63,7.63,7.63,7.63,-1.17,111.59,105.39,136.75,
9/3/1987,463.67,466.04,463.67,463.67,0.16,7.72,7.72,7.72,7.72,-0.77,87.02,104.1,125.42,
9/2/1987,462.94,464.99,462.94,462.94,1.89,7.78,7.78,7.78,7.78,5.99,124.14,104.22,141.26,
9/1/1987,454.37,455.96,454.37,454.37,0.33,7.34,7.34,7.34,7.34,-0.68,108.83,108.5,113.12,
8/31/1987,452.86,456.48,452.86,452.86,0,7.39,7.39,7.39,7.39,0.27,103.52,127.01,79.46,
8/28/1987,452.86,457.74,452.86,452.86,-0.79,7.37,7.37,7.37,7.37,-2.38,136.78,118.58,168.14,
8/27/1987,456.48,459.45,456.48,456.48,-0.3,7.55,7.55,7.55,7.55,-1.95,138.02,87.56,177.37,
8/26/1987,457.87,458.26,457.87,457.87,0.16,7.7,7.7,7.7,7.7,-0.26,105.5,42.07,152.05,
8/25/1987,457.14,460.04,457.14,457.14,-0.72,7.72,7.72,7.72,7.72,-0.77,115.22,100.51,107.78,
8/24/1987,460.44,460.96,460.44,460.44,1.2,7.78,7.78,7.78,7.78,1.57,101.09,46.51,168.12,
8/21/1987,454.97,456.48,454.97,454.97,-0.33,7.66,7.66,7.66,7.66,-1.29,73.48,48.83,91.65,
8/20/1987,456.48,457.74,456.48,456.48,-0.33,7.76,7.76,7.76,7.76,-0.64,36.87,24.51,40.88,
8/19/1987,458,459.85,458,458,-0.09,7.81,7.81,7.81,7.81,0.64,51.16,51,53.18,
8/18/1987,458.39,458.46,458.39,458.39,1.04,7.76,7.76,7.76,7.76,2.78,79.98,79.74,99.76,
8/17/1987,453.65,455.69,453.65,453.65,0.42,7.55,7.55,7.55,7.55,0.27,61.2,30.51,76.34,
8/14/1987,451.74,461.76,451.74,451.74,-1.71,7.53,7.53,7.53,7.53,-3.46,88.89,47.26,118.26,
8/13/1987,459.58,463.47,459.58,459.58,-0.71,7.8,7.8,7.8,7.8,-0.51,35.62,11.84,49.36,
8/12/1987,462.88,465.25,462.88,462.88,-0.24,7.84,7.84,7.84,7.84,0.13,115.4,108.27,124.18,
8/11/1987,464,464,464,464,0.86,7.83,7.83,7.83,7.83,1.42,146.76,167.21,127.85,
8/10/1987,460.04,461.69,460.04,460.04,-0.71,7.72,7.72,7.72,7.72,-3.98,77.58,92.81,90.31,
8/7/1987,463.34,468.88,463.34,463.34,-0.94,8.04,8.04,8.04,8.04,-2.55,122.23,158.42,101.64,
8/6/1987,467.75,470.19,467.75,467.75,0.25,8.25,8.25,8.25,8.25,-3.85,119.2,112.58,146.07,
8/5/1987,466.57,477.84,466.57,466.57,-2.32,8.58,8.58,8.58,8.58,-2.83,165.63,158.51,165.27,
8/4/1987,477.64,479.09,477.64,477.64,1.14,8.83,8.83,8.83,8.83,2.67,128.78,114.12,142.78,
8/3/1987,472.24,474.94,472.24,472.24,1.84,8.6,8.6,8.6,8.6,3.61,142.31,126.1,170.92,
7/31/1987,463.73,464.79,463.73,463.73,0.99,8.3,8.3,8.3,8.3,2.22,111.72,55.69,139.35,
7/30/1987,459.19,459.98,459.19,459.19,0.38,8.12,8.12,8.12,8.12,1.5,58.94,58.76,58.82,
7/29/1987,457.47,459.91,457.47,457.47,0.25,8,8,8,8,0.88,102.95,60.37,120.86,
7/28/1987,456.35,457.47,456.35,456.35,0.64,7.93,7.93,7.93,7.93,2.85,172.17,260.89,103.08,
7/27/1987,453.45,454.64,453.45,453.45,-0.06,7.71,7.71,7.71,7.71,0,90.42,81.94,136.7,
7/24/1987,453.71,454.97,453.71,453.71,-0.25,7.71,7.71,7.71,7.71,0.13,176.91,170.29,192.76,
7/23/1987,454.83,456.09,454.83,454.83,0.06,7.7,7.7,7.7,7.7,-0.52,102.72,102.4,96.09,
7/22/1987,454.57,455.49,454.57,454.57,0.33,7.74,7.74,7.74,7.74,-0.13,179.6,159.15,221.25,
7/21/1987,453.06,453.38,453.06,453.06,0.35,7.75,7.75,7.75,7.75,1.57,96.22,95.92,125.72,
7/20/1987,451.47,452,451.47,451.47,0.29,7.63,7.63,7.63,7.63,2.55,90.19,114.44,81.82,
7/17/1987,450.15,453.45,450.15,450.15,-0.63,7.44,7.44,7.44,7.44,-3.75,178.89,98.39,225.69,
7/16/1987,452.99,454.24,452.99,452.99,0.02,7.73,7.73,7.73,7.73,-0.13,52.03,23.05,67.3,
7/15/1987,452.92,453.98,452.92,452.92,1.24,7.74,7.74,7.74,7.74,1.84,98.15,85.62,91.82,
7/14/1987,447.39,448.97,447.39,447.39,0.21,7.6,7.6,7.6,7.6,-0.13,46.75,13.32,77.75,
7/13/1987,446.46,447.45,446.46,446.46,0.52,7.61,7.61,7.61,7.61,0.66,82.81,120.09,75.12,
7/10/1987,444.16,446.73,444.16,444.16,-0.25,7.56,7.56,7.56,7.56,-1.69,111.66,86.58,134.11,
7/9/1987,445.28,446.46,445.28,445.28,0.12,7.69,7.69,7.69,7.69,0.65,99.49,93.35,97.33,
7/8/1987,444.75,447.45,444.75,444.75,0.57,7.64,7.64,7.64,7.64,3.24,80.14,93.21,77.75,
7/7/1987,442.25,447.52,442.25,442.25,-0.28,7.4,7.4,7.4,7.4,2.07,99.09,141.13,70.63,
7/6/1987,443.5,444.75,443.5,443.5,-0.04,7.25,7.25,7.25,7.25,-0.14,94.64,102.93,85.85,
7/3/1987,443.69,446.86,443.69,443.69,-0.46,7.26,7.26,7.26,7.26,-2.02,94.11,50.04,125.2,
7/2/1987,445.74,449.1,445.74,445.74,-0.25,7.41,7.41,7.41,7.41,2.77,84.94,45.16,113.01,
7/1/1987,446.86,450.48,446.86,446.86,-0.4,7.21,7.21,7.21,7.21,-0.83,100.58,133.7,78.06,
6/30/1987,448.64,448.97,448.64,448.64,0.61,7.27,7.27,7.27,7.27,2.39,58.69,39,75.91,
6/29/1987,445.94,449.96,445.94,445.94,0.51,7.1,7.1,7.1,7.1,2.16,92.02,107.02,89.27,
6/26/1987,443.69,445.01,443.69,443.69,0.69,6.95,6.95,6.95,6.95,1.46,61.86,89.71,37.41,
6/25/1987,440.66,443.96,440.66,440.66,-0.65,6.85,6.85,6.85,6.85,-1.15,67.95,67.74,65.92,
6/24/1987,443.56,444.55,443.56,443.56,0.7,6.93,6.93,6.93,6.93,0.73,123.83,24.69,185.35,
6/23/1987,440.46,441.45,440.46,440.46,0.78,6.88,6.88,6.88,6.88,1.03,93.69,80.06,89.03,
6/22/1987,437.04,445.14,437.04,437.04,-2.77,6.81,6.81,6.81,6.81,-7.47,158.12,157.63,157.78,
6/19/1987,449.5,453.58,449.5,449.5,-0.16,7.36,7.36,7.36,7.36,-1.47,60.63,65.94,45.83,
6/18/1987,450.22,452.73,450.22,450.22,0.77,7.47,7.47,7.47,7.47,1.08,101.47,107.1,99.26,
6/17/1987,446.79,452.99,446.79,446.79,-1.1,7.39,7.39,7.39,7.39,-0.54,61.12,85.3,40.66,
6/16/1987,451.74,453.78,451.74,451.74,0.13,7.43,7.43,7.43,7.43,-2.49,71.03,51.5,75.17,
6/15/1987,451.14,453.19,451.14,451.14,-0.71,7.62,7.62,7.62,7.62,-1.68,85.74,93.24,64.81,
6/12/1987,454.37,463.14,454.37,454.37,-0.79,7.75,7.75,7.75,7.75,-2.52,100.89,111.76,83.89,
6/11/1987,458,458.99,458,458,0.13,7.95,7.95,7.95,7.95,1.02,90.14,11.23,149.9,
6/10/1987,457.41,459.45,457.41,457.41,1.03,7.87,7.87,7.87,7.87,-0.63,68.36,37.17,93.02,
6/9/1987,452.73,454.97,452.73,452.73,-0.71,7.92,7.92,7.92,7.92,3.53,102.32,102,85.08,
6/8/1987,455.96,458,455.96,455.96,0.52,7.65,7.65,7.65,7.65,-2.67,160.8,112.22,187.2,
6/5/1987,453.58,455.96,453.58,453.58,0.22,7.86,7.86,7.86,7.86,1.16,91.54,91.26,104.66,
6/4/1987,452.59,456.94,452.59,452.59,0.25,7.77,7.77,7.77,7.77,3.46,130.91,113.48,151.45,
6/3/1987,451.47,457.54,451.47,451.47,-0.97,7.51,7.51,7.51,7.51,-2.21,128.11,121.63,131.89,
6/2/1987,455.89,457.47,455.89,455.89,2.07,7.68,7.68,7.68,7.68,3.23,112.63,132.09,99.16,
6/1/1987,446.66,450.48,446.66,446.66,-1.02,7.44,7.44,7.44,7.44,-2.36,128.57,150.79,100.62,
5/29/1987,451.27,452.26,451.27,451.27,-0.09,7.62,7.62,7.62,7.62,0.79,141.97,141.53,137.73,
5/28/1987,451.67,454.24,451.67,451.67,0.6,7.56,7.56,7.56,7.56,2.86,134.37,93.19,165.17,
5/27/1987,448.97,452.79,448.97,448.97,-0.47,7.35,7.35,7.35,7.35,-1.61,134.11,147.07,100.37,
5/26/1987,451.08,464.99,451.08,451.08,-3.09,7.47,7.47,7.47,7.47,-10.65,82.44,74.71,87.25,
5/25/1987,465.45,466.96,465.45,465.45,0.31,8.36,8.36,8.36,8.36,0.72,87.69,58.28,97.22,
5/22/1987,464,474.94,464,464,-1.17,8.3,8.3,8.3,8.3,-5.9,132.5,114.87,134.13,
5/21/1987,469.47,473.95,469.47,469.47,-1.15,8.82,8.82,8.82,8.82,-3.29,77.52,72.13,68.76,
5/20/1987,474.94,482.98,474.94,474.94,1.09,9.12,9.12,9.12,9.12,-3.8,106.86,125.33,104.54,
5/19/1987,469.8,472.96,469.8,469.8,-0.82,9.48,9.48,9.48,9.48,1.39,185.88,198.54,198.72,
5/18/1987,473.69,478.7,473.69,473.69,1.33,9.35,9.35,9.35,9.35,2.86,133.09,162.17,110.67,
5/15/1987,467.49,470.99,467.49,467.49,0.82,9.09,9.09,9.09,9.09,2.71,84.36,78.49,74.83,
5/14/1987,463.67,465.12,463.67,463.67,1.22,8.85,8.85,8.85,8.85,2.55,67.26,44.7,74.57,
5/13/1987,458.06,461.49,458.06,458.06,-0.16,8.63,8.63,8.63,8.63,-0.92,90.93,90.65,86.42,
5/12/1987,458.79,462.22,458.79,458.79,0.68,8.71,8.71,8.71,8.71,2.83,78.1,64.88,86.59,
5/11/1987,455.69,456.09,455.69,455.69,0.25,8.47,8.47,8.47,8.47,1.19,52.11,59.37,61.9,
5/8/1987,454.57,458,454.57,454.57,-0.62,8.37,8.37,8.37,8.37,1.45,92.34,92.05,86.38,
5/7/1987,457.41,459.38,457.41,457.41,-0.16,8.25,8.25,8.25,8.25,-0.84,99.71,110.45,82.91,
5/6/1987,458.16,459.36,458.16,458.16,0.02,8.32,8.32,8.32,8.32,0.24,108.3,114.31,105.94,
5/5/1987,458.05,465.76,458.05,458.05,-0.43,8.3,8.3,8.3,8.3,-0.6,149.64,108.5,169.68,
5/4/1987,460.01,460.01,460.01,460.01,0.76,8.35,8.35,8.35,8.35,3.73,92.61,85.22,118.47,
5/1/1987,456.53,456.53,456.53,456.53,0.65,8.05,8.05,8.05,8.05,0.63,87.9,65.72,100.5,
4/30/1987,453.6,455.45,453.6,453.6,0.43,8,8,8,8,1.39,81.22,69.4,77.18,
4/29/1987,451.65,452.52,451.65,451.65,0,7.89,7.89,7.89,7.89,2.47,70.48,58.55,68.37,
4/28/1987,451.65,457.08,451.65,451.65,1.79,7.7,7.7,7.7,7.7,-20.54,183.67,156.94,196.36,
4/27/1987,443.72,477.6,443.72,443.72,-3.93,9.69,9.69,9.69,9.69,-0.31,136.53,171.92,107.55,
4/24/1987,461.86,466.85,461.86,461.86,0.47,9.72,9.72,9.72,9.72,13.42,83.93,78.1,102.36,
4/23/1987,459.68,459.68,459.68,459.68,2.2,8.57,8.57,8.57,8.57,7.12,119.67,54.23,171.87,
4/22/1987,449.8,450.34,449.8,449.8,0.58,8,8,8,8,1.65,135.34,128.5,128.61,
4/21/1987,447.19,459.14,447.19,447.19,-1.18,7.87,7.87,7.87,7.87,3.28,118.31,194.26,46.29,
4/20/1987,452.52,452.52,452.52,452.52,2.18,7.62,7.62,7.62,7.62,5.25,134.18,167.21,97.63,
4/16/1987,442.85,442.85,442.85,442.85,0.25,7.16,7.16,7.16,7.16,0.28,82.96,23.63,128.12,
4/15/1987,441.76,450.89,441.76,441.76,-1.91,7.14,7.14,7.14,7.14,-1.38,130.14,82.56,147.56,
4/14/1987,450.34,450.34,450.34,450.34,2.85,7.24,7.24,7.24,7.24,5.54,122.93,103.2,118.36,
4/13/1987,437.85,438.29,437.85,437.85,1.3,6.86,6.86,6.86,6.86,1.48,155.28,162.17,122.97,
4/10/1987,432.21,434.92,432.21,432.21,0.05,6.76,6.76,6.76,6.76,-0.44,110.62,122.54,91.99,
4/9/1987,431.99,431.99,431.99,431.99,2.95,6.79,6.79,6.79,6.79,3.03,65.49,32.64,81.68,
4/8/1987,419.61,423.08,419.61,419.61,-0.57,6.59,6.59,6.59,6.59,-1.93,110.01,85.3,132.13,
4/7/1987,422,422.32,422,422,0.81,6.72,6.72,6.72,6.72,2.91,111.73,39.31,163.96,
4/6/1987,418.63,422.11,418.63,418.63,-0.13,6.53,6.53,6.53,6.53,2.03,112.29,83.96,151.73,
4/3/1987,419.18,419.61,419.18,419.18,0.39,6.4,6.4,6.4,6.4,1.27,117.86,74.21,144.43,
4/2/1987,417.55,421.56,417.55,417.55,0.13,6.32,6.32,6.32,6.32,1.44,114.79,98.09,109.09,
4/1/1987,417,419.72,417,417,-0.18,6.23,6.23,6.23,6.23,1.14,162.5,199.39,124.73,
3/31/1987,417.76,422.32,417.76,417.76,-0.7,6.16,6.16,6.16,6.16,-1.44,115.55,12.8,181.5,
3/30/1987,420.69,427.65,420.69,420.69,0.18,6.25,6.25,6.25,6.25,3.31,110.17,102.51,134.37,
3/27/1987,419.94,419.94,419.94,419.94,2.17,6.05,6.05,6.05,6.05,3.07,69.57,85.36,53.4,
3/26/1987,411.03,412.66,411.03,411.03,-0.21,5.87,5.87,5.87,5.87,0.51,64.38,81.68,38.93,
3/25/1987,411.9,415.37,411.9,411.9,-0.26,5.84,5.84,5.84,5.84,2.82,74.3,61.73,82.38,
3/24/1987,412.99,412.99,412.99,412.99,1.25,5.68,5.68,5.68,5.68,0.89,73.61,80.06,77.91,
3/23/1987,407.88,409.29,407.88,407.88,0.97,5.63,5.63,5.63,5.63,2.36,142.07,164,124.36,
3/20/1987,403.97,405.49,403.97,403.97,0.13,5.5,5.5,5.5,5.5,-0.54,102.27,79.3,141.74,
3/19/1987,403.43,404.95,403.43,403.43,-0.32,5.53,5.53,5.53,5.53,-0.18,86.87,80.83,77.05,
3/18/1987,404.73,406.79,404.73,404.73,0.54,5.54,5.54,5.54,5.54,0.18,85.44,117.94,54.65,
3/17/1987,402.56,406.58,402.56,402.56,-0.64,5.53,5.53,5.53,5.53,-0.54,26.29,0,43.72,
3/16/1987,405.17,405.49,405.17,405.17,0.19,5.56,5.56,5.56,5.56,-0.36,74.11,73.88,86.27,
3/13/1987,404.4,409.29,404.4,404.4,-0.93,5.58,5.58,5.58,5.58,0,62.82,11.39,94.98,
3/12/1987,408.21,409.83,408.21,408.21,0.4,5.58,5.58,5.58,5.58,0.9,103.36,82.43,120.32,
3/11/1987,406.58,407.66,406.58,406.58,0.21,5.53,5.53,5.53,5.53,0.18,41.93,35.83,39.85,
3/10/1987,405.71,405.82,405.71,405.71,0.43,5.52,5.52,5.52,5.52,0,70.75,51.3,85.58,
3/9/1987,403.97,405.71,403.97,403.97,-0.46,5.52,5.52,5.52,5.52,-0.72,115.22,86.15,143.71,
3/6/1987,405.82,407.88,405.82,405.82,-1.11,5.56,5.56,5.56,5.56,0.54,113.44,56.55,141.5,
3/5/1987,410.38,411.9,410.38,410.38,1.07,5.53,5.53,5.53,5.53,1.28,94.49,62.8,104.77,
3/4/1987,406.03,407.88,406.03,406.03,0.4,5.46,5.46,5.46,5.46,0.55,96.11,25.55,149.18,
3/3/1987,404.4,404.62,404.4,404.4,0.05,5.43,5.43,5.43,5.43,0.37,146.8,63.63,201.68,
3/2/1987,404.19,405.71,404.19,404.19,-0.27,5.41,5.41,5.41,5.41,-0.55,120.07,42.25,164.45,
2/27/1987,405.27,407.12,405.27,405.27,0.35,5.44,5.44,5.44,5.44,0,63.4,52.67,61.5,
2/26/1987,403.86,404.95,403.86,403.86,-0.46,5.44,5.44,5.44,5.44,-0.73,53.86,21.48,71.66,
2/25/1987,405.71,407.88,405.71,405.71,1.06,5.48,5.48,5.48,5.48,0.92,116.12,85.3,132.13,
2/24/1987,401.47,402.56,401.47,401.47,-0.49,5.43,5.43,5.43,5.43,-0.73,53.21,13.26,77.44,
2/23/1987,403.43,405.71,403.43,403.43,1.03,5.47,5.47,5.47,5.47,0.55,117,72.9,133.77,
2/20/1987,399.3,399.84,399.3,399.3,1.46,5.44,5.44,5.44,5.44,0.74,115.42,103.56,115.17,
2/19/1987,393.55,395.28,393.55,393.55,0.64,5.4,5.4,5.4,5.4,0.75,82.68,87.92,73.33,
2/18/1987,391.05,393.44,391.05,391.05,-0.77,5.36,5.36,5.36,5.36,-0.92,86.52,86.26,71.95,
2/17/1987,394.09,397.24,394.09,394.09,-0.71,5.41,5.41,5.41,5.41,-0.37,78.03,56.57,94.37,
2/16/1987,396.91,397.78,396.91,396.91,0,5.43,5.43,5.43,5.43,0.37,100.94,128.07,91.56,
2/13/1987,396.91,397.45,396.91,396.91,-0.87,5.41,5.41,5.41,5.41,-1.28,96.93,90.94,104.3,
2/12/1987,400.39,402.78,400.39,400.39,-0.03,5.48,5.48,5.48,5.48,-0.54,98.39,130.79,90.91,
2/11/1987,400.5,403.32,400.5,400.5,-0.51,5.51,5.51,5.51,5.51,0,69.41,100.64,52.47,
2/10/1987,402.56,404.73,402.56,402.56,-0.78,5.51,5.51,5.51,5.51,-0.9,148.42,147.97,134.64,
2/9/1987,405.71,406.36,405.71,405.71,0.65,5.56,5.56,5.56,5.56,0.54,125.14,117.42,171.39,
2/6/1987,403.1,404.73,403.1,403.1,1.01,5.53,5.53,5.53,5.53,1.1,135.81,94.19,186.58,
2/5/1987,399.08,402.78,399.08,399.08,-0.92,5.47,5.47,5.47,5.47,-0.18,78.44,72.18,90.31,
2/4/1987,402.78,405.17,402.78,402.78,0.74,5.48,5.48,5.48,5.48,0.18,141.68,134.52,134.64,
2/3/1987,399.84,403.86,399.84,399.84,-1.6,5.47,5.47,5.47,5.47,-0.73,117.42,135.55,102.78,
2/2/1987,406.36,407.34,406.36,406.36,0.73,5.51,5.51,5.51,5.51,0.18,128.5,56.94,201.84,
1/30/1987,403.43,411.68,403.43,403.43,-1.41,5.5,5.5,5.5,5.5,-1.43,133.72,109.07,171.84,
1/29/1987,409.18,410.81,409.18,409.18,0.56,5.58,5.58,5.58,5.58,-0.18,115.91,109.47,121.75,
1/28/1987,406.9,417.55,406.9,406.9,-1.03,5.59,5.59,5.59,5.59,-0.89,98.7,110.69,71.81,
1/27/1987,411.14,411.68,411.14,411.14,0.93,5.64,5.64,5.64,5.64,0.89,134.03,190.89,95.53,
1/26/1987,407.34,407.34,407.34,407.34,1.13,5.59,5.59,5.59,5.59,2.19,104.39,124.88,138.88,
1/23/1987,402.78,407.66,402.78,402.78,-1.46,5.47,5.47,5.47,5.47,-1.26,90.67,96.42,100.53,
1/22/1987,408.75,411.36,408.75,408.75,0.53,5.54,5.54,5.54,5.54,1.47,80.1,91.26,66.6,
1/21/1987,406.58,408.97,406.58,406.58,-1.83,5.46,5.46,5.46,5.46,-1.09,82.81,141.53,29.51,
1/20/1987,414.18,419.61,414.18,414.18,-1.73,5.52,5.52,5.52,5.52,-2.13,89.9,137.89,69.01,
1/19/1987,421.46,423.41,421.46,421.46,1.47,5.64,5.64,5.64,5.64,1.08,82.25,89.45,74.61,
1/16/1987,415.37,416.79,415.37,415.37,0.18,5.58,5.58,5.58,5.58,0.54,127.64,157.54,111.19,
1/15/1987,414.61,416.68,414.61,414.61,-0.68,5.55,5.55,5.55,5.55,-0.89,117.71,100.58,130.5,
1/14/1987,417.44,418.85,417.44,417.44,2.02,5.6,5.6,5.6,5.6,1.27,120.57,113.87,116.09,
1/13/1987,409.18,410.27,409.18,409.18,-0.35,5.53,5.53,5.53,5.53,-0.9,142.34,141.9,150.64,
1/12/1987,410.6,411.36,410.6,410.6,1.64,5.58,5.58,5.58,5.58,2.2,90.55,105.31,87.84,
1/9/1987,403.97,405.17,403.97,403.97,0.62,5.46,5.46,5.46,5.46,1.11,70.48,35.13,87.91,
1/8/1987,401.47,403.86,401.47,401.47,0.41,5.4,5.4,5.4,5.4,0.75,65.42,71.15,49.45,
1/7/1987,399.84,401.26,399.84,399.84,-0.22,5.36,5.36,5.36,5.36,-0.74,71.31,77.55,53.9,
1/6/1987,400.71,403.1,400.71,400.71,0.41,5.4,5.4,5.4,5.4,1.12,112.05,111.71,104.82,
1/5/1987,399.08,403.1,399.08,399.08,-1,5.34,5.34,5.34,5.34,-2.02,56.42,96.42,13.4,
1/2/1987,403.1,406.9,403.1,403.1,3.31,5.45,5.45,5.45,5.45,2.06,54.75,81.88,45.53,
12/31/1986,390.19,390.19,390.19,390.19,0.6,5.34,5.34,5.34,5.34,-1.48,86.72,69.16,100.95,
12/30/1986,387.87,388.42,387.87,387.87,0.14,5.42,5.42,5.42,5.42,1.12,80.36,106.82,59.4,
12/29/1986,387.33,391.29,387.33,387.33,-0.14,5.36,5.36,5.36,5.36,1.71,73.38,83.6,52.3,
12/24/1986,387.87,389.65,387.87,387.87,-0.21,5.29,5.29,5.29,5.29,0,49.59,19.77,82.47,
12/23/1986,388.69,393.74,388.69,388.69,-0.94,5.29,5.29,5.29,5.29,-0.94,66.09,65.88,54.95,
12/22/1986,392.38,395.93,392.38,392.38,0.31,5.34,5.34,5.34,5.34,-1.48,78.66,139.41,43.61,
12/19/1986,391.15,394.97,391.15,391.15,-0.28,5.42,5.42,5.42,5.42,-1.99,55.44,55.27,46.1,
12/18/1986,392.24,392.92,392.24,392.24,0.24,5.53,5.53,5.53,5.53,0,54.64,68.09,34.08,
12/17/1986,391.29,393.47,391.29,391.29,-0.52,5.53,5.53,5.53,5.53,-1.25,73.94,73.71,61.48,
12/16/1986,393.33,394.56,393.33,393.33,-0.14,5.6,5.6,5.6,5.6,-3.11,85.34,46.4,116.11,
12/15/1986,393.88,395.11,393.88,393.88,1.05,5.78,5.78,5.78,5.78,0.17,112.44,86.22,129.45,
12/12/1986,389.78,391.42,389.78,389.78,0.53,5.77,5.77,5.77,5.77,1.23,121.37,85.41,130.6,
12/11/1986,387.74,389.51,387.74,387.74,-0.66,5.7,5.7,5.7,5.7,0.53,116.46,64.5,139.88,
12/10/1986,390.33,392.1,390.33,390.33,1.1,5.67,5.67,5.67,5.67,-1.73,112.42,74.71,137.1,
12/9/1986,386.1,389.1,386.1,386.1,-0.21,5.77,5.77,5.77,5.77,0.7,127.7,104.84,137.41,
12/8/1986,386.92,392.24,386.92,386.92,-0.07,5.73,5.73,5.73,5.73,1.78,151.79,178.03,133.64,
12/5/1986,387.19,388.42,387.19,387.19,0.07,5.63,5.63,5.63,5.63,-0.71,85.12,42.43,117.97,
12/4/1986,386.92,392.1,386.92,386.92,-1.22,5.67,5.67,5.67,5.67,-1.22,30.46,45.55,25.33,
12/3/1986,391.69,393.47,391.69,391.69,0.98,5.74,5.74,5.74,5.74,0.7,93.09,61.87,103.21,
12/2/1986,387.87,394.56,387.87,387.87,-0.8,5.7,5.7,5.7,5.7,1.6,49.32,65.56,27.34,
12/1/1986,391.01,400.43,391.01,391.01,0.53,5.61,5.61,5.61,5.61,-0.36,85.6,51.2,113.88,
11/28/1986,388.96,390.47,388.96,388.96,1.6,5.63,5.63,5.63,5.63,1.08,115.98,115.62,156.71,
11/27/1986,382.82,383.23,382.82,382.82,0.46,5.57,5.57,5.57,5.57,-1.42,82.36,36.49,121.75,
11/26/1986,381.05,384.32,381.05,381.05,-0.71,5.65,5.65,5.65,5.65,0.18,118.31,103.2,110.67,
11/25/1986,383.78,384.87,383.78,383.78,0.72,5.64,5.64,5.64,5.64,0,108.47,33.27,152.64,
11/24/1986,381.05,381.32,381.05,381.05,-0.46,5.64,5.64,5.64,5.64,-1.91,111.85,102.93,114.47,
11/21/1986,382.82,390.74,382.82,382.82,-1.51,5.75,5.75,5.75,5.75,-0.35,109.73,82.05,114.06,
11/20/1986,388.69,388.96,388.69,388.69,-0.97,5.77,5.77,5.77,5.77,0.52,96.02,95.72,114.06,
11/19/1986,392.51,392.92,392.51,392.51,0.56,5.74,5.74,5.74,5.74,0.53,102.53,125.8,91.82,
11/18/1986,390.33,390.6,390.33,390.33,-0.1,5.71,5.71,5.71,5.71,2.88,166.88,166.37,152.64,
11/17/1986,390.74,395.93,390.74,390.74,-4.09,5.55,5.55,5.55,5.55,-0.18,141.14,148.98,124.26,
11/14/1986,407.39,410.53,407.39,407.39,0.1,5.56,5.56,5.56,5.56,0.18,57.24,57.06,71.39,
11/13/1986,406.98,408.07,406.98,406.98,0.57,5.55,5.55,5.55,5.55,-0.54,117,102.06,158.1,
11/12/1986,404.66,408.21,404.66,404.66,0.2,5.58,5.58,5.58,5.58,-1.06,146.5,129.82,162.43,
11/11/1986,403.84,407.39,403.84,403.84,-1.63,5.64,5.64,5.64,5.64,-0.18,160.41,63.97,226.76,
11/10/1986,410.53,411.49,410.53,410.53,0.47,5.65,5.65,5.65,5.65,0.18,156.5,104.01,231.35,
11/7/1986,408.62,409.57,408.62,408.62,0.27,5.64,5.64,5.64,5.64,-1.74,126.55,103.89,160.94,
11/6/1986,407.53,408.07,407.53,407.53,0.51,5.74,5.74,5.74,5.74,0.7,134.77,84.86,165.15,
11/5/1986,405.48,412.17,405.48,405.48,-0.5,5.7,5.7,5.7,5.7,-0.18,197.09,136.02,226.92,
11/4/1986,407.53,409.17,407.53,407.53,0.51,5.71,5.71,5.71,5.71,-0.52,81.99,65.39,95.45,
11/3/1986,405.48,406.16,405.48,405.48,1.4,5.74,5.74,5.74,5.74,1.23,81.68,72.38,75.47,
10/31/1986,399.88,407.12,399.88,399.88,-1.18,5.67,5.67,5.67,5.67,2.72,137.72,173.43,84.38,
10/30/1986,404.66,406.98,404.66,404.66,0.03,5.52,5.52,5.52,5.52,-0.18,62.76,97.33,34.79,
10/29/1986,404.52,410.8,404.52,404.52,-1.66,5.53,5.53,5.53,5.53,-1.25,120.6,112.22,120.34,
10/28/1986,411.35,412.58,411.35,411.35,0.5,5.6,5.6,5.6,5.6,-0.88,140.78,66.05,192.82,
10/27/1986,409.3,411.08,409.3,409.3,-0.5,5.65,5.65,5.65,5.65,-3.58,117.66,90.23,120.42,
10/24/1986,411.35,414.08,411.35,411.35,-2.93,5.86,5.86,5.86,5.86,-1.01,66.7,44.33,73.95,
10/23/1986,423.77,425.68,423.77,423.77,0.03,5.92,5.92,5.92,5.92,0.17,91.82,98.58,82.22,
10/22/1986,423.63,427.59,423.63,423.63,-0.1,5.91,5.91,5.91,5.91,-0.84,73.94,29.49,110.67,
10/21/1986,424.04,426.91,424.04,424.04,-0.26,5.96,5.96,5.96,5.96,1.71,40.69,16.23,54.14,
10/20/1986,425.13,426.09,425.13,425.13,1.1,5.86,5.86,5.86,5.86,1.21,79.93,53.12,103.39,
10/17/1986,420.49,422.95,420.49,420.49,-1.09,5.79,5.79,5.79,5.79,0.87,104.69,134.18,99.49,
10/16/1986,425.13,425.95,425.13,425.13,0.52,5.74,5.74,5.74,5.74,-1.88,96.02,41.02,125.46,
10/15/1986,422.95,426.36,422.95,422.95,-1.24,5.85,5.85,5.85,5.85,1.74,68.38,45.45,88.45,
10/14/1986,428.27,432.37,428.27,428.27,-0.76,5.75,5.75,5.75,5.75,0,149.37,70.08,189.97,
10/13/1986,431.55,432.64,431.55,431.55,0.29,5.75,5.75,5.75,5.75,3.98,125.34,160.66,74.45,
10/10/1986,430.32,431.28,430.32,430.32,-0.35,5.53,5.53,5.53,5.53,-3.99,83.38,60.46,126.06,
10/9/1986,431.82,438.65,431.82,431.82,-1.49,5.76,5.76,5.76,5.76,2.67,72.44,65.65,76.67,
10/8/1986,438.37,439.74,438.37,438.37,0.28,5.61,5.61,5.61,5.61,2.56,39.34,62.75,26.17,
10/7/1986,437.15,443.97,437.15,437.15,0,5.47,5.47,5.47,5.47,0.55,132.83,82.77,193.3,
10/6/1986,437.15,438.92,437.15,437.15,0.13,5.44,5.44,5.44,5.44,3.23,125.68,53.7,179.15,
10/3/1986,436.6,440.69,436.6,436.6,1.04,5.27,5.27,5.27,5.27,-1.68,109.93,102.29,109.69,
10/2/1986,432.1,433.32,432.1,432.1,2.16,5.36,5.36,5.36,5.36,3.47,102.15,87.29,133.48,
10/1/1986,422.95,426.23,422.95,422.95,0.03,5.18,5.18,5.18,5.18,-0.19,109.64,46.84,143.26,
9/30/1986,422.81,423.91,422.81,422.81,-1.09,5.19,5.19,5.19,5.19,1.17,121.19,48.33,161.24,
9/29/1986,427.45,428.68,427.45,427.45,-0.82,5.13,5.13,5.13,5.13,-0.77,105.72,105.39,102.56,
9/26/1986,431,436.6,431,431,-0.19,5.17,5.17,5.17,5.17,1.77,184.85,235.88,172.16,
9/25/1986,431.82,431.82,431.82,431.82,-0.28,5.08,5.08,5.08,5.08,-0.97,85.12,84.86,94.37,
9/24/1986,433.05,437.96,433.05,433.05,0.28,5.13,5.13,5.13,5.13,-1.16,163.03,132.98,184.87,
9/23/1986,431.82,438.37,431.82,431.82,-0.75,,,,,,167.22,111.14,185.4,
9/22/1986,435.1,444.24,435.1,435.1,1.43,5.19,5.19,5.19,5.19,0.58,188.75,188.17,188.34,
9/19/1986,428.96,431.69,428.96,428.96,3.02,5.16,5.16,5.16,5.16,0.58,129.06,142.96,107.32,
9/18/1986,416.4,419.4,416.4,416.4,1.23,5.13,5.13,5.13,5.13,0.59,99.95,85.41,106.86,
9/17/1986,411.35,413.94,411.35,411.35,-0.46,5.1,5.1,5.1,5.1,-1.16,115.72,129.79,120.28,
9/16/1986,413.26,417.49,413.26,413.26,0.9,5.16,5.16,5.16,5.16,-2.46,102.29,141.19,78.51,
9/15/1986,409.57,417.76,409.57,409.57,-1.9,5.29,5.29,5.29,5.29,0.38,70.86,105.96,29.46,
9/12/1986,417.49,422.68,417.49,417.49,4.19,5.27,5.27,5.27,5.27,-1.86,67.45,89.66,37.39,
9/11/1986,400.7,407.66,400.7,400.7,-3.77,5.37,5.37,5.37,5.37,-0.56,138.02,168.18,114.77,
9/10/1986,416.4,417.49,416.4,416.4,1.62,5.4,5.4,5.4,5.4,-1.64,88.23,111.94,53.36,
9/9/1986,409.75,411.83,409.75,409.75,-1.43,5.49,5.49,5.49,5.49,4.97,151.34,201.16,111.86,
9/8/1986,415.68,421.09,415.68,415.68,-0.42,5.23,5.23,5.23,5.23,0.97,133.57,177.55,88.85,
9/5/1986,417.45,421.09,417.45,417.45,3.4,5.18,5.18,5.18,5.18,-0.38,84.54,76.62,76.69,
9/4/1986,403.72,404.87,403.72,403.72,-0.28,5.2,5.2,5.2,5.2,0.58,72.54,64.28,67.02,
9/3/1986,404.87,406.94,404.87,404.87,3.48,5.17,5.17,5.17,5.17,0,59.76,68.09,56.79,
9/2/1986,391.24,393.74,391.24,391.24,0.91,5.17,5.17,5.17,5.17,1.17,88.2,39.08,130.39,
9/1/1986,387.71,389.48,387.71,387.71,1.11,5.11,5.11,5.11,5.11,0.99,89.18,177.82,42.38,
8/29/1986,383.45,386.77,383.45,383.45,0.05,5.06,5.06,5.06,5.06,1.81,88.02,95.72,79.84,
8/28/1986,383.24,385.32,383.24,383.24,1.38,4.97,4.97,4.97,4.97,-0.8,80.21,111.94,66.7,
8/27/1986,378.04,378.87,378.04,378.04,-0.03,5.01,5.01,5.01,5.01,0.4,87.38,79.19,118.9,
8/26/1986,378.14,380.22,378.14,378.14,-0.33,4.99,4.99,4.99,4.99,-0.4,153.86,180.46,135.47,
8/22/1986,379.39,386.25,379.39,379.39,-0.6,5.03,5.03,5.03,5.03,0.2,65.76,65.56,68.35,
8/21/1986,381.68,382.3,381.68,381.68,1.61,5.02,5.02,5.02,5.02,0.2,58.63,58.45,48.75,
8/20/1986,375.65,377.42,375.65,375.65,0.95,5.01,5.01,5.01,5.01,0.8,73.43,81.34,54.28,
8/19/1986,372.11,372.63,372.11,372.11,-0.69,4.97,4.97,4.97,4.97,-1.19,99.02,107.69,74.85,
8/18/1986,374.71,379.91,374.71,374.71,-2.04,5.03,5.03,5.03,5.03,0.4,142.86,124.62,148.49,
8/15/1986,382.51,385.84,382.51,382.51,0,5.01,5.01,5.01,5.01,-1.18,88.34,58.71,134.66,
8/14/1986,382.51,383.24,382.51,382.51,-1.55,5.07,5.07,5.07,5.07,-0.2,144.37,79.96,186.75,
8/13/1986,388.54,389.48,388.54,388.54,1.8,5.08,5.08,5.08,5.08,1.2,202.81,252.73,154.59,
8/12/1986,381.68,388.54,381.68,381.68,-0.86,5.02,5.02,5.02,5.02,-0.59,190.28,206.94,215.76,
8/11/1986,385,392.8,385,385,5.17,5.05,5.05,5.05,5.05,0.2,158.69,197.75,115.46,
8/8/1986,366.08,367.85,366.08,366.08,1.94,5.04,5.04,5.04,5.04,-0.59,48.01,31.91,66.53,
8/7/1986,359.12,360.57,359.12,359.12,0.09,5.07,5.07,5.07,5.07,-0.78,80.21,47.98,93.37,
8/6/1986,358.8,359.53,358.8,358.8,0.88,5.11,5.11,5.11,5.11,1.19,124.53,66.21,165.68,
8/5/1986,355.68,356.31,355.68,355.68,-0.32,5.05,5.05,5.05,5.05,0,66.63,94.9,31.66,
8/4/1986,356.83,358.8,356.83,356.83,-0.55,5.05,5.05,5.05,5.05,0,146.57,116.9,146.26,
8/1/1986,358.8,358.8,358.8,358.8,1.17,5.05,5.05,5.05,5.05,0.4,77.4,30.86,102.97,
7/31/1986,354.64,357.04,354.64,354.64,1.79,5.03,5.03,5.03,5.03,-0.98,104.33,52.01,130.13,
7/30/1986,348.4,349.24,348.4,348.4,0,5.08,5.08,5.08,5.08,0.4,95.79,47.75,132.75,
7/29/1986,348.4,351.63,348.4,348.4,-0.6,5.06,5.06,5.06,5.06,1.81,109.51,54.58,151.76,
7/28/1986,350.49,351.63,350.49,350.49,1.23,4.97,4.97,4.97,4.97,-2.17,96.58,134.79,64.24,
7/25/1986,346.22,346.64,346.22,346.22,0.21,,,,,,38.7,30.86,38.61,
7/24/1986,345.49,346.22,345.49,345.49,0.3,5.08,5.08,5.08,5.08,0.2,97.19,113.04,107.76,
7/23/1986,344.45,349.24,344.45,344.45,-1.72,5.07,5.07,5.07,5.07,-0.59,105.29,96.89,121.23,
7/22/1986,350.49,351,350.49,350.49,-0.15,5.1,5.1,5.1,5.1,-0.2,71.24,35.51,88.85,
7/21/1986,351,352.88,351,351,1.75,5.11,5.11,5.11,5.11,0.59,95.74,76.36,111.45,
7/18/1986,344.97,347.47,344.97,344.97,0.15,5.08,5.08,5.08,5.08,-0.2,77.94,31.08,103.7,
7/17/1986,344.45,344.97,344.45,344.45,0.15,5.09,5.09,5.09,5.09,0.99,141.49,33.19,207.63,
7/16/1986,343.93,346.64,343.93,343.93,-0.15,5.04,5.04,5.04,5.04,-0.4,82.61,49.41,96.17,
7/15/1986,344.45,344.45,344.45,344.45,0.55,5.06,5.06,5.06,5.06,-3.8,133.21,159.36,118.16,
7/14/1986,342.58,343.52,342.58,342.58,-0.69,5.26,5.26,5.26,5.26,-1.68,130.89,120.45,150.7,
7/11/1986,344.97,344.97,344.97,344.97,0.42,5.35,5.35,5.35,5.35,0.75,67.09,50.16,97.63,
7/10/1986,343.52,345.49,343.52,343.52,-0.12,5.31,5.31,5.31,5.31,-0.19,117.19,93.46,142.92,
7/9/1986,343.93,348.4,343.93,343.93,0,5.32,5.32,5.32,5.32,2.9,151.79,231.43,74.25,
7/8/1986,343.93,344.97,343.93,343.93,0.61,5.17,5.17,5.17,5.17,0.58,101.78,55.35,123.11,
7/7/1986,341.85,342.06,341.85,341.85,0.43,5.14,5.14,5.14,5.14,-0.19,108.77,138.01,65.78,
7/4/1986,340.4,340.4,340.4,340.4,0,5.15,5.15,5.15,5.15,1.38,75.04,85.5,53.49,
7/3/1986,340.4,340.4,340.4,340.4,0.12,5.08,5.08,5.08,5.08,-0.97,84.15,45.76,101.78,
7/2/1986,339.98,341.96,339.98,339.98,-0.58,5.13,5.13,5.13,5.13,0,66.42,49.66,69.04,
7/1/1986,341.96,343.41,341.96,341.96,-0.45,5.13,5.13,5.13,5.13,-1.91,89.53,53.55,119.11,
6/30/1986,343.52,344.45,343.52,343.52,0.92,5.23,5.23,5.23,5.23,0.97,93.31,0,155.18,
6/27/1986,340.4,341.96,340.4,340.4,-0.46,5.18,5.18,5.18,5.18,1.57,123.71,82.22,148.58,
6/26/1986,341.96,342.58,341.96,341.96,0.24,5.1,5.1,5.1,5.1,0.2,114.23,106.28,126.64,
6/25/1986,341.13,341.96,341.13,341.13,0.34,5.09,5.09,5.09,5.09,1.6,119.91,164.37,87.25,
6/24/1986,339.98,339.98,339.98,339.98,0.71,,,,,,80.58,89.25,74.45,
6/23/1986,337.59,338.42,337.59,337.59,0.28,5.01,5.01,5.01,5.01,0.8,86.17,57.27,111.45,
6/20/1986,336.65,337.59,336.65,336.65,0,4.97,4.97,4.97,4.97,0.81,142.17,155.91,141.86,
6/19/1986,336.65,337.59,336.65,336.65,0,4.93,4.93,4.93,4.93,0.61,50.3,28.65,71.7,
6/18/1986,336.65,336.65,336.65,336.65,1,4.9,4.9,4.9,4.9,-1.21,72.01,63.81,66.53,
6/17/1986,333.33,334.89,333.33,333.33,-0.77,4.96,4.96,4.96,4.96,-2.17,68.83,17.16,100.16,
6/16/1986,335.93,343.52,335.93,335.93,-2.47,5.07,5.07,5.07,5.07,1.2,79.5,35.23,117.53,
6/13/1986,344.45,344.97,344.45,344.45,0.27,5.01,5.01,5.01,5.01,-1.38,164.88,74.71,224.35,
6/12/1986,343.52,346.64,343.52,343.52,-0.27,5.08,5.08,5.08,5.08,0,134.29,14.88,223.34,
6/11/1986,344.45,345.49,344.45,344.45,-0.3,5.08,5.08,5.08,5.08,-5.58,98.39,114.44,68.18,
6/10/1986,345.49,346.64,345.49,345.49,2.09,5.38,5.38,5.38,5.38,2.48,101.66,135.14,70.45,
6/9/1986,338.42,338.94,338.42,338.42,0,5.25,5.25,5.25,5.25,1.55,62.67,71.4,59.56,
6/6/1986,338.42,338.94,338.42,338.42,0,5.17,5.17,5.17,5.17,0.19,100.38,107.77,89.89,
6/5/1986,338.42,338.94,338.42,338.42,0.25,5.16,5.16,5.16,5.16,0.58,73.78,44.13,110.43,
6/4/1986,337.59,338.94,337.59,337.59,-0.4,5.13,5.13,5.13,5.13,0,118.59,63.05,144.63,
6/3/1986,338.94,339.98,338.94,338.94,0.15,5.13,5.13,5.13,5.13,-0.58,67.78,0,112.72,
6/2/1986,338.42,340.4,338.42,338.42,-0.46,5.16,5.16,5.16,5.16,-1.71,94.11,93.82,78.25,
5/30/1986,339.98,340.4,339.98,339.98,0,5.25,5.25,5.25,5.25,1.55,72.96,87.29,72.81,
5/29/1986,339.98,339.98,339.98,339.98,0.31,5.17,5.17,5.17,5.17,0.98,96.72,64.28,107.23,
5/28/1986,338.94,340.4,338.94,338.94,0,5.12,5.12,5.12,5.12,0.2,144.02,135.14,154.98,
5/27/1986,338.94,338.94,338.94,338.94,0.15,5.11,5.11,5.11,5.11,-0.97,169.39,131.34,203.46,
5/23/1986,338.42,338.94,338.42,338.42,0,5.16,5.16,5.16,5.16,2.38,81.7,103.66,49.41,
5/22/1986,338.42,338.42,338.42,338.42,0.74,5.04,5.04,5.04,5.04,1.82,159.19,166.25,151.28,
5/21/1986,335.93,336.65,335.93,335.93,-0.03,4.95,4.95,4.95,4.95,1.64,160.8,96.19,227.31,
5/20/1986,336.03,337.9,336.03,336.03,-0.64,4.87,4.87,4.87,4.87,-2.4,244.68,262.69,250.41,
5/19/1986,338.21,340.4,338.21,338.21,-0.76,4.99,4.99,4.99,4.99,-1.38,93.58,149.26,62.25,
5/16/1986,340.81,341.13,340.81,340.81,0.37,5.06,5.06,5.06,5.06,0.4,101.48,57.81,144.66,
5/15/1986,339.57,340.81,339.57,339.57,-0.18,5.04,5.04,5.04,5.04,-1.18,111.48,95.26,158.91,
5/14/1986,340.19,341.54,340.19,340.19,0.09,5.1,5.1,5.1,5.1,0,138.02,107.02,165.78,
5/13/1986,339.88,342.58,339.88,339.88,-0.91,5.1,5.1,5.1,5.1,-2.67,113.62,174.27,87.21,
5/12/1986,343,343.93,343,343,-0.24,5.24,5.24,5.24,5.24,0.19,97.43,135.98,97.22,
5/9/1986,343.83,344.66,343.83,343.83,0.24,5.23,5.23,5.23,5.23,0.38,66.25,58.71,73.45,
5/8/1986,343,343.1,343,343,0.18,5.21,5.21,5.21,5.21,-0.19,94.02,115.37,84.2,
5/7/1986,342.4,342.4,342.4,342.4,0.59,5.22,5.22,5.22,5.22,1.16,94.2,62.6,130.55,
5/6/1986,340.4,340.4,340.4,340.4,-0.76,5.16,5.16,5.16,5.16,-0.58,136.25,118.85,155.78,
5/5/1986,343,343,343,343,0.41,5.19,5.19,5.19,5.19,1.17,155.43,135.58,177.71,
5/2/1986,341.6,341.6,341.6,341.6,-1.07,5.13,5.13,5.13,5.13,0.2,80.44,116.64,60.81,
5/1/1986,345.3,345.3,345.3,345.3,-0.12,5.12,5.12,5.12,5.12,0.39,95.48,117.16,73.29,
4/30/1986,345.7,345.7,345.7,345.7,0.96,5.1,5.1,5.1,5.1,-0.97,114.72,142.96,83.47,
4/29/1986,342.4,342.4,342.4,342.4,-0.29,5.15,5.15,5.15,5.15,1.98,171.96,162.41,195.68,
4/28/1986,343.4,343.4,343.4,343.4,-0.29,5.05,5.05,5.05,5.05,-1.56,152.74,171.3,158.76,
4/25/1986,344.4,344.4,344.4,344.4,-0.09,5.13,5.13,5.13,5.13,0,101.26,187.47,60.14,
4/24/1986,344.7,344.7,344.7,344.7,-0.43,5.13,5.13,5.13,5.13,-0.58,154.79,169.75,141.59,
4/23/1986,346.2,346.2,346.2,346.2,0.55,5.16,5.16,5.16,5.16,0.58,164.45,202.98,143.26,
4/22/1986,344.3,344.3,344.3,344.3,0.79,5.13,5.13,5.13,5.13,0,132.17,197.65,96.17,
4/21/1986,341.6,341.6,341.6,341.6,-0.41,5.13,5.13,5.13,5.13,-2.1,117.41,150.49,97.63,
4/18/1986,343,343,343,343,0.85,5.24,5.24,5.24,5.24,-3.32,222.89,367.78,191.73,
4/17/1986,340.1,340.1,340.1,340.1,0.32,5.42,5.42,5.42,5.42,0.18,166.01,150.45,188.23,
4/16/1986,339,339,339,339,-0.88,5.41,5.41,5.41,5.41,0.19,340.54,555.54,321.79, U.S. Bombing of Libya
4/15/1986,342,342,342,342,0.06,5.4,5.4,5.4,5.4,0.19,289.13,395.3,274.76,
4/14/1986,341.8,341.8,341.8,341.8,-0.03,5.39,5.39,5.39,5.39,-1.46,154.07,249.6,128.12,
4/11/1986,341.9,341.9,341.9,341.9,1.24,5.47,5.47,5.47,5.47,1.86,190.82,243.49,190.4,
4/10/1986,337.7,337.7,337.7,337.7,-0.12,5.37,5.37,5.37,5.37,0.37,130.36,122.31,165.78,
4/9/1986,338.1,338.1,338.1,338.1,-0.44,5.35,5.35,5.35,5.35,2.29,122.69,86.34,156.03,
4/8/1986,339.6,339.6,339.6,339.6,0.5,5.23,5.23,5.23,5.23,-1.51,172.53,223.6,129.12,
4/7/1986,337.9,337.9,337.9,337.9,1.02,5.31,5.31,5.31,5.31,3.31,127.08,152.03,112.72,
4/4/1986,334.5,334.5,334.5,334.5,-0.06,5.14,5.14,5.14,5.14,0.59,66.85,74.04,49.41,
4/3/1986,334.7,334.7,334.7,334.7,-0.24,5.11,5.11,5.11,5.11,-0.78,142.93,184.4,139.82,
4/2/1986,335.5,335.5,335.5,335.5,0.72,5.15,5.15,5.15,5.15,0.59,111.56,51.33,142.72,
4/1/1986,333.1,333.1,333.1,333.1,-1.48,5.12,5.12,5.12,5.12,-3.94,70.29,17.52,102.29,
3/31/1986,338.1,338.1,338.1,338.1,-1.77,5.33,5.33,5.33,5.33,-4.82,100.08,39.91,133.15,
3/27/1986,344.2,344.2,344.2,344.2,-0.03,5.6,5.6,5.6,5.6,-0.18,175.15,212.57,177.3,
3/26/1986,344.3,344.3,344.3,344.3,-2.19,5.61,5.61,5.61,5.61,-0.53,220.31,376.52,143.94,
3/25/1986,352,352,352,352,0.46,5.64,5.64,5.64,5.64,-1.23,155.4,228.31,95.22,
3/24/1986,350.4,350.4,350.4,350.4,-0.71,5.71,5.71,5.71,5.71,-0.87,120.14,136.89,114.18,
3/21/1986,352.9,352.9,352.9,352.9,0.66,5.76,5.76,5.76,5.76,0.52,97.21,134.18,49.74,
3/20/1986,350.6,350.6,350.6,350.6,1.12,5.73,5.73,5.73,5.73,0.17,38.88,62.02,12.93,
3/19/1986,346.7,346.7,346.7,346.7,-1.25,5.72,5.72,5.72,5.72,-0.87,62.8,62.6,52.22,
3/18/1986,351.1,351.1,351.1,351.1,0.34,5.77,5.77,5.77,5.77,0,57.78,115.2,0,
3/17/1986,349.9,349.9,349.9,349.9,0.55,5.77,5.77,5.77,5.77,1.58,104.71,37.96,142.47,
3/14/1986,348,348,348,348,-0.51,5.68,5.68,5.68,5.68,-1.22,85.34,108.27,51.61,
3/13/1986,349.8,349.8,349.8,349.8,1.66,5.75,5.75,5.75,5.75,1.05,73.98,81.94,54.68,
3/12/1986,344.1,344.1,344.1,344.1,0.35,5.69,5.69,5.69,5.69,1.07,78.87,94.35,65.58,
3/11/1986,342.9,342.9,342.9,342.9,0.7,5.63,5.63,5.63,5.63,0.72,81.68,90.48,90.56,
3/10/1986,340.5,340.5,340.5,340.5,-0.82,5.59,5.59,5.59,5.59,-0.18,75.93,94.62,63.14,
3/7/1986,343.3,343.3,343.3,343.3,-0.41,5.6,5.6,5.6,5.6,0.18,74.11,73.88,73.95,
3/6/1986,344.7,344.7,344.7,344.7,0.88,5.59,5.59,5.59,5.59,0.72,94.87,126.1,65.74,
3/5/1986,341.7,341.7,341.7,341.7,1.36,5.55,5.55,5.55,5.55,-0.36,74.72,49.66,96.65,
3/4/1986,337.1,337.1,337.1,337.1,0.45,5.57,5.57,5.57,5.57,1.09,25.42,50.68,0,
3/3/1986,335.6,335.6,335.6,335.6,-0.74,5.51,5.51,5.51,5.51,-1.78,125.18,134.4,112.1,
2/28/1986,338.1,338.1,338.1,338.1,0.36,5.61,5.61,5.61,5.61,-0.71,119.37,193.38,49.63,
2/27/1986,336.9,336.9,336.9,336.9,-2.63,5.65,5.65,5.65,5.65,-3.75,99.73,71.02,118.47,
2/26/1986,346,346,346,346,-1.87,5.87,5.87,5.87,5.87,-1.84,107.85,122.88,102.49,
2/25/1986,352.6,352.6,352.6,352.6,3.1,5.98,5.98,5.98,5.98,1.7,133.5,149.73,97.14,
2/24/1986,342,342,342,342,1.18,5.88,5.88,5.88,5.88,0,158.16,175.19,131.51,
2/21/1986,338,338,338,338,0.21,5.88,5.88,5.88,5.88,-0.17,131.88,170.15,116.11,
2/20/1986,337.3,337.3,337.3,337.3,-1.26,5.89,5.89,5.89,5.89,-1.01,124.85,99.57,152.26,
2/19/1986,341.6,341.6,341.6,341.6,1.21,5.95,5.95,5.95,5.95,0.68,78.87,139.78,43.72,
2/18/1986,337.5,337.5,337.5,337.5,1.87,5.91,5.91,5.91,5.91,0.34,101.22,201.81,15.3,
2/14/1986,331.3,331.3,331.3,331.3,-0.81,5.89,5.89,5.89,5.89,-0.17,38.7,46.29,25.74,
2/13/1986,334,334,334,334,-1.04,5.9,5.9,5.9,5.9,0.17,83.19,90.48,75.47,
2/12/1986,337.5,337.5,337.5,337.5,0.45,5.89,5.89,5.89,5.89,-0.17,116.52,116.16,124.58,
2/11/1986,336,336,336,336,-1.21,5.9,5.9,5.9,5.9,-0.17,88.81,106.24,73.85,
2/10/1986,340.1,340.1,340.1,340.1,0.8,5.91,5.91,5.91,5.91,0.51,84.22,74.63,93.37,
2/7/1986,337.4,337.4,337.4,337.4,0.09,5.88,5.88,5.88,5.88,-0.34,40.2,16.03,53.49,
2/6/1986,337.1,337.1,337.1,337.1,-0.06,5.9,5.9,5.9,5.9,0,109.9,62.6,143.6,
2/5/1986,337.3,337.3,337.3,337.3,-0.44,5.9,5.9,5.9,5.9,1.2,134.4,173.39,92.04,
2/4/1986,338.8,338.8,338.8,338.8,-2.45,5.83,5.83,5.83,5.83,-3.32,71.43,124.62,14.85,
2/3/1986,347.3,347.3,347.3,347.3,-0.91,6.03,6.03,6.03,6.03,-0.82,86.94,86.68,72.3,
1/31/1986,350.5,350.5,350.5,350.5,-2.15,6.08,6.08,6.08,6.08,-1.78,96.77,133.58,74.28,
1/30/1986,358.2,358.2,358.2,358.2,1.33,6.19,6.19,6.19,6.19,0.49,54.95,62.6,39.16,
1/29/1986,353.5,353.5,353.5,353.5,0.08,6.16,6.16,6.16,6.16,-0.48,145.36,152.53,152.67,
1/28/1986,353.2,353.2,353.2,353.2,-1.45,6.19,6.19,6.19,6.19,-0.16,142.86,89.01,207.89,
1/27/1986,358.4,358.4,358.4,358.4,1.24,6.2,6.2,6.2,6.2,0.16,140.11,179.59,133.15,
1/24/1986,354,354,354,354,1.06,6.19,6.19,6.19,6.19,0.65,87.17,110.61,79.08,
1/23/1986,350.3,350.3,350.3,350.3,-0.82,6.15,6.15,6.15,6.15,0,94.2,109.56,65.27,
1/22/1986,353.2,353.2,353.2,353.2,-0.98,6.15,6.15,6.15,6.15,0.49,116.23,66.21,151.88,
1/21/1986,356.7,356.7,356.7,356.7,1.62,6.12,6.12,6.12,6.12,-0.33,54.45,36.19,60.37,
1/20/1986,351,351,351,351,-0.45,6.14,6.14,6.14,6.14,0.33,163.36,162.86,150.93,
1/17/1986,352.6,352.6,352.6,352.6,-2.92,6.12,6.12,6.12,6.12,-0.65,155.28,132.68,184.45,
1/16/1986,363.2,363.2,363.2,363.2,4.67,6.16,6.16,6.16,6.16,1.15,195.32,124.62,298.84,
1/15/1986,347,347,347,347,1.76,6.09,6.09,6.09,6.09,1.16,129.27,128.87,134.37,
1/14/1986,341,341,341,341,0.47,6.02,6.02,6.02,6.02,-0.17,120.14,119.78,128.45,
1/13/1986,339.4,339.4,339.4,339.4,-0.29,6.03,6.03,6.03,6.03,-1.47,147.64,220.77,122.76,
1/10/1986,340.4,340.4,340.4,340.4,2.07,6.12,6.12,6.12,6.12,1.83,204.48,326.16,231.24,
1/9/1986,333.5,333.5,333.5,333.5,0.27,6.01,6.01,6.01,6.01,2.39,146.14,226.63,148.53,
1/8/1986,332.6,332.6,332.6,332.6,0.73,5.87,5.87,5.87,5.87,0.17,131.84,230.02,150.74,
1/7/1986,330.2,330.2,330.2,330.2,0.67,5.86,5.86,5.86,5.86,0.69,174.35,173.81,217.46,
1/6/1986,328,328,328,328,0.31,5.82,5.82,5.82,5.82,0.17,147.69,210.34,105.27,
1/3/1986,327,327,327,327,0.15,5.81,5.81,5.81,5.81,1.4,166.88,266.19,124.89,
1/2/1986,326.5,326.5,326.5,326.5,-0.97,5.73,5.73,5.73,5.73,-1.72,150.57,229.58,73.65,
12/31/1985,329.7,329.7,329.7,329.7,0.83,5.83,5.83,5.83,5.83,-0.51,220.17,339.22,116.5,
12/30/1985,327,327,327,327,0.06,5.86,5.86,5.86,5.86,-0.34,263.38,403.96,185.32,
12/27/1985,326.8,326.8,326.8,326.8,0.4,5.88,5.88,5.88,5.88,1.55,109.86,117.94,84.32,
12/26/1985,325.5,325.5,325.5,325.5,-0.64,5.79,5.79,5.79,5.79,-1.53,165.17,146.37,152.6,
12/24/1985,327.6,327.6,327.6,327.6,0,5.88,5.88,5.88,5.88,0,96.02,95.72,79.84,
12/23/1985,327.6,327.6,327.6,327.6,0.65,5.88,5.88,5.88,5.88,-0.17,87.87,105.12,102.29,
12/20/1985,325.5,325.5,325.5,325.5,-0.09,5.89,5.89,5.89,5.89,0.51,126.06,125.67,116.47,
12/19/1985,325.8,325.8,325.8,325.8,1.72,5.86,5.86,5.86,5.86,2.45,90.28,110.77,69.3,
12/18/1985,320.3,320.3,320.3,320.3,-0.25,5.72,5.72,5.72,5.72,-2.05,74.61,133.88,24.82,
12/17/1985,321.1,321.1,321.1,321.1,0.78,5.84,5.84,5.84,5.84,-0.17,73.61,65.23,68.01,
12/16/1985,318.6,318.6,318.6,318.6,0.19,5.85,5.85,5.85,5.85,-0.34,67.6,101.09,28.11,
12/13/1985,318,318,318,318,0.09,5.87,5.87,5.87,5.87,0.69,42.93,57.06,23.8,
12/12/1985,317.7,317.7,317.7,317.7,0.7,5.83,5.83,5.83,5.83,2.1,76.68,91.73,76.51,
12/11/1985,315.5,315.5,315.5,315.5,-0.54,5.71,5.71,5.71,5.71,-1.72,84.76,42.25,105.72,
12/10/1985,317.2,317.2,317.2,317.2,-0.13,5.81,5.81,5.81,5.81,-1.36,92.72,84.03,98.12,
12/9/1985,317.6,317.6,317.6,317.6,-1.46,5.89,5.89,5.89,5.89,-2.32,98.39,130.79,54.54,
12/6/1985,322.3,322.3,322.3,322.3,-0.22,6.03,6.03,6.03,6.03,-0.33,84.94,56.45,105.94,
12/5/1985,323,323,323,323,-0.37,6.05,6.05,6.05,6.05,-0.17,62.5,55.39,57.75,
12/4/1985,324.2,324.2,324.2,324.2,0.43,6.06,6.06,6.06,6.06,-0.33,90.76,90.48,88.04,
12/3/1985,322.8,322.8,322.8,322.8,0.34,6.08,6.08,6.08,6.08,0.66,15.52,15.47,12.9,
12/2/1985,321.7,321.7,321.7,321.7,-2.04,6.04,6.04,6.04,6.04,-2.11,77.04,68.27,71.18,
11/29/1985,328.4,328.4,328.4,328.4,0,6.17,6.17,6.17,6.17,0,93.21,85.78,119.24,
11/27/1985,328.4,328.4,328.4,328.4,-0.94,6.17,6.17,6.17,6.17,-1.28,89.73,119.27,49.74,
11/26/1985,331.5,331.5,331.5,331.5,0.33,6.25,6.25,6.25,6.25,-0.48,54.95,31.3,65.27,
11/25/1985,330.4,330.4,330.4,330.4,1.13,6.28,6.28,6.28,6.28,0.8,151.79,231.43,89.09,
11/22/1985,326.7,326.7,326.7,326.7,0.28,6.23,6.23,6.23,6.23,0.97,138.02,76.44,191.28,
11/21/1985,325.8,325.8,325.8,325.8,-0.03,6.17,6.17,6.17,6.17,0.16,73.32,66.45,66.51,
11/20/1985,325.9,325.9,325.9,325.9,0.4,6.16,6.16,6.16,6.16,0.65,103.25,120.09,71.55,
11/19/1985,324.6,324.6,324.6,324.6,0.28,6.12,6.12,6.12,6.12,0.49,97.19,96.89,94.29,
11/18/1985,323.7,323.7,323.7,323.7,-0.58,6.09,6.09,6.09,6.09,-0.65,132.86,35.32,191.49,
11/15/1985,325.6,325.6,325.6,325.6,0.03,6.13,6.13,6.13,6.13,-0.33,86.79,43.26,120.28,
11/14/1985,325.5,325.5,325.5,325.5,0.31,6.15,6.15,6.15,6.15,-0.81,97.02,82.9,92.2,
11/13/1985,324.5,324.5,324.5,324.5,0.37,6.2,6.2,6.2,6.2,1.97,79.91,28.97,108.73,
11/12/1985,323.3,323.3,323.3,323.3,0,6.08,6.08,6.08,6.08,0,88.57,123.62,73.65,
11/11/1985,323.3,323.3,323.3,323.3,0.34,6.08,6.08,6.08,6.08,1.33,59.76,85.11,28.4,
11/8/1985,322.2,322.2,322.2,322.2,-0.31,6,6,6,6,-0.99,70.03,83.78,58.23,
11/7/1985,323.2,323.2,323.2,323.2,-0.43,6.06,6.06,6.06,6.06,-0.49,92.02,42.34,117.71,
11/6/1985,324.6,324.6,324.6,324.6,-0.06,6.09,6.09,6.09,6.09,0,63.3,70.11,46.79,
11/5/1985,324.8,324.8,324.8,324.8,-0.25,6.09,6.09,6.09,6.09,0,107.39,82.35,109.91,
11/4/1985,325.6,325.6,325.6,325.6,0.59,6.09,6.09,6.09,6.09,-0.98,155.56,91.23,182.62,
11/1/1985,323.7,323.7,323.7,323.7,-0.49,6.15,6.15,6.15,6.15,0.99,100.15,61.44,115.3,
10/31/1985,325.3,325.3,325.3,325.3,-0.34,6.09,6.09,6.09,6.09,-0.98,109.45,87.29,109.21,
10/30/1985,326.4,326.4,326.4,326.4,-0.03,6.15,6.15,6.15,6.15,-0.49,35.24,14.05,46.89,
10/29/1985,326.5,326.5,326.5,326.5,0,6.18,6.18,6.18,6.18,-0.16,47.32,94.35,39.35,
10/28/1985,326.5,326.5,326.5,326.5,0.28,6.19,6.19,6.19,6.19,0.49,41.41,49.54,27.55,
10/25/1985,325.6,325.6,325.6,325.6,-0.25,6.16,6.16,6.16,6.16,-0.48,85.3,99.21,82.75,
10/24/1985,326.4,326.4,326.4,326.4,0.15,6.19,6.19,6.19,6.19,0.49,71.09,85.04,47.29,
10/23/1985,325.9,325.9,325.9,325.9,-0.64,6.16,6.16,6.16,6.16,-0.65,102.6,131.51,97.5,
10/22/1985,328,328,328,328,0.49,6.2,6.2,6.2,6.2,1.14,75.67,67.05,83.89,
10/21/1985,326.4,326.4,326.4,326.4,-0.03,6.13,6.13,6.13,6.13,-0.16,129.9,97.13,135.02,
10/18/1985,326.5,326.5,326.5,326.5,0.25,6.14,6.14,6.14,6.14,-0.16,118.31,188.71,39.35,
10/17/1985,325.7,325.7,325.7,325.7,0.56,6.15,6.15,6.15,6.15,0,122.39,162.68,67.84,
10/16/1985,323.9,323.9,323.9,323.9,-1.01,6.15,6.15,6.15,6.15,-1.6,106.61,106.28,113.98,
10/15/1985,327.2,327.2,327.2,327.2,0.43,6.25,6.25,6.25,6.25,0.48,190.47,280.7,110.18,
10/14/1985,325.8,325.8,325.8,325.8,0,6.22,6.22,6.22,6.22,0,138.44,236.59,32.89,
10/11/1985,325.8,325.8,325.8,325.8,0.03,6.22,6.22,6.22,6.22,-0.16,82.13,81.88,79.68,
10/10/1985,325.7,325.7,325.7,325.7,-0.34,6.23,6.23,6.23,6.23,-0.48,102.24,135.9,79.35,
10/9/1985,326.8,326.8,326.8,326.8,0.06,6.26,6.26,6.26,6.26,-0.63,162.45,253.49,82.22,
10/8/1985,326.6,326.6,326.6,326.6,0.18,6.3,6.3,6.3,6.3,0.16,134.72,189.61,92.26,
10/7/1985,326,326,326,326,-0.61,6.29,6.29,6.29,6.29,-0.47,88.44,96.19,80.23,
10/4/1985,328,328,328,328,0.89,6.32,6.32,6.32,6.32,-0.16,159.82,159.32,169.14,
10/3/1985,325.1,325.1,325.1,325.1,-0.03,6.33,6.33,6.33,6.33,4.46,100.99,107.39,78.38,
10/2/1985,325.2,325.2,325.2,325.2,0.84,6.06,6.06,6.06,6.06,0.5,184.03,176.13,171.39,
10/1/1985,322.5,322.5,322.5,322.5,-1.07,6.03,6.03,6.03,6.03,-0.17,154.24,87.87,183.23,
9/30/1985,326,326,326,326,-0.97,6.04,6.04,6.04,6.04,-0.98,104.06,86.45,115.37,
9/27/1985,329.2,329.2,329.2,329.2,0,6.1,6.1,6.1,6.1,0,144.02,114.87,155.69,
9/26/1985,329.2,329.2,329.2,329.2,0.21,6.1,6.1,6.1,6.1,-1.13,174.71,167.21,174.34,
9/25/1985,328.5,328.5,328.5,328.5,0.18,6.17,6.17,6.17,6.17,0.16,120.84,85.04,130.04,
9/24/1985,327.9,327.9,327.9,327.9,0.06,6.16,6.16,6.16,6.16,0.49,110.66,117.68,110.43,
9/23/1985,327.7,327.7,327.7,327.7,2.7,6.13,6.13,6.13,6.13,2.17,115.36,131.44,95.93,
9/20/1985,319.1,319.1,319.1,319.1,0.82,6,6,6,6,0.17,104.39,13.88,162.03,
9/19/1985,316.5,316.5,316.5,316.5,0,5.99,5.99,5.99,5.99,1.87,126.59,140.23,105.27,
9/18/1985,316.5,316.5,316.5,316.5,-0.41,5.88,5.88,5.88,5.88,-1.34,126.49,126.1,118.33,
9/17/1985,317.8,317.8,317.8,317.8,-0.53,5.96,5.96,5.96,5.96,-1.49,124.86,161.09,109.94,
9/16/1985,319.5,319.5,319.5,319.5,-0.56,6.05,6.05,6.05,6.05,0,95.33,79.19,92.48,
9/13/1985,321.3,321.3,321.3,321.3,0.56,6.05,6.05,6.05,6.05,0.33,103.3,82.39,114.53,
9/12/1985,319.5,319.5,319.5,319.5,-0.47,6.03,6.03,6.03,6.03,-0.33,73.61,73.39,73.45,
9/11/1985,321,321,321,321,-0.19,6.05,6.05,6.05,6.05,0.33,151.95,90.89,176.89,
9/10/1985,321.6,321.6,321.6,321.6,0.63,6.03,6.03,6.03,6.03,-1.15,120.02,63.81,146.37,
9/9/1985,319.6,319.6,319.6,319.6,0.63,6.1,6.1,6.1,6.1,0.16,84.94,94.08,78.48,
9/6/1985,317.6,317.6,317.6,317.6,-2.58,6.09,6.09,6.09,6.09,0.83,89.34,54.81,102.87,
9/5/1985,326,326,326,326,0,6.04,6.04,6.04,6.04,0,59.82,74.55,37.31,
9/4/1985,326,326,326,326,-0.67,6.04,6.04,6.04,6.04,-1.79,66.42,99.32,27.61,
9/3/1985,328.2,328.2,328.2,328.2,-1.5,6.15,6.15,6.15,6.15,-1.76,84.94,150.54,15.7,
8/30/1985,333.2,333.2,333.2,333.2,-1.19,6.26,6.26,6.26,6.26,-0.48,65.11,32.46,81.21,
8/29/1985,337.2,337.2,337.2,337.2,-1.09,6.29,6.29,6.29,6.29,-0.94,131.63,102.06,133.77,
8/28/1985,340.9,340.9,340.9,340.9,1.46,6.35,6.35,6.35,6.35,0.63,77.76,77.52,77.59,
8/27/1985,336,336,336,336,-0.47,6.31,6.31,6.31,6.31,0.16,112.29,111.94,93.37,
8/26/1985,337.6,337.6,337.6,337.6,0.84,6.3,6.3,6.3,6.3,1.61,70.29,70.08,58.45,
8/23/1985,334.8,334.8,334.8,334.8,-0.21,6.2,6.2,6.2,6.2,-1.43,72.01,95.72,39.92,
8/22/1985,335.5,335.5,335.5,335.5,-0.12,6.29,6.29,6.29,6.29,0,108.1,76.98,115.57,
8/21/1985,335.9,335.9,335.9,335.9,0.45,6.29,6.29,6.29,6.29,0.32,167.72,234.09,125.52,
8/20/1985,334.4,334.4,334.4,334.4,-1.96,6.27,6.27,6.27,6.27,-1.1,83.44,116.46,55.51,
8/19/1985,341.1,341.1,341.1,341.1,1.73,6.34,6.34,6.34,6.34,-0.78,104.41,94.62,110.5,
8/16/1985,335.3,335.3,335.3,335.3,1.21,6.39,6.39,6.39,6.39,1.27,59.29,59.1,49.3,
8/15/1985,331.3,331.3,331.3,331.3,1.63,6.31,6.31,6.31,6.31,0.64,53.31,45.55,50.66,
8/14/1985,326,326,326,326,-0.21,6.27,6.27,6.27,6.27,0.16,101.09,108.53,77.59,
8/13/1985,326.7,326.7,326.7,326.7,-0.06,6.26,6.26,6.26,6.26,-0.32,76.64,101.87,56.65,
8/12/1985,326.9,326.9,326.9,326.9,1.65,6.28,6.28,6.28,6.28,2.61,120.63,129.5,108.02,
8/9/1985,321.6,321.6,321.6,321.6,-0.34,6.12,6.12,6.12,6.12,-0.49,95.79,111.41,79.65,
8/8/1985,322.7,322.7,322.7,322.7,0.5,6.15,6.15,6.15,6.15,0.16,42.04,50.29,41.95,
8/7/1985,321.1,321.1,321.1,321.1,0.34,6.14,6.14,6.14,6.14,0.49,95.39,69.16,100.95,
8/6/1985,320,320,320,320,-1.14,6.11,6.11,6.11,6.11,-0.97,116.64,93.02,135.79,
8/5/1985,323.7,323.7,323.7,323.7,1,6.17,6.17,6.17,6.17,-0.16,62.5,62.31,51.97,
8/2/1985,320.5,320.5,320.5,320.5,-0.5,6.18,6.18,6.18,6.18,-0.16,75.1,66.55,97.14,
8/1/1985,322.1,322.1,322.1,322.1,-1.65,6.19,6.19,6.19,6.19,-1.28,140.76,149.68,124.85,
7/31/1985,327.5,327.5,327.5,327.5,0.71,6.27,6.27,6.27,6.27,0,106.54,96.56,96.65,
7/30/1985,325.2,325.2,325.2,325.2,-0.4,6.27,6.27,6.27,6.27,-1.42,124.1,114.2,111.13,
7/29/1985,326.5,326.5,326.5,326.5,3.03,6.36,6.36,6.36,6.36,3.92,120.96,129.87,123.8,
7/26/1985,316.9,316.9,316.9,316.9,-0.16,6.12,6.12,6.12,6.12,0.49,82.4,82.15,82.22,
7/25/1985,317.4,317.4,317.4,317.4,-0.09,6.09,6.09,6.09,6.09,0.5,81.19,80.94,94.52,
7/24/1985,317.7,317.7,317.7,317.7,-1.49,6.06,6.06,6.06,6.06,-1.14,145.21,199.05,120.75,
7/23/1985,322.5,322.5,322.5,322.5,1.67,6.13,6.13,6.13,6.13,0.82,167.2,145.85,191.16,
7/22/1985,317.2,317.2,317.2,317.2,-0.53,6.08,6.08,6.08,6.08,-0.82,133.74,225.63,51.33,
7/19/1985,318.9,318.9,318.9,318.9,-0.34,6.13,6.13,6.13,6.13,-0.16,104.27,127.94,80.03,
7/18/1985,320,320,320,320,-1.72,6.14,6.14,6.14,6.14,-1.92,122.97,137.92,115.04,
7/17/1985,325.6,325.6,325.6,325.6,1.21,6.26,6.26,6.26,6.26,1.29,90.34,30.02,125.2,
7/16/1985,321.7,321.7,321.7,321.7,1.87,6.18,6.18,6.18,6.18,1.81,108.47,116.46,97.14,
7/15/1985,315.8,315.8,315.8,315.8,1.02,6.07,6.07,6.07,6.07,0.17,136.8,116.9,130.01,
7/12/1985,312.6,312.6,312.6,312.6,-0.29,6.06,6.06,6.06,6.06,0.17,174.69,258,107.6,
7/11/1985,313.5,313.5,313.5,313.5,-0.41,6.05,6.05,6.05,6.05,0,150.91,195.58,112.94,
7/10/1985,314.8,314.8,314.8,314.8,0,6.05,6.05,6.05,6.05,0.17,197.09,226.71,163.88,
7/9/1985,314.8,314.8,314.8,314.8,1.81,6.04,6.04,6.04,6.04,0.5,153.03,161.53,149.7,
7/8/1985,309.2,309.2,309.2,309.2,-0.35,6.01,6.01,6.01,6.01,1.69,112.29,93.29,124.5,
7/3/1985,310.3,310.3,310.3,310.3,0.68,5.91,5.91,5.91,5.91,0,142.72,194.7,87.44,
7/2/1985,308.2,308.2,308.2,308.2,-1.82,5.91,5.91,5.91,5.91,-2.15,222.37,275.2,242.29,
7/1/1985,313.9,313.9,313.9,313.9,-1.2,6.04,6.04,6.04,6.04,-1.63,255.47,322.6,254.92,
6/28/1985,317.7,317.7,317.7,317.7,0.86,6.14,6.14,6.14,6.14,0,198.24,216.76,223.34,
6/27/1985,315,315,315,315,-0.54,6.14,6.14,6.14,6.14,-0.49,204.3,232.77,194.15,
6/26/1985,316.7,316.7,316.7,316.7,0.38,6.17,6.17,6.17,6.17,0.33,170.89,183.47,185.82,
6/25/1985,315.5,315.5,315.5,315.5,0.29,6.15,6.15,6.15,6.15,0,205.66,307.54,146.58,
6/24/1985,314.6,314.6,314.6,314.6,0.38,6.15,6.15,6.15,6.15,0,230.51,323.43,170.38,
6/21/1985,313.4,313.4,313.4,313.4,-1.48,6.15,6.15,6.15,6.15,-0.81,213.71,288.25,125.44,
6/20/1985,318.1,318.1,318.1,318.1,-2.24,6.2,6.2,6.2,6.2,-2.52,246.39,300.22,204.88,
6/19/1985,325.4,325.4,325.4,325.4,0.53,6.36,6.36,6.36,6.36,-0.47,165.63,201.01,203.59,
6/18/1985,323.7,323.7,323.7,323.7,1.51,6.39,6.39,6.39,6.39,1.75,258.32,287.82,265.34,
6/17/1985,318.9,318.9,318.9,318.9,0.22,6.28,6.28,6.28,6.28,0.8,133.57,230.81,59.24,
6/14/1985,318.2,318.2,318.2,318.2,1.43,6.23,6.23,6.23,6.23,1.47,112.63,105.68,110.18,
6/13/1985,313.7,313.7,313.7,313.7,-0.25,6.14,6.14,6.14,6.14,-0.65,128.89,128.5,107.18,
6/12/1985,314.5,314.5,314.5,314.5,-0.16,6.18,6.18,6.18,6.18,0.32,120.84,127.56,106.4,
6/11/1985,315,315,315,315,0.96,6.16,6.16,6.16,6.16,1.15,106.12,90.68,100.85,
6/10/1985,312,312,312,312,-0.73,6.09,6.09,6.09,6.09,-0.81,148.19,156.43,144.97,
6/7/1985,314.3,314.3,314.3,314.3,-0.16,6.14,6.14,6.14,6.14,0.16,114.46,80.55,134.37,
6/6/1985,314.8,314.8,314.8,314.8,0.19,6.13,6.13,6.13,6.13,0.49,99.95,99.64,94.98,
6/5/1985,314.2,314.2,314.2,314.2,-0.48,6.1,6.1,6.1,6.1,0,103.98,103.66,86.46,
6/4/1985,315.7,315.7,315.7,315.7,-0.75,6.1,6.1,6.1,6.1,0.49,77.94,93.24,51.85,
6/3/1985,318.1,318.1,318.1,318.1,1.31,6.07,6.07,6.07,6.07,-2.25,120.02,111.67,106.45,
5/31/1985,314,314,314,314,-0.19,6.21,6.21,6.21,6.21,0.98,107.06,75.34,136.15,
5/30/1985,314.6,314.6,314.6,314.6,0.83,6.15,6.15,6.15,6.15,-0.81,86.3,79.42,88.32,
5/29/1985,312,312,312,312,0.22,6.2,6.2,6.2,6.2,2.99,54.87,68.37,57.03,
5/28/1985,311.3,311.3,311.3,311.3,-1.08,6.02,6.02,6.02,6.02,-1.47,121.72,173.35,57.84,
5/24/1985,314.7,314.7,314.7,314.7,-0.22,6.11,6.11,6.11,6.11,-0.16,92.94,66.18,110.4,
5/23/1985,315.4,315.4,315.4,315.4,-0.28,6.12,6.12,6.12,6.12,-0.97,115.87,81.54,147.36,
5/22/1985,316.3,316.3,316.3,316.3,0.44,6.18,6.18,6.18,6.18,0.16,139.31,154.32,128.72,
5/21/1985,314.9,314.9,314.9,314.9,-2.6,6.17,6.17,6.17,6.17,-3.44,110.16,141.19,78.51,
5/20/1985,323.3,323.3,323.3,323.3,0.25,6.39,6.39,6.39,6.39,-1.84,108.75,116.75,97.38,
5/17/1985,322.5,322.5,322.5,322.5,0.75,6.51,6.51,6.51,6.51,0,142.41,135.8,164.76,
5/16/1985,320.1,320.1,320.1,320.1,-0.81,6.51,6.51,6.51,6.51,-0.46,96.11,51.1,127.87,
5/15/1985,322.7,322.7,322.7,322.7,-1.16,6.54,6.54,6.54,6.54,-1.65,88.43,108.5,67.87,
5/14/1985,326.5,326.5,326.5,326.5,1.71,6.65,6.65,6.65,6.65,1.99,108.1,76.98,141.26,
5/13/1985,321,321,321,321,2.07,6.52,6.52,6.52,6.52,3.16,97.69,106.24,73.85,
5/10/1985,314.5,314.5,314.5,314.5,-0.19,6.32,6.32,6.32,6.32,-0.63,87.5,62.31,93.55,
5/9/1985,315.1,315.1,315.1,315.1,0.74,6.36,6.36,6.36,6.36,1.27,106.86,106.53,99.96,
5/8/1985,312.8,312.8,312.8,312.8,-0.22,6.28,6.28,6.28,6.28,0.16,98.46,112.18,116.96,
5/7/1985,313.5,313.5,313.5,313.5,1.16,6.27,6.27,6.27,6.27,2.12,130.76,115.87,144.97,
5/6/1985,309.9,309.9,309.9,309.9,-0.9,6.14,6.14,6.14,6.14,-1.13,110.7,50.94,155.78,
5/3/1985,312.7,312.7,312.7,312.7,-0.16,6.21,6.21,6.21,6.21,0.49,106.86,82.86,118.47,
5/2/1985,313.2,313.2,313.2,313.2,0.22,6.18,6.18,6.18,6.18,0.32,164.91,85.78,214.64,
5/1/1985,312.5,312.5,312.5,312.5,-2.74,6.16,6.16,6.16,6.16,-1.75,88.73,58.97,122.97,
4/30/1985,321.3,321.3,321.3,321.3,-0.37,6.27,6.27,6.27,6.27,-0.32,101.56,62.31,116.94,
4/29/1985,322.5,322.5,322.5,322.5,-0.31,6.29,6.29,6.29,6.29,0.96,74.16,0,123.34,
4/26/1985,323.5,323.5,323.5,323.5,0.31,6.23,6.23,6.23,6.23,0.48,53.62,59.4,49.54,
4/25/1985,322.5,322.5,322.5,322.5,0.16,6.2,6.2,6.2,6.2,0.65,136.23,57.18,178.86,
4/24/1985,322,322,322,322,-1.41,6.16,6.16,6.16,6.16,-2.38,96.34,73.88,110.92,
4/23/1985,326.6,326.6,326.6,326.6,-0.34,6.31,6.31,6.31,6.31,-1.71,135.04,95.03,145.32,
4/22/1985,327.7,327.7,327.7,327.7,0.21,6.42,6.42,6.42,6.42,-0.31,50.96,84.68,28.25,
4/19/1985,327,327,327,327,-0.82,6.44,6.44,6.44,6.44,-0.62,37.08,36.97,30.83,
4/18/1985,329.7,329.7,329.7,329.7,0.73,6.48,6.48,6.48,6.48,-0.15,77.53,98.37,58.61,
4/17/1985,327.3,327.3,327.3,327.3,-0.97,6.49,6.49,6.49,6.49,-0.46,91.43,112.18,70.18,
4/16/1985,330.5,330.5,330.5,330.5,-1.11,6.52,6.52,6.52,6.52,-1.95,135.51,120.09,150.25,
4/15/1985,334.2,334.2,334.2,334.2,1.3,6.65,6.65,6.65,6.65,-0.45,45.75,36.49,45.65,
4/12/1985,329.9,329.9,329.9,329.9,-0.69,6.68,6.68,6.68,6.68,-0.6,81.25,37.39,103.94,
4/11/1985,332.2,332.2,332.2,332.2,1.53,6.72,6.72,6.72,6.72,0.3,115.98,101.17,120.55,
4/10/1985,327.2,327.2,327.2,327.2,1.27,6.7,6.7,6.7,6.7,0.45,92.44,107.52,76.87,
4/9/1985,323.1,323.1,323.1,323.1,1.76,6.67,6.67,6.67,6.67,1.52,96.72,96.42,80.42,
4/8/1985,317.5,317.5,317.5,317.5,0.25,6.57,6.57,6.57,6.57,2.18,149.37,70.08,204.58,
4/4/1985,316.7,316.7,316.7,316.7,-1.4,6.43,6.43,6.43,6.43,-1.08,155.72,127.01,188.34,
4/3/1985,321.2,321.2,321.2,321.2,0.78,6.5,6.5,6.5,6.5,1.25,88.79,68.09,124.95,
4/2/1985,318.7,318.7,318.7,318.7,-0.75,6.42,6.42,6.42,6.42,-1.53,79.06,94.58,92.04,
4/1/1985,321.1,321.1,321.1,321.1,-2.46,6.52,6.52,6.52,6.52,-2.25,90.26,89.98,90.07,
3/29/1985,329.2,329.2,329.2,329.2,0.92,6.67,6.67,6.67,6.67,1.37,87,26.69,122.42,
3/28/1985,326.2,326.2,326.2,326.2,-1.27,6.58,6.58,6.58,6.58,-2.37,145.02,136.96,165.02,
3/27/1985,330.4,330.4,330.4,330.4,2.07,6.74,6.74,6.74,6.74,4.01,135.94,71.33,166.58,
3/26/1985,323.7,323.7,323.7,323.7,2.89,6.48,6.48,6.48,6.48,2.86,95.39,103.74,72.11,
3/25/1985,314.6,314.6,314.6,314.6,-0.29,6.3,6.3,6.3,6.3,-0.32,75.63,120.63,37.73,
3/22/1985,315.5,315.5,315.5,315.5,-0.94,6.32,6.32,6.32,6.32,-0.47,102.78,110.34,78.89,
3/21/1985,318.5,318.5,318.5,318.5,-1.7,6.35,6.35,6.35,6.35,-0.16,118.59,110.34,157.78,
3/20/1985,324,324,324,324,2.31,6.36,6.36,6.36,6.36,2.42,136.23,128.66,143.09,
3/19/1985,316.7,316.7,316.7,316.7,5.99,6.21,6.21,6.21,6.21,5.79,139.11,138.68,144.59,
3/18/1985,298.8,298.8,298.8,298.8,2.08,5.87,5.87,5.87,5.87,3.35,124.33,123.95,132.93,
3/15/1985,292.7,292.7,292.7,292.7,0.69,5.68,5.68,5.68,5.68,0,138.34,76.62,191.73,
3/14/1985,290.7,290.7,290.7,290.7,0.17,5.68,5.68,5.68,5.68,-0.53,177.46,221.14,122.97,
3/13/1985,290.2,290.2,290.2,290.2,0.62,5.71,5.71,5.71,5.71,2.51,183.18,228.27,177.71,
3/12/1985,288.4,288.4,288.4,288.4,-0.89,5.57,5.57,5.57,5.57,-1.59,232.91,344,143.46,
3/11/1985,291,291,291,291,0,5.66,5.66,5.66,5.66,-0.88,129.74,155.2,115.07,
3/8/1985,291,291,291,291,0.48,5.71,5.71,5.71,5.71,0.35,91.8,106.77,63.61,
3/7/1985,289.6,289.6,289.6,289.6,0.77,5.69,5.69,5.69,5.69,-0.52,132.5,108.78,129.62,
3/6/1985,287.4,287.4,287.4,287.4,-0.17,5.72,5.72,5.72,5.72,0.7,179.06,178.51,148.89,
3/5/1985,287.9,287.9,287.9,287.9,-0.24,5.68,5.68,5.68,5.68,0.53,137.31,102.66,171.26,
3/4/1985,288.6,288.6,288.6,288.6,0.49,5.65,5.65,5.65,5.65,-0.7,82.61,115.29,68.69,
3/1/1985,287.2,287.2,287.2,287.2,-0.17,5.69,5.69,5.69,5.69,0.71,146.57,131.51,134.07,
2/28/1985,287.7,287.7,287.7,287.7,-1.07,5.65,5.65,5.65,5.65,-1.74,144.72,144.28,133.71,
2/27/1985,290.8,290.8,290.8,290.8,1.79,5.75,5.75,5.75,5.75,1.95,120.73,75.22,150.59,
2/26/1985,285.7,285.7,285.7,285.7,0.53,5.64,5.64,5.64,5.64,0.53,125.18,115.2,112.1,
2/25/1985,284.2,284.2,284.2,284.2,-4.76,5.61,5.61,5.61,5.61,-7.12,100.13,99.82,97.14,
2/22/1985,298.4,298.4,298.4,298.4,-0.47,6.04,6.04,6.04,6.04,-0.82,157.74,104.84,174.89,
2/21/1985,299.8,299.8,299.8,299.8,-1.02,6.09,6.09,6.09,6.09,-1.93,85.6,102.4,56.94,
2/20/1985,302.9,302.9,302.9,302.9,0.1,6.21,6.21,6.21,6.21,0.32,64.59,36.8,92.07,
2/19/1985,302.6,302.6,302.6,302.6,-0.46,6.19,6.19,6.19,6.19,-1.28,100.11,72.58,136.21,
2/15/1985,304,304,304,304,-0.03,6.27,6.27,6.27,6.27,-0.95,83.96,60.87,88.85,
2/14/1985,304.1,304.1,304.1,304.1,0.3,6.33,6.33,6.33,6.33,1.12,80.21,63.97,80.03,
2/13/1985,303.2,303.2,303.2,303.2,0.23,6.26,6.26,6.26,6.26,0.64,109.64,140.53,78.14,
2/12/1985,302.5,302.5,302.5,302.5,0.8,6.22,6.22,6.22,6.22,2.13,153.86,126.32,150.52,
2/11/1985,300.1,300.1,300.1,300.1,0.1,6.09,6.09,6.09,6.09,0.16,139.18,111,154.31,
2/8/1985,299.8,299.8,299.8,299.8,-0.6,6.08,6.08,6.08,6.08,-0.98,147.88,103.2,172.16,
2/7/1985,301.6,301.6,301.6,301.6,-0.4,6.14,6.14,6.14,6.14,-1.13,130.96,76.8,153.74,
2/6/1985,302.8,302.8,302.8,302.8,0.26,6.21,6.21,6.21,6.21,0.65,124.22,49.54,165.27,
2/5/1985,302,302,302,302,0.27,6.17,6.17,6.17,6.17,0.16,174.89,123.07,239.52,
2/4/1985,301.2,301.2,301.2,301.2,-0.79,6.16,6.16,6.16,6.16,-1.12,80.36,89.01,89.09,
2/1/1985,303.6,303.6,303.6,303.6,-0.98,6.23,6.23,6.23,6.23,-2.2,106.61,106.28,88.65,
1/31/1985,306.6,306.6,306.6,306.6,1.22,6.37,6.37,6.37,6.37,2.58,111.48,111.14,119.19,
1/30/1985,302.9,302.9,302.9,302.9,-0.1,6.21,6.21,6.21,6.21,-0.32,16.16,0,26.87,
1/29/1985,303.2,303.2,303.2,303.2,1.85,6.23,6.23,6.23,6.23,2.47,76.81,114.87,47.9,
1/28/1985,297.7,297.7,297.7,297.7,-0.37,6.08,6.08,6.08,6.08,1.84,101.5,36.8,138.11,
1/25/1985,298.8,298.8,298.8,298.8,-0.66,5.97,5.97,5.97,5.97,-1.49,70.18,13.99,105.04,
1/24/1985,300.8,300.8,300.8,300.8,0.2,6.06,6.06,6.06,6.06,1.51,83.65,50.04,97.38,
1/23/1985,300.2,300.2,300.2,300.2,-2.18,5.97,5.97,5.97,5.97,-3.4,124.85,82.97,138.42,
1/22/1985,306.9,306.9,306.9,306.9,-0.1,6.18,6.18,6.18,6.18,-1.59,51.76,61.92,34.43,
1/21/1985,307.2,307.2,307.2,307.2,-0.26,6.28,6.28,6.28,6.28,0.32,138.41,183.98,76.73,
1/18/1985,308,308,308,308,0.82,6.26,6.26,6.26,6.26,1.29,111.21,63.35,132.11,
1/17/1985,305.5,305.5,305.5,305.5,0.93,6.18,6.18,6.18,6.18,1.48,54.69,62.31,38.98,
1/16/1985,302.7,302.7,302.7,302.7,0.3,6.09,6.09,6.09,6.09,0.66,106.33,114.16,95.22,
1/15/1985,301.8,301.8,301.8,301.8,0.94,6.05,6.05,6.05,6.05,1.85,97.17,105.68,102.83,
1/14/1985,299,299,299,299,-1.71,5.94,5.94,5.94,5.94,-2.78,211.64,183.47,229.54,
1/11/1985,304.2,304.2,304.2,304.2,0.13,6.11,6.11,6.11,6.11,-0.49,94.85,130.93,72.81,
1/10/1985,303.8,303.8,303.8,303.8,1.1,6.14,6.14,6.14,6.14,2.16,140.63,77.89,181.9,
1/9/1985,300.5,300.5,300.5,300.5,-0.5,6.01,6.01,6.01,6.01,0,121.4,103.74,129.79,
1/8/1985,302,302,302,302,1.27,6.01,6.01,6.01,6.01,3.62,87.4,34.85,130.82,
1/7/1985,298.2,298.2,298.2,298.2,-1.62,5.8,5.8,5.8,5.8,-3.81,105.31,57.27,143.3,
1/4/1985,303.1,303.1,303.1,303.1,0.26,6.03,6.03,6.03,6.03,-0.99,157.37,156.88,157.03,
1/3/1985,302.3,302.3,302.3,302.3,-1.05,6.09,6.09,6.09,6.09,-0.98,97.43,158.94,29.46,
1/2/1985,305.5,305.5,305.5,305.5,-0.91,6.15,6.15,6.15,6.15,-3.3,115.68,146.77,87.44,
